t_s,cell,V_cell,I,I_fraction,Un,eta_n,Eneg,xn_surface
0.0,1,3.3610754287678097,13.086268090231098,0.5010414341739405,0.09806028698616664,-0.049297631745255366,0.04876265524091128,0.557779913570755
0.0,2,3.3610754287678097,13.031867452452836,0.4989585658279417,0.09922994954541808,-0.049101401451131794,0.05012854809428629,0.5534607781356271
0.00530733559668398,1,3.3610789638333114,13.0863146529057,0.5010432169457056,0.09805889598475526,-0.049298416580362374,0.04876047940439288,0.5577856125331303
0.00530733559668398,2,3.3610789638333114,13.031820918433056,0.49895678415330014,0.09922819496288993,-0.04910190806164921,0.05012628690124071,0.5534667046074607
0.01061467119336796,1,3.3610824921488818,13.086361188407759,0.5010449986771,0.09805750584381423,-0.04929919935682064,0.04875830648699359,0.5577913096936341
0.01061467119336796,2,3.3610824921488818,13.031774382823214,0.498955002417779,0.09922644133987024,-0.0491024126931584,0.050124028646711845,0.5534726291432097
0.06368802716020776,1,3.3611174757557243,13.086825802078602,0.5010627876065619,0.09804365131048343,-0.04930694034590246,0.048736710964580966,0.5578481837457436
0.06368802716020776,2,3.3611174757557243,13.031309740556406,0.49893721239344707,0.09920895732326063,-0.04910737661116936,0.05010158071209127,0.5535317697087965
0.11676138312704756,1,3.3611519714194964,13.087289039566748,0.5010805238453293,0.09802988249891342,-0.0493145437089676,0.04871533878994582,0.5579048774605173
0.11676138312704756,2,3.3611519714194964,13.030846503067895,0.49891947615466564,0.09919156897636405,-0.0491122111363321,0.05007935784003195,0.553590716616772
0.16983473909388735,1,3.3611860784717518,13.087750824276526,0.5010982044607402,0.09801619917225368,-0.04932204399499571,0.048694155177257975,0.5579613904458907
0.16983473909388735,2,3.3611860784717518,13.030384718358219,0.4989017955392587,0.09917427612669227,-0.0491169509741322,0.050057325152560075,0.553649469528764
0.3212572690712014,1,3.3612816648795985,13.08906022373466,0.5011483381870162,0.09797762384094577,-0.0493430146362136,0.04863460920473217,0.5581216440435217
0.3212572690712014,2,3.3612816648795985,13.029075318903582,0.4988516618131165,0.09912545718333199,-0.04913009190685125,0.04999536527648074,0.5538160420493387
0.4726797990485154,1,3.361375304043236,13.090357418901982,0.5011980046406268,0.09793972606617629,-0.04936355200644288,0.04857617405973341,0.558280459656169
0.4726797990485154,2,3.361375304043236,13.027778123735986,0.49880199535949554,0.0990773963331395,-0.04914286781779482,0.04993452851534468,0.5539810721550922
0.6241023290258294,1,3.361467229381096,13.091642527771482,0.501247208339237,0.09790249133724416,-0.04938372474025356,0.0485187665969906,0.5584378667627304
0.6241023290258294,2,3.361467229381096,13.026493014866428,0.4987527916608831,0.09903007805553399,-0.049155346403706286,0.0498747316518277,0.5541445918900993
0.7755248590031434,1,3.3615575255171835,13.092915724642577,0.5012959559563482,0.09786590529839057,-0.04940355383337186,0.048462351465018705,0.5585938951269875
0.7755248590031434,2,3.3615575255171835,13.025219817995419,0.49870404404377505,0.09898348693309922,-0.0491675476700784,0.04981593926302082,0.5543066335274196
1.1421269771297804,1,3.3617701210118,13.095950196850117,0.5014121385300464,0.09777991985682544,-0.049450356791629305,0.04832956306519613,0.5589661608962859
1.1421269771297804,2,3.3617701210118,13.022185345876963,0.4985878614734877,0.09887359356364422,-0.049196149617589745,0.04967744394605448,0.5546930649533569
1.5087290952564174,1,3.36197472073632,13.098917518026033,0.5015257500537738,0.09769747331895884,-0.04949558799917908,0.04820188531977976,0.5593308813490818
1.5087290952564174,2,3.36197472073632,13.019218024688758,0.49847424994928985,0.0987676800111763,-0.04922355264045304,0.049544127370723265,0.5550714143864524
1.8753312133830544,1,3.362171945070587,13.101819566665604,0.5016368624505539,0.09761839564228225,-0.04953940319891779,0.048078992443364464,0.5596883959194806
1.8753312133830544,2,3.362171945070587,13.016315976038374,0.4983631375520957,0.0986655642815526,-0.04924990217800355,0.04941566210354905,0.5554420498396528
2.5872747026985885,1,3.3625354513753556,13.107275827759535,0.5018457694410634,0.09747386371692146,-0.049620791102141786,0.047853072614779675,0.5603632700923779
2.5872747026985885,2,3.3625354513753556,13.010859715686651,0.4981542305900036,0.09847747578666688,-0.049298370691287736,0.04917910509537914,0.5561410500811151
3.2992181920141226,1,3.3628755455137918,13.112507619356407,0.5020460820395003,0.09734035724787171,-0.04969779873453332,0.047642558513338394,0.5610143960939565
3.2992181920141226,2,3.3628755455137918,13.005627923907939,0.4979539179846044,0.09830189808315204,-0.04934371075458961,0.04895818732856243,0.5568146681924212
4.011161681329657,1,3.3631943570538394,13.117529186166465,0.5022383456412364,0.09721690886447698,-0.04977083870765207,0.047446070156824914,0.5616438079476022
4.011161681329657,2,3.3631943570538394,13.00060635696094,0.49776165437762526,0.09813777788193301,-0.04938625978160272,0.048751518100330286,0.5574651017842862
4.723105170645192,1,3.363493656757423,13.12235347326312,0.5024230558817043,0.09710266781610244,-0.049840235805556146,0.04726243201054629,0.562253294123366
4.723105170645192,2,3.363493656757423,12.99578206975883,0.49757694413311965,0.09798418679278198,-0.04942627445059637,0.04855791234218561,0.5580942809248108
6.040063610288186,1,3.3640009343858877,13.130794504434538,0.5027462424720197,0.09691315560260305,-0.049959924128330925,0.04695323147427213,0.5633332717110836
6.040063610288186,2,3.3640009343858877,12.987341041464203,0.49725375765294966,0.0977251464543305,-0.04949433806801524,0.048230808386315265,0.5592075789733019
7.357022049931181,1,3.364455173373121,13.13866556792254,0.5030476063835115,0.09674856578036684,-0.05006968454230702,0.04667888123805981,0.5643589796574968
7.357022049931181,2,3.364455173373121,12.979469976852982,0.4969523936984525,0.09749491457074733,-0.049555709913442055,0.04793920465730527,0.5602631354863226
8.673980489574175,1,3.364863307440431,13.146023427725375,0.5033293209718604,0.09660557799856773,-0.05017081080761174,0.04643476719095599,0.5653375806452603
8.673980489574175,2,3.364863307440431,12.972112116331246,0.4966706790825786,0.0972898228185719,-0.04961138020770458,0.04767844261086732,0.5612686519361363
9.990938929217169,1,3.3652309771450875,13.152915308620276,0.5035931943591339,0.09648147523766504,-0.05026434889283952,0.04621712634482552,0.5662749188424423
9.990938929217169,2,3.3652309771450875,12.965220234967274,0.49640680567734563,0.09710686365395471,-0.049662141641272396,0.047444722012682315,0.5622304036794398
12.360387595187065,1,3.3658046985900594,13.164258880913195,0.5040275122021668,0.09629884818620837,-0.05041609276235167,0.045882755423856704,0.5678718129907214
12.360387595187065,2,3.3658046985900594,12.953876667534836,0.49597248802040866,0.09682579919431045,-0.04974304036892306,0.047082758825387386,0.5638659642568605
14.729836261156962,1,3.366284210153762,13.174410424675777,0.5044161901667945,0.09615979440591382,-0.05055010830563403,0.045609686100279795,0.5693730362689845
14.729836261156962,2,3.366284210153762,12.943725120869464,0.4955838099446402,0.09659685548918251,-0.04981317347516556,0.04678368201401695,0.5654004892435575
17.09928492712686,1,3.366686080101279,13.183515053833586,0.5047647843129175,0.0960564743379464,-0.05066947029961011,0.04538700403833629,0.5707956007994314
17.09928492712686,2,3.366686080101279,12.934620490269522,0.4952352157433014,0.09641128287516287,-0.04987482465506878,0.04653645822009409,0.5668521975985588
19.468733593096758,1,3.367022756692384,13.19168000029242,0.5050774002898698,0.09598286719192517,-0.0507764095326982,0.04520645765922697,0.5721520000798813
19.468733593096758,2,3.367022756692384,12.926455543080278,0.4949225997383835,0.0962623859545706,-0.049929639041977995,0.0463327469125926,0.5682344659193143
22.81065111284749,1,3.367405551469698,13.201761077870211,0.5054633802753605,0.09592047575386464,-0.05090944583374224,0.0450110299201224,0.5739712349196495
22.81065111284749,2,3.367405551469698,12.916374466028113,0.4945366197730177,0.096104610615932,-0.049997760839290424,0.04610684977664158,0.5700859466204378
26.152568632598225,1,3.367699197900978,13.210320494293812,0.5057910995495648,0.09589723078681878,-0.05102477655186924,0.04487245423494954,0.5756982276293459
26.152568632598225,2,3.367699197900978,12.907815048787052,0.49420890046751487,0.0959976226154069,-0.05005737805900589,0.04594024455640101,0.5718414978515188
29.49448615234896,1,3.3679200676229852,13.217499299409532,0.5060659585686552,0.0959049017229297,-0.051125122238978776,0.04477977948395093,0.5773480645506558
29.49448615234896,2,3.3679200676229852,12.900636243370476,0.4939340414369054,0.09593227915272495,-0.05011042876587749,0.04582185038684746,0.5735173267243249
32.83640367209969,1,3.368081325886576,13.223413666346577,0.5062924053197027,0.0959369066595269,-0.05121267364364787,0.04472423301587902,0.5789325588965768
32.83640367209969,2,3.368081325886576,12.894721876329951,0.493707594681896,0.09590123376609605,-0.050158452799818155,0.045742780966277895,0.5751261471931894
36.17832119185043,1,3.368193641460534,13.228160585559019,0.5064741533317187,0.09598786720695227,-0.051289181817409844,0.04469868538954242,0.5804608929921172
36.17832119185043,2,3.368193641460534,12.889974957085913,0.4935258466686701,0.09589845623037241,-0.05020265221093422,0.04569580401943819,0.5766778585826561
42.37770527412082,1,3.3683012702026724,13.234155741240876,0.5067036932876651,0.09611786679312079,-0.051406541675663775,0.04471132511745701,0.5831709539866909
42.37770527412082,2,3.3683012702026724,12.883979801402392,0.49329630671266006,0.09595148535329034,-0.05027758126932966,0.04567390408396069,0.5794306604303047
48.57708935639121,1,3.3683134554644107,13.23689022273513,0.5068083899452727,0.09627529607177832,-0.05149755981971057,0.04477773625206775,0.5857449444819179
48.57708935639121,2,3.3683134554644107,12.88124531989953,0.493191610054723,0.09605864942212171,-0.05034662931216725,0.04571202010995446,0.5820487287961467
54.776473438661604,1,3.368262887176307,13.236801703149368,0.5068050007452427,0.09644296846744993,-0.05156753211915085,0.04487543634829908,0.5882061066860446
54.776473438661604,2,3.368262887176307,12.881333839485768,0.49319499925477106,0.09619950307509789,-0.050412494099682355,0.04578700897541554,0.5845571366029256
60.975857520931996,1,3.3681748671401097,13.234315642701304,0.5067098155263742,0.0966079452530213,-0.05162085922792834,0.04498708602509296,0.5905724725452807
60.975857520931996,2,3.3681748671401097,12.883819899937055,0.49329018447376305,0.09635784310438045,-0.050477011674282576,0.04588083143009787,0.5869751832345834
67.17524160320238,1,3.3680688643650796,13.229846499474577,0.5065387028824632,0.09676051243517558,-0.051661170354555995,0.04509934208061959,0.5928581100461446
67.17524160320238,2,3.3680688643650796,12.888289043167989,0.49346129711783515,0.09652070146478875,-0.05054128482434581,0.04597941664044294,0.589317718878603
75.17524160320238,1,3.367929006390133,13.221797906917404,0.50623054181392,0.09692760437964809,-0.0516986805175693,0.045228923862078795,0.5957055290423148
75.17524160320238,2,3.367929006390133,12.896337635739984,0.4937694581869458,0.09672089539669204,-0.05062459799447078,0.046096297402221265,0.5922468093826602
83.17524160320238,1,3.367806406633566,13.211931143196809,0.5058527673857075,0.09705153066057437,-0.05172448564058686,0.04532704501998751,0.5984538994936931
83.17524160320238,2,3.367806406633566,12.906204399450948,0.4941472326147895,0.09689413567123561,-0.05070830974732975,0.04618582592390587,0.5950860595594812
91.17524160320238,1,3.3677166721168144,13.200984592479276,0.5054336505349023,0.09712598060202948,-0.05174269237311545,0.045383288228914034,0.601117138499985
91.17524160320238,2,3.3677166721168144,12.917150950158767,0.4945663494652228,0.09702801283674112,-0.05079191495289254,0.046236097883848574,0.5978487258926877
99.17524160320238,1,3.367669989842437,13.189592526444144,0.5049974759842137,0.0971479611683379,-0.05175661577525403,0.04539134539308387,0.6037068422626103
99.17524160320238,2,3.367669989842437,12.928543016191062,0.49500252401580275,0.09711421170604995,-0.050874734341352895,0.04623947736469705,0.6005453615917716
107.17524160320238,1,3.3676722917128514,13.17827118343993,0.5045640092466768,0.09711694410415683,-0.05176882727225957,0.04534811683189726,0.60623261122141
107.17524160320238,2,3.3676722917128514,12.939864372208605,0.4954359912515885,0.09714779381260596,-0.050956057391009967,0.046191736421596,0.6031842976335221
115.17524160320238,1,3.3677261899129305,13.167415624228589,0.5041483762397334,0.09703421907240495,-0.05178122691523971,0.04525299215716524,0.6087023089944866
115.17524160320238,2,3.3677261899129305,12.95071991840694,0.49585162376029546,0.09712659652421118,-0.05103524168247989,0.0460913548417313,0.6057720341375513
123.17524160320238,1,3.3678318434249914,13.157305037347836,0.5037612664146752,0.09690239037953718,-0.051795162800813664,0.04510722757872352,0.6111224897032873
123.17524160320238,2,3.3678318434249914,12.960830505293112,0.4962387335855611,0.09705070710182984,-0.05111180706382562,0.045938900038004216,0.6083137867645875
131.17524160320238,1,3.367987665013833,13.148114814951395,0.5034093951112494,0.09672496840371414,-0.051811542326557505,0.044913426077156635,0.6134987518110444
131.17524160320238,2,3.367987665013833,12.970020727711482,0.4965906048898266,0.0969219728168067,-0.051185478076864216,0.045736494739942485,0.610813926526424
139.17524160320238,1,3.368190831647876,13.139933221553656,0.503096141763422,0.09650604699681109,-0.05183091569832507,0.04467513129848602,0.6158359086174454
139.17524160320238,2,3.368190831647876,12.97820232116146,0.49690385823965405,0.09674355599207685,-0.051256169347231595,0.04548738664484525,0.6132761970669008
147.17524160320238,1,3.3684376685443613,13.132779521307729,0.502822243948846,0.09625005790908814,-0.05185354827421381,0.04439650963487433,0.6181380757500177
147.17524160320238,2,3.3684376685443613,12.985356021499472,0.4971777560577557,0.09651954900152315,-0.051323948816674306,0.04519560018484885,0.6157038213334762
155.17524160320238,1,3.368723963742627,13.12662189176765,0.5025864832633243,0.09596158497584462,-0.051879491879256424,0.04408209309658819,0.6204087476942405
155.17524160320238,2,3.368723963742627,12.991513651174449,0.4974135167484423,0.09625464946089224,-0.051389000678482094,0.044865648782410145,0.618099586701979
163.17524160320238,1,3.3690452517041267,13.121391887783709,0.5023862391082466,0.09564521034326345,-0.051908651666946644,0.04373655867631681,0.622650960276611
163.17524160320238,2,3.3690452517041267,12.996743655333828,0.4976137609102372,0.09595388229808544,-0.051451600792240995,0.04450228150584444,0.6204659874237727
171.17524160320238,1,3.3693970016997152,13.116998348505678,0.502218021155979,0.09530540543246113,-0.051940835374467385,0.04336457005799375,0.6248673462029056
171.17524160320238,2,3.3693970016997152,13.001137194815591,0.49778197887030523,0.09562238047361227,-0.051512080810440154,0.04411029966317211,0.622805270108842
179.17524160320238,1,3.369774757142805,13.113338340639423,0.5020778883405917,0.09494645248105016,-0.05197579162287299,0.04297066085817717,0.6270601813632696
179.17524160320238,2,3.369774757142805,13.004797202902827,0.4979221116941533,0.09526521639055918,-0.0515707983260844,0.043694418064474785,0.6251194629726544
187.17524160320238,1,3.3701742457183363,13.110304888063219,0.501961744806102,0.09457238553960856,-0.05201323994855274,0.04255914559105582,0.6292314500211735
187.17524160320238,2,3.3701742457183363,13.007830655701698,0.4980382552371684,0.09488727414052356,-0.05162811701994914,0.04325915712057442,0.627410414278378
195.17524160320238,1,3.370591451307279,13.10779306386044,0.501865573155615,0.09418695509057162,-0.05205289312909416,0.04213406196147746,0.6313828724832723
195.17524160320238,2,3.370591451307279,13.010342480114344,0.49813442689569076,0.0944931611831068,-0.05168439012037892,0.04280877106272788,0.6296798058987576
203.17524160320238,1,3.3710226659265357,13.105703674408337,0.5017855755061391,0.093793603366362,-0.05209447260247234,0.04169913076388966,0.6335159529791294
203.17524160320238,2,3.3710226659265357,13.01243186975473,0.49821442455237547,0.09408714781358452,-0.05173995095781186,0.04234719685577266,0.6319291785276687
211.17524160320238,1,3.37146452066311,13.103945464312464,0.501718257910172,0.09339545082487266,-0.052137718182507904,0.04125773264236476,0.6356320242011041
211.17524160320238,2,3.37146452066311,13.01419008000606,0.49828174215429466,0.09367313055882143,-0.051795107170341144,0.04187802338848028,0.6341599542937523
219.17524160320238,1,3.3719139971648526,13.102436481064997,0.5016604826051544,0.09299529438126442,-0.052182393716377375,0.04081290066488704,0.6377322743356458
219.17524160320238,2,3.3719139971648526,13.015699063375061,0.49833951746396554,0.09325461616325104,-0.0518501367269161,0.041404479436334934,0.6363734486559818
227.17524160320238,1,3.3723684259833364,13.101104712052154,0.5016094924029376,0.09259561433063546,-0.052228289958261565,0.04036732437237389,0.6398177639659239
227.17524160320238,2,3.3723684259833364,13.017030832474372,0.4983905076694929,0.09283472103315038,-0.05190528598867778,0.0409294350444726,0.6385708767475455
235.17524160320238,1,3.3728254770935586,13.09988805327216,0.5015629094920707,0.09219858641701872,-0.05227522541146335,0.03992336100555537,0.6418894421635399
235.17524160320238,2,3.3728254770935586,13.01824749130409,0.49843709058226365,0.09241618118442396,-0.05196076988458141,0.04045541129984255,0.6407533602032889
243.17524160320238,1,3.3732831449198946,13.098733817458102,0.5015187166050181,0.09180609724858346,-0.05232304569037741,0.039483051558206056,0.6439481631013058
243.17524160320238,2,3.3732831449198946,13.019401727136527,0.4984812834700199,0.092001369338087,-0.05201677350774549,0.039984595830341516,0.6429219352856382
251.17524160320238,1,3.373739728968983,13.097598011478896,0.5014752293515979,0.09141976237072047,-0.05237162192135147,0.039048140449369,0.6459947005410865
251.17524160320238,2,3.373739728968983,13.020537533104807,0.49852477072302176,0.09159231699746773,-0.052073454363449144,0.03951886263401858,0.6450775605338137
259.1752416032024,1,3.3741938114053833,13.09644451464969,0.5014310647584813,0.09104094627455162,-0.05242084860248525,0.03862009767206637,0.6480297589976843
259.1752416032024,2,3.3741938114053833,13.021691029900953,0.4985689353148727,0.09119073973743852,-0.05213094489270394,0.03905979484473458,0.6472211230413956
267.1752416032024,1,3.374644233043614,13.095244206739611,0.5013851078827265,0.09067078339203771,-0.05247064118478118,0.03820014220725653,0.6500539824511504
267.1752416032024,2,3.374644233043614,13.022891337759065,0.4986148921886377,0.09079806412351932,-0.05218935516450959,0.038608708959009724,0.6493534437883947
275.1752416032024,1,3.3750900688608767,13.093974073438535,0.5013364775622734,0.09031019924721218,-0.05252093352507003,0.03778926572214215,0.6520679617228113
275.1752416032024,2,3.3750900688608767,13.02416147099458,0.49866352250658064,0.09041545501540682,-0.05224877566204264,0.03816667935336418,0.6514752826412629
283.1752416032024,1,3.3755306036812156,13.092616319649492,0.5012844924660622,0.08995993122641277,-0.052571675313130006,0.037388255913282764,0.6540722408954505
283.1752416032024,2,3.3755306036812156,13.025519224709342,0.49871550759994787,0.09004384240695096,-0.052309280064781485,0.03773456234216947,0.6535873431875349
291.1752416032024,1,3.375965308423617,13.091157514038569,0.5012286383409259,0.08962054863564273,-0.05262282954546026,0.036997719090182464,0.656067322724549
291.1752416032024,2,3.375965308423617,13.026978030239702,0.49877136172199954,0.08968394725222062,-0.052370927954754495,0.037313019297466124,0.6556902772987457
299.1752416032024,1,3.3763938171757166,13.089587773373545,0.5011685367818977,0.08929247180267375,-0.05267437007995488,0.036618101722718864,0.6580536730290641
299.1752416032024,2,3.3763938171757166,13.028547770820937,0.49883146327781974,0.08933630591096087,-0.05243376742133854,0.03690253848962233,0.6577846893391479
307.1752416032024,1,3.376815905029745,13.087899961450288,0.5011039145610465,0.08897599024682101,-0.052726279189130816,0.0362497110576902,0.6600317228545544
307.1752416032024,2,3.376815905029745,13.030235582660222,0.4988960854954558,0.08900129321685846,-0.052497837595093404,0.03650345562176505,0.6598711384933024
315.1752416032024,1,3.3772314679471593,13.086089005819076,0.5010345774665875,0.08867127880122272,-0.052778545545383165,0.035892733255839554,0.6620018747542857
315.1752416032024,2,3.3772314679471593,13.03204653820943,0.49896542258677506,0.08867914288206258,-0.052563171052678895,0.03611597182938368,0.661950146428403
323.1752416032024,1,3.377640502682078,13.084151151950715,0.5009603817467132,0.08837841320570394,-0.05283116192261115,0.035547251283092794,0.6639645037674404
323.1752416032024,2,3.377640502682078,13.033984391999493,0.4990396183036515,0.08836996703182454,-0.05262979621164992,0.03574017082017462,0.6640221992604574
331.1752416032024,1,3.378043087872372,13.082083266921986,0.5008812074493996,0.08809738425292668,-0.0528841230443119,0.03521326120861478,0.6659199583314663
331.1752416032024,2,3.378043087872372,13.036052276952926,0.49911879259808223,0.08807377381475145,-0.05269773964134106,0.0353760341734104,0.6660877499077017
339.1752416032024,1,3.3784393663051904,13.07988220605205,0.5007969341724521,0.08782811044474492,-0.05293742363836896,0.03489068680637596,0.6678685617681404
339.1752416032024,2,3.3784393663051904,13.03825333775311,0.4992030658723591,0.08779048307371884,-0.05276702827184907,0.03502345480186977,0.6681472215235226
347.1752416032024,1,3.378829528130932,13.077544238333527,0.5007074190646564,0.08757044933306357,-0.05299105668278765,0.034579392650275924,0.6698106137048554
347.1752416032024,2,3.378829528130932,13.040591305404998,0.49929258097760354,0.08751994032748733,-0.0528376914665474,0.034682248860939936,0.67020101113359
355.1752416032024,1,3.3792137949565655,13.075064553807056,0.5006124779643462,0.08732420766790305,-0.05304501191099725,0.0342791957569058,0.6717463910948954
355.1752416032024,2,3.3792137949565655,13.043070989870978,0.4993875220755978,0.08726192924830567,-0.05290976285964335,0.03435216638866232,0.6722494929356696
363.1752416032024,1,3.3795924049526183,13.072436907259753,0.5005118717574821,0.08708915041722509,-0.053099274748634774,0.03398987566859032,0.6736761489315626
363.1752416032024,2,3.3795924049526183,13.045698636361916,0.49948812828030364,0.0870161827488527,-0.05298328178446269,0.03403290096439001,0.6742930211880701
371.1752416032024,1,3.3799655994573,13.069653472441727,0.5004053007959569,0.08686500859207325,-0.053153825906383734,0.03371118268568951,0.6756001219726496
371.1752416032024,2,3.3799655994573,13.048482071128213,0.4995946992398483,0.08678239265761079,-0.053058294003140834,0.03372409865446995,0.6763319338109646
379.1752416032024,1,3.3803336107905246,13.06670500376106,0.5002924110885023,0.08665148647496146,-0.05320864198471242,0.03344284449024904,0.6775185231890836
379.1752416032024,2,3.3803336107905246,13.05143053976084,0.4997075889454636,0.08656021864372665,-0.0531348515905028,0.033425367053223846,0.6783665518777053
387.1752416032024,1,3.380696653217588,13.063581452765924,0.5001728179042937,0.08644826752501267,-0.05326369752443559,0.03318457000057708,0.6794315457066208
387.1752416032024,2,3.380696653217588,13.054554090711358,0.49982718212796384,0.08634929567564154,-0.05321301127026051,0.03313628440538102,0.6803971817006955
395.1752416032024,1,3.3810549174312263,13.060273083828296,0.5000461484897702,0.08625501939882607,-0.05331896867807092,0.03293605072075515,0.6813393659706202
395.1752416032024,2,3.3810549174312263,13.057862459607412,0.4999538515408955,0.08614924053013073,-0.05329283101948305,0.03285640951064768,0.6824241163647078
403.1752416032024,1,3.3814085692492,13.05677214710399,0.49991210612221343,0.08607139833502586,-0.053374438680199816,0.032696959654826045,0.6832421467855623
403.1752416032024,2,3.3814085692492,13.06136339629399,0.5000878939070078,0.08595965760323487,-0.053374364739227104,0.03258529286400777,0.68444763491653
411.1752416032024,1,3.381757753550524,13.053075078316546,0.4997705543341308,0.08589705291014482,-0.05343010502693109,0.032466947883213734,0.6851400408822473
411.1752416032024,2,3.381757753550524,13.065060465045484,0.500229445693714,0.08578014400382639,-0.05345765502418429,0.03232248897964209,0.6864679997017473
419.1752416032024,1,3.382102604025049,13.049184996980937,0.4996216125641772,0.08573162718492622,-0.053485987667595616,0.0322456395173306,0.6870331957290545
419.1752416032024,2,3.382102604025049,13.06895054634694,0.5003783874623601,0.08561029390391806,-0.05354272466413326,0.03206756923978479,0.68848545268373
427.1752416032024,1,3.3824432582975485,13.045114054098025,0.4994657460446752,0.0855747633535735,-0.05354213678173903,0.03203262657183447,0.6889217593421437
427.1752416032024,2,3.3824432582975485,13.073021489198066,0.500534253980645,0.08544970217909853,-0.0536295682228978,0.03182013395620073,0.6905002112123908
435.1752416032024,1,3.382779876861618,13.040885017771844,0.4993038265110516,0.08542610404427187,-0.05359863814353423,0.031827465900737636,0.6908058861303155
435.1752416032024,2,3.382779876861618,13.077250525493955,0.5006961735131088,0.08529796738064288,-0.053718145621691304,0.031579821758951576,0.6925124637729371
443.1752416032024,1,3.3831126632945474,13.03653145235555,0.49913713906090085,0.08528529439416932,-0.05365561393298497,0.03162968046118435,0.6926857416061374
443.1752416032024,2,3.3831126632945474,13.081604090883005,0.5008628609622164,0.08515469406387677,-0.05380837986606565,0.031346314197811115,0.6945223666554116
451.1752416032024,1,3.383441883524243,13.032096087196384,0.49896731969718994,0.08515198392448653,-0.05371321775054465,0.03143876617394188,0.6945615056298048
451.1752416032024,2,3.383441883524243,13.086039456016707,0.5010326803249524,0.08501949444914292,-0.05390016060606142,0.0311193338430815,0.696530043537226
459.1752416032024,1,3.383767877370267,13.027627027232269,0.49879621024120213,0.08502582844613382,-0.05377162197671278,0.03125420646942104,0.6964333706053092
459.1752416032024,2,3.383767877370267,13.09050851595893,0.501203789780102,0.08489198970561151,-0.05399335406615289,0.030898635639458626,0.6985355856254766
467.1752416032024,1,3.3840910639638104,13.023172574415977,0.4986256600574411,0.08490649170518516,-0.053831000643829965,0.031075491061355195,0.6983015378938745
467.1752416032024,2,3.3840910639638104,13.094962968756047,0.5013743399631289,0.08477181064685624,-0.05408781840036601,0.03068399224649023,0.7005390571030432
475.1752416032024,1,3.384411939031822,13.018775681687648,0.4984573137097031,0.08479364683316959,-0.0538915106848183,0.030902136148351286,0.7001662114408084
475.1752416032024,2,3.384411939031822,13.099359861469798,0.5015426863103087,0.08465859813203025,-0.05418342109781588,0.030475177034214367,0.7025405035596087
483.1752416032024,1,3.384731063235121,13.014468978747402,0.4982924205099869,0.08468697752723653,-0.053953274608678305,0.030733702918558224,0.7020275897315771
483.1752416032024,2,3.384731063235121,13.103666564397837,0.5017075795095576,0.08455200334901036,-0.0542800553218925,0.030271948027117863,0.7045399616370485
491.1752416032024,1,3.3850490428138635,13.010271200708537,0.4981316977802954,0.08458617888979791,-0.05401636751954338,0.03056981137025453,0.7038858577426105
491.1752416032024,2,3.3850490428138635,13.107864342429318,0.5018683022389663,0.08445168806662107,-0.0543776525106545,0.030074035555966563,0.7065374687235191
499.1752416032024,1,3.3853665053652056,13.006185712245632,0.4979752743458494,0.08449095795239092,-0.05408081082266922,0.030410147129721704,0.7057411794399598
499.1752416032024,2,3.3853665053652056,13.111949830888648,0.5020247256732754,0.08435732491874148,-0.054476188982078094,0.02988113593666339,0.7085330713211414
507.1752416032024,1,3.3856840760646576,13.002200659992626,0.4978226963700402,0.08440103380392738,-0.05414657194931069,0.030254461854616693,0.7075936937344511
507.1752416032024,2,3.3856840760646576,13.1159348831413,0.5021773036490711,0.08426859771779238,-0.05457568766464817,0.029692910053144214,0.710526831509547
515.1752416032024,1,3.3860023551383507,12.998290950752768,0.4976730030952857,0.08431613756697143,-0.05421356995502511,0.030102567611946317,0.7094435107376497
515.1752416032024,2,3.3860023551383507,13.119844592385338,0.5023269969239856,0.08418520181661471,-0.05467621403194027,0.029508987784674437,0.7125188302304185
523.1752416032024,1,3.386321900131283,12.994421288213042,0.49752484311145345,0.08423601216200272,-0.05428168518296776,0.029954326979034954,0.711290710489884
523.1752416032024,2,3.386321900131283,13.123714254932061,0.5024751569080858,0.08410684442793759,-0.05477786862574584,0.02932897580219175,0.7145091685322452
531.1752416032024,1,3.386643215103351,12.990549492518769,0.49737660145431245,0.08416041190741108,-0.0543507706500888,0.02980964125732228,0.7131353445299439
531.1752416032024,2,3.386643215103351,13.127586050637099,0.502623398565639,0.084033244872038,-0.054880778303621716,0.029152466568416288,0.7164979670979489
539.1752416032024,1,3.386966746962438,12.98662978182041,0.49722652524799366,0.08408910205623599,-0.05442066377218515,0.029668438284050837,0.7149774391320255
539.1752416032024,2,3.386966746962438,13.131505761348725,0.5027734747724657,0.08396413474443953,-0.05498508697529462,0.028979047769144915,0.7184853640843681
547.1752416032024,1,3.387292888171876,12.98261600281092,0.4970728473944218,0.08402185832806097,-0.054491198055184625,0.029530660272876347,0.7168169993674125
547.1752416032024,2,3.387292888171876,13.135519540374304,0.5029271526266536,0.08389925799257991,-0.055090945859525675,0.028808312133054237,0.7204715115329247
555.1752416032024,1,3.3876219847501776,12.978464809825674,0.4969139082933336,0.08395846644938576,-0.05456221463182003,0.02939625181756573,0.7186540139092737
555.1752416032024,2,3.3876219847501776,13.139670733378358,0.5030860917284619,0.08383837089507651,-0.055198503358995336,0.028639867536081172,0.7224565706892334
563.1752416032024,1,3.387954348107047,12.974138680724753,0.49674827131308824,0.08389872170705992,-0.05463357325903088,0.029265148448029042,0.7204884606443499
563.1752416032024,2,3.387954348107047,13.143996862501064,0.5032517287095413,0.08378124194607661,-0.05530789495988012,0.02847334698619649,0.7244407064921532
571.1752416032024,1,3.3882902687493144,12.969608569349948,0.4965748243468065,0.08384242852700918,-0.05470516209163841,0.029137266435370776,0.7223203128608654
571.1752416032024,2,3.3882902687493144,13.148526973900166,0.5034251756767533,0.08372765165012375,-0.05541923381238872,0.02830841783773503,0.7264240815227018
579.1752416032024,1,3.3886300296461624,12.964855947993449,0.49639285801353816,0.0837894000928463,-0.05477690538352572,0.02901249470932058,0.7241495455180436
579.1752416032024,2,3.3886300296461624,13.153279595282648,0.5036071420110164,0.08367739223221538,-0.05553260285350197,0.028144789378713404,0.728406849862202
587.1752416032024,1,3.388973917338844,12.9598739723185,0.4962021102602456,0.08373945801436289,-0.05484876821351482,0.028890689800848066,0.7259761410023304
587.1752416032024,2,3.388973917338844,13.15826157098772,0.5037978897654625,0.08363026726828782,-0.055648049486244903,0.027982217782042913,0.7303891514533165
595.1752416032024,1,3.389322229627612,12.95466752675944,0.4960027681000611,0.0836924320495056,-0.05492075742555529,0.028771674623950312,0.7278000937629443
595.1752416032024,2,3.389322229627612,13.1634680165792,0.5039972319268882,0.0835860912445936,-0.05576558379371849,0.02782050745087511,0.7323711076029545
603.1752416032024,1,3.389675279574393,12.949252016350266,0.49579542135433596,0.08364815987716323,-0.05499291831111638,0.028655241566046853,0.7296214132716432
603.1752416032024,2,3.389675279574393,13.168883527024477,0.5042045786739956,0.08354468905888712,-0.055885180923352235,0.027659508135534888,0.7343528182067947
611.1752416032024,1,3.3900333963236373,12.943650955433705,0.49558097033016474,0.08360648691163064,-0.05506532714236598,0.028541159769264662,0.7314401249094706
611.1752416032024,2,3.3900333963236373,13.174484587981663,0.5044190296997223,0.08350589548045928,-0.056006787667479935,0.027499107812979345,0.736334361112126
619.1752416032024,1,3.3903969236746168,12.937892604923983,0.49536049706934093,0.08356726614389487,-0.05513808031339348,0.028429185830501393,0.73325626864398
619.1752416032024,2,3.3903969236746168,13.18024293853608,0.5046395029622573,0.08346955458950678,-0.0561303325820393,0.02733922200746748,0.7383157937778126
627.1752416032024,1,3.390766217422338,12.932006056079066,0.49513511540550403,0.08353035799192021,-0.05521128133795677,0.028319076653963444,0.7350698956532199
627.1752416032024,2,3.390766217422338,13.18612948743117,0.5048648846280153,0.08343551921726622,-0.056255738445003464,0.027179780772262754,0.7402971570884711
635.1752416032024,1,3.3911416423804965,12.926017218957615,0.4949058173718953,0.08349563014253203,-0.055285027180851175,0.028210602961680854,0.7368810633019957
635.1752416032024,2,3.3911416423804965,13.192118324607327,0.5050941826637184,0.08340365040669617,-0.05638293557192956,0.02702071483476661,0.7422784809074823
643.1752416032024,1,3.3915235699163615,12.919945169452248,0.49467333333813057,0.08346295737081011,-0.055359395427046466,0.028103561943763643,0.7386898290547426
643.1752416032024,2,3.3915235699163615,13.198190374174697,0.5053266666998572,0.08337381690929924,-0.056511874438614405,0.02686194247068483,0.7442597907506702
651.1752416032024,1,3.3919123768489103,12.913799278024925,0.49443802207644844,0.08343222132713635,-0.055434433733705255,0.027997787593431092,0.7404962440320086
651.1752416032024,2,3.3919123768489103,13.204336265670074,0.505561977964145,0.0833458947286454,-0.056642536108150385,0.026703358620495013,0.7462411148243898
659.1752416032024,1,3.3923084465774274,12.907577493829242,0.4941998050649192,0.0834033102868057,-0.05551015288699835,0.02789315739980735,0.7423003469947838
659.1752416032024,2,3.3923084465774274,13.210558049940955,0.5058001949785534,0.08331976671584673,-0.05677493909544478,0.026544827620401952,0.7482224905904883
667.1752416032024,1,3.3927121731134684,12.901266055845536,0.49395815542750904,0.08337611886182028,-0.055586524486417765,0.027789594375402515,0.7441021595450976
667.1752416032024,2,3.3927121731134684,13.216869488009818,0.506041844619224,0.0832953222172721,-0.056909141623355204,0.02638618059391689,0.7502039700253458
675.1752416032024,1,3.3931239681781125,12.894840709276467,0.49371214450691403,0.08335054767971606,-0.05566348367179061,0.02768706400792545,0.745901683205747
675.1752416032024,2,3.3931239681781125,13.223294834670504,0.5062878555433268,0.08327245676950401,-0.05704523885106311,0.026227217918440904,0.7521856228863231
683.1752416032024,1,3.3935442708085786,12.888269227541727,0.49346053842561416,0.08332650303971878,-0.05574093640145647,0.02758556663826231,0.7476988987486368
683.1752416032024,2,3.3935442708085786,13.229866316509929,0.5065394616286347,0.08325107183193037,-0.0571833555711766,0.02606771626075377,0.7541675376154598
691.1752416032024,1,3.3939735582646926,12.881514750079871,0.49320192588220235,0.08330389656071624,-0.055818769807505726,0.027485126753210513,0.7494937677116074
691.1752416032024,2,3.3939735582646926,13.236620794087763,0.5067980741764871,0.08323107454400525,-0.057323635853164474,0.02590743869084077,0.7561498199548273
699.1752416032024,1,3.39441235630819,12.874539238386605,0.4929348504746994,0.08328264484343162,-0.05589686331028263,0.027385781533148988,0.7512862350609347
699.1752416032024,2,3.39441235630819,13.243596305910847,0.5070651495889604,0.08321237749711763,-0.05746623180292341,0.02574614569419422,0.7581325893945837
707.1752416032024,1,3.3948612491166585,12.867306434089446,0.4926579239580515,0.08326266913394864,-0.05597509884564888,0.027287570288299763,0.7530762344487598
707.1752416032024,2,3.3948612491166585,13.250829110354474,0.5073420761112162,0.08319489849182649,-0.057611293754520114,0.02558360473730637,0.7601159761786241
715.1752416032024,1,3.395320885146362,12.859783629990234,0.4923698940530481,0.08324389504025831,-0.056053367244881844,0.027190527795376465,0.7548636918047824
715.1752416032024,2,3.395320885146362,13.258351914619645,0.5076301060225739,0.08317856030165505,-0.057758963755299764,0.025419596546355283,0.7621001170063924
723.1752416032024,1,3.39579197933381,12.85194210095908,0.4920696609442049,0.0832262522867353,-0.05613157030795756,0.027094681978777742,0.7566485275944376
723.1752416032024,2,3.39579197933381,13.26619344384125,0.507930339138709,0.08316329042646586,-0.05790937330783942,0.025253917118626443,0.7640851514921455
731.1752416032024,1,3.3962753124838305,12.843756422673842,0.4917562511959525,0.08320967449442929,-0.05620961926998616,0.027000055224443126,0.7584306581544634
731.1752416032024,2,3.3962753124838305,13.274379122342319,0.508243748895225,0.08314902083363584,-0.058062644933214655,0.02508637590042119,0.7660712205116618
739.1752416032024,1,3.396771728182146,12.8352030297444,0.4914287625467157,0.08319409898158714,-0.056287430679859966,0.026906668301727173,0.7602099961509288
739.1752416032024,2,3.396771728182146,13.28293251552125,0.5085712375540141,0.08313568769495916,-0.05821889648688535,0.02491679120807381,0.7680584665134192
747.1752416032024,1,3.3972821275369998,12.826258443971817,0.4910862960732577,0.08317946658317155,-0.056364920932817066,0.02681454565035448,0.7619864498029986
747.1752416032024,2,3.3972821275369998,13.291877101580544,0.5089137040384496,0.0831232311311183,-0.05837824676065756,0.024744984370460743,0.7700470349367995
755.1752416032024,1,3.397807462939902,12.816897670823993,0.49072789479562656,0.08316572148318535,-0.05644200105843592,0.02672372042474943,0.7637599211051124
755.1752416032024,2,3.397807462939902,13.301237875059794,0.5092721053287702,0.08311159497034648,-0.05854082076010667,0.02457077421023981,0.772037076006269
763.1752416032024,1,3.398348732658654,12.807093186971274,0.4903525049123512,0.08315281105086303,-0.05651857326085869,0.026634237790004338,0.7655303039280035
763.1752416032024,2,3.398348732658654,13.311042359295355,0.5096474952267036,0.08310072652284983,-0.05870675332416005,0.02439397319868978,0.7740287465615848
771.1752416032024,1,3.398906977831646,12.796814705007133,0.48995896679216794,0.08314068567622446,-0.05659452995205691,0.026546155724167547,0.7672974827427683
771.1752416032024,2,3.398906977831646,13.321320841701715,0.5100410333638185,0.08309057637155615,-0.058876190406013974,0.024214385965542172,0.7760222115617091
779.1752416032024,1,3.3994832827865604,12.786029638398018,0.489546032775821,0.08312929860614471,-0.05666975511148801,0.0264595434946567,0.7690613321740539
779.1752416032024,2,3.3994832827865604,13.332105908823689,0.5104539673998015,0.08308109817930376,-0.05904928809115507,0.02403181008814869,0.7780176448143108
787.1752416032024,1,3.4000787790419382,12.774704017526755,0.48911240224914054,0.0831186057838913,-0.05674412720715682,0.02637447857673448,0.7708217172852596
787.1752416032024,2,3.4000787790419382,13.343431530290644,0.5108875979492895,0.08307224851060901,-0.05922621003024144,0.023846038480367572,0.7800152287568749
795.1752416032024,1,3.400694652852328,12.762803536139527,0.4886567617089572,0.08310856569463532,-0.05681752265111033,0.02629104304352499,0.7725784944323437
795.1752416032024,2,3.400694652852328,13.355332012368985,0.5113432385159339,0.08306398666459547,-0.05940712429616579,0.023656862368429676,0.7820151535387216
803.1752416032024,1,3.401332155646953,12.750294405313216,0.4881778174594379,0.08309913921907608,-0.05688981871151387,0.02620932050756221,0.7743315124156687
803.1752416032024,2,3.401332155646953,13.367841143999856,0.5118221827962579,0.08305627451593445,-0.05959220072784014,0.023464073788094307,0.7840176158533164
811.1752416032024,1,3.4019926163599123,12.737143751093518,0.48767431083668406,0.08309028949711283,-0.056960894952678164,0.02612939454443467,0.7760806135145031
811.1752416032024,2,3.4019926163599123,13.3809917991576,0.5123256894549272,0.08304907636203396,-0.059781609639745485,0.023267466722288473,0.7860228179446094
819.1752416032024,1,3.4026774546314416,12.72331940713445,0.487145010269402,0.08308198180263648,-0.057030632627743036,0.02605134917489345,0.7778256339493942
819.1752416032024,2,3.4026774546314416,13.394816144213966,0.5128549900642222,0.08304235877575916,-0.05997552242411695,0.02306683635164221,0.7880309671136287
827.1752416032024,1,3.4033881942383,12.708789090668445,0.4865886797287979,0.08307418342833817,-0.05709891193330953,0.025975271495028637,0.7795664036207086
827.1752416032024,2,3.4033881942383,13.409346461965484,0.5134113206540455,0.08303609046315508,-0.06017411419542119,0.02286197626773389,0.790042276162692
835.1752416032024,1,3.4041264763866326,12.693519063169596,0.48600402744862564,0.08306686357990056,-0.057165607375015595,0.025901256204884968,0.7813027448576122
835.1752416032024,2,3.4041264763866326,13.424616490977261,0.5139959729921441,0.08303024212724086,-0.06037756820654087,0.022652673920699994,0.7920569647838231
843.1752416032024,1,3.404894073115148,12.677472444225872,0.4853896413674473,0.08305999327762414,-0.05723058176902896,0.025829411508595183,0.7830344702167161
843.1752416032024,2,3.404894073115148,13.440663111703541,0.5146103591415722,0.08302478633832511,-0.06058608156782025,0.022438704770504858,0.7940752620108276
851.1752416032024,1,3.4056929008140036,12.66060736239025,0.4847439183292124,0.08305354526410813,-0.057293679476161215,0.025759865787946916,0.7847613793320275
851.1752416032024,2,3.4056929008140036,13.457528195650001,0.5152560822606259,0.08301969741278725,-0.060799871631513146,0.022219825781274107,0.7960974091834008
859.1752416032024,1,3.406525035365105,12.642875115863436,0.4840649936602647,0.08304749391502053,-0.0573547195107727,0.02569277440424783,0.7864832553781782
859.1752416032024,2,3.406525035365105,13.475260444681387,0.5159350070254676,0.08301495129881342,-0.061019182589564604,0.02199576870924882,0.7981236639326655
867.1752416032024,1,3.4073927294583344,12.624218464359833,0.4833506757690374,0.08304181515343956,-0.05741348888149901,0.025628326271940546,0.7881998609945517
867.1752416032024,2,3.4073927294583344,13.493917099167234,0.5166493250308777,0.08301052547044119,-0.061244291803412954,0.021766233667028234,0.8001543046362788
875.1752416032024,1,3.40829843292709,12.604570104978256,0.48259838779084296,0.08303648636677874,-0.05746973639326679,0.02556674997351195,0.7899109339237811
875.1752416032024,2,3.40829843292709,13.513565462115979,0.5174016131456504,0.08300639882968941,-0.061475515662876734,0.021530883166812675,0.8021896351588752
883.1752416032024,1,3.409244816847776,12.58385129363525,0.4818051148059017,0.0830314863262398,-0.05752316680756415,0.025508319518675653,0.7916161824559376
883.1752416032024,2,3.409244816847776,13.534284277737864,0.5181948862944196,0.08300255161684511,-0.061713214987186855,0.021289336629658255,0.8042299894340623
891.1752416032024,1,3.4102348029711362,12.561970573465,0.4809673551528617,0.08302679510971966,-0.05757343522127897,0.025453359888440698,0.7933152804123966
891.1752416032024,2,3.4102348029711362,13.556165003060007,0.519032646144713,0.0829989653262242,-0.0619578002635107,0.021041165062713495,0.8062757368402653
899.1752416032024,1,3.4112715986542597,12.538822399403958,0.48008106776748327,0.0830223940269521,-0.05762014100400247,0.025402253022949635,0.7950078621146941
899.1752416032024,2,3.4112715986542597,13.579313183352102,0.5199189337686634,0.08299562262834659,-0.062209737182236116,0.020785885446110472,0.8083272877050506
907.1752416032024,1,3.412358737953764,12.5142855113625,0.47914160989533133,0.08301826554821012,-0.05766282074226624,0.025355444805943886,0.7966935169443736
907.1752416032024,2,3.412358737953764,13.603850078965905,0.5208583919307419,0.08299250729773266,-0.06246955295725177,0.020522954340480896,0.810385099016857
915.1752416032024,1,3.4135001297644285,12.48822096899461,0.4781436618478782,0.08301439323741899,-0.05770093980829049,0.025313453429128503,0.798371783053386
915.1752416032024,2,3.4135001297644285,13.629914630574662,0.5218563403320055,0.08298960414488388,-0.06273784383368809,0.020251760311195785,0.8124496809727707
923.1752416032024,1,3.414700113609409,12.460469802452469,0.4770811370555996,0.08301076168957877,-0.0577338823337157,0.02527687935586307,0.8000421400662512
923.1752416032024,2,3.414700113609409,13.657665808455043,0.5229188655583977,0.08298689895202838,-0.06301528398575944,0.01997161496626894,0.8145216046944863
931.1752416032024,1,3.415963523184051,12.43085033893171,0.47594707970788397,0.08300735647187896,-0.05776093973863247,0.025246416733246485,0.8017040007937798
931.1752416032024,2,3.415963523184051,13.687285285962108,0.5240529234416151,0.08298437841285367,-0.0633026355842691,0.019681742828584564,0.8166015109603821
939.1752416032024,1,3.41729575736035,12.399155472386916,0.4747335602170667,0.08300416406755762,-0.05778129871175473,0.025222865355802884,0.8033567022940384
939.1752416032024,2,3.41729575736035,13.718980169857065,0.525266443596728,0.08298203007634797,-0.0636007591755039,0.019381270900844072,0.8186901197912728
947.1752416032024,1,3.418702857514502,12.365150425583774,0.4734315895328411,0.0830011718217678,-0.0577940304870145,0.025207141334753304,0.8049994966512465
947.1752416032024,2,3.418702857514502,13.752985238312634,0.5265684151099724,0.08297984229516775,-0.06391062254358948,0.01906921975157827,0.8207882402181471
955.1752416032024,1,3.4201915889660293,12.328571881892199,0.4720310859007244,0.08299836788796,-0.05779808451553427,0.025200283372425733,0.8066315425148562
955.1752416032024,2,3.4201915889660293,13.789563809186856,0.5279689197828467,0.08297780417898526,-0.06423330513586314,0.018744499043122115,0.8228967791373794
963.1752416032024,1,3.421769522713677,12.289129732118376,0.4705209417440162,0.08299574117270225,-0.05779229108713299,0.025203450085569262,0.808251899284118
963.1752416032024,2,3.421769522713677,13.829005993282136,0.5294790652536402,0.08297590555334722,-0.06456999384873664,0.018405911704610575,0.825016747414771
971.1752416032024,1,3.4234451115920748,12.246513068772174,0.4688892531697443,0.08299328127668115,-0.05777537902683275,0.0252179022498484,0.8098595266507224
971.1752416032024,2,3.4234451115920748,13.871622700214276,0.5311107554967118,0.08297413692470368,-0.06492196459664874,0.018052172328054936,0.8271492604256253
979.1752416032024,1,3.425227750498545,12.200402556010328,0.46712379358375755,0.08299097842944114,-0.057746016753805085,0.025244961675636057,0.8114532933408589
979.1752416032024,2,3.425227750498545,13.917732986624568,0.5328762064162471,0.08297248945216484,-0.06529054147418079,0.017681947977984058,0.829295528950206
987.1752416032024,1,3.427127818300685,12.150491100052506,0.465212805110773,0.08298882341670932,-0.0577028841368789,0.025285939279830423,0.8130319990578653
987.1752416032024,2,3.427127818300685,13.967644442582458,0.5347871948892342,0.08297095492545647,-0.06567703196886486,0.017293922956591615,0.8314568363562103
995.1752416032024,1,3.4291566731444845,12.096514436283925,0.4631461697002756,0.08298680750007481,-0.0576447828225753,0.025342024677499513,0.8145944138551525
995.1752416032024,2,3.4291566731444845,14.021621106351134,0.5368538302997353,0.08296952574920091,-0.06608262020521843,0.016886905543982478,0.8336344956797467
1003.1752416032024,1,3.4313265940098385,12.038296036613573,0.4609171285202374,0.0829849223241439,-0.05757080285454051,0.025414119469603383,0.8161393437270058
1003.1752416032024,2,3.4313265940098385,14.079839506021317,0.539082871479767,0.0829681949311789,-0.06650821976568076,0.016459975165498145,0.8358297821791638
1011.1752416032024,1,3.4336506285155375,11.975806986868877,0.4585245745171888,0.08298315981383109,-0.057480550283683284,0.025502609530147803,0.8176657269316888
1011.1752416032024,2,3.4336506285155375,14.142328555765907,0.5414754254828115,0.08296695607498439,-0.06695427161704352,0.016012684457940865,0.8380438317237656
1019.1752416032024,1,3.436142306781154,11.909244664822706,0.4559760648068569,0.08298151206370896,-0.05737445226959178,0.025607059794117183,0.8191727660324325
1019.1752416032024,2,3.436142306781154,14.208890877812246,0.54402393519315,0.08296580337275206,-0.06742047993343636,0.015545323439315695,0.8402775015565287
1027.1752416032023,1,3.4388151050383717,11.839137292472795,0.453291823727111,0.08297997120051637,-0.05725417211066108,0.02572579908985529,0.8206601211264023
1027.1752416032023,2,3.4388151050383717,14.278998250162248,0.5467081762728992,0.08296473160573914,-0.06790545920685662,0.015059272398882523,0.8425311655846467
1035.1752416032023,1,3.4416815380930292,11.766480642017733,0.4505099769778873,0.08297852923134208,-0.05712315985629556,0.025855369375046518,0.8221281656776158
1035.1752416032023,2,3.4416815380930292,14.35165490061678,0.5494900230221026,0.08296373614233676,-0.06840627449118214,0.014557461651154624,0.844804445304558
1043.1752416032023,1,3.4447516759768098,11.692913134078074,0.44769325570696933,0.08297717787306969,-0.05698736735405346,0.025989810519016228,0.8235783213260705
1043.1752416032023,2,3.4447516759768098,14.425222408556625,0.5523067442930277,0.08296281293471086,-0.0689178519626845,0.014044960972026357,0.8470958575365509
1051.1752416032023,1,3.4480308458299103,11.620920206379154,0.4449368212906841,0.08297590836771462,-0.05685610100436706,0.026119807363347562,0.825013481697833
1051.1752416032023,2,3.4480308458299103,14.497215336255492,0.5550631787093109,0.08296195851112298,-0.06943228339497316,0.013529675116149817,0.8494023674771444
1059.1752416032023,1,3.4515164155401035,11.554007983091807,0.44237491471132206,0.08297471133550971,-0.05674279018546023,0.026231921150049478,0.8264384791119529
1059.1752416032023,2,3.4515164155401035,14.564127559543161,0.5576250852886854,0.08296116994245306,-0.06993821039936331,0.013022959543089754,0.8517188964029822
1066.0895526602487,1,3.4546845803412634,11.503712465637557,0.44044922145606846,0.08297372748114018,-0.0566727654948541,0.02630096198628608,0.8276673035137997
1066.0895526602487,2,3.4546845803412634,14.61442307699721,0.5595507785439312,0.08296053952098781,-0.07035730645894536,0.012603233062042446,0.8537234342522325
1073.0038637172952,1,3.4579785130393916,11.463749301325429,0.438919128917614,0.08297278377847928,-0.05664196608156967,0.026330817696909606,0.8288996516858829
1073.0038637172952,2,3.4579785130393916,14.654386241309318,0.5610808710823849,0.08295995493406494,-0.07074835916659587,0.012211595767469066,0.8557237584608574
1079.9181747743417,1,3.4613723302248256,11.436820898162937,0.43788810573762726,0.08297187420967056,-0.056661583967146274,0.026310290242524285,0.8301418494345673
1079.9181747743417,2,3.4613723302248256,14.681314644471678,0.5621118942623666,0.08295941454425027,-0.07110203225201502,0.01185738229223525,0.8577132132590979
1084.7602775162195,1,3.4637915488535898,11.426418572521548,0.43748982594371133,0.08297125496976143,-0.056708612659673675,0.026262642310087757,0.8310207109154414
1084.7602775162195,2,3.4637915488535898,14.691716970113312,0.5625101740562919,0.08295906134423969,-0.07132477015569562,0.011634291188544074,0.8590967153952103
1089.6023802580974,1,3.466232556938082,11.422605744312142,0.4373438420084039,0.08297064922002484,-0.05678213680733913,0.02618851241268571,0.8319083993263935
1089.6023802580974,2,3.466232556938082,14.695529798322477,0.5626561579915901,0.08295872789828618,-0.07152784191727823,0.011430885981007943,0.8604706832199654
1094.4444829999752,1,3.4686827525619957,11.424408453205826,0.4374128633553045,0.08297005661972356,-0.05687886047845713,0.026091196141266433,0.8328053822568475
1094.4444829999752,2,3.4686827525619957,14.693727089428837,0.5625871366446912,0.0829584131256711,-0.07171415122231148,0.011244261903359615,0.8618346264964329
1099.286585741853,1,3.471126648691501,11.430755789613631,0.4376558874562187,0.08296947715240766,-0.056995017069757424,0.02597446008265023,0.8337116556603439
1099.286585741853,2,3.471126648691501,14.687379753021368,0.5623441125437899,0.0829581158934829,-0.0718870125889255,0.011071103304557392,0.8631885541488798
1102.3412405238469,1,3.4726556325138622,11.43690201185391,0.4378912113839258,0.08296911829621134,-0.05707761393333644,0.0258915043628749,0.8342882241785944
1102.3412405238469,2,3.4726556325138622,14.681233606619676,0.5621087915197581,0.08295793694022446,-0.07198975475857901,0.010968182181645456,0.8640374655657002
1105.3958953058407,1,3.474166112007312,11.4449753632452,0.4382003204081175,0.08296876441147116,-0.05716844393933368,0.025800320472137483,0.8348688779342658
1105.3958953058407,2,3.474166112007312,14.673160250381766,0.5617996823100011,0.08295776437477365,-0.07208672815810868,0.010871036216664964,0.8648819838610726
1108.4505500878345,1,3.475648708697891,11.455622863388346,0.43860798733846806,0.08296841509864361,-0.0572699318192533,0.02569848327939031,0.8354542976743659
1108.4505500878345,2,3.475648708697891,14.662512744053803,0.561392015142849,0.08295759808835257,-0.07217579994136174,0.010781798146990831,0.8657213916351818
1111.5052048698283,1,3.477092080732811,11.469919309249939,0.4391553635414231,0.08296806971821091,-0.05738610582316663,0.02558196389504428,0.8360456345517703
1111.5052048698283,2,3.477092080732811,14.648216290693743,0.5608446386527958,0.08295743805935629,-0.07225339776514679,0.010704040294209502,0.8665544758140036
1114.559859651822,1,3.478483159803854,11.489368169934343,0.43990001319884814,0.08296772737537417,-0.05752260843631667,0.025445118939057494,0.8366445870864876
1114.559859651822,2,3.478483159803854,14.628767421422005,0.5600999886665826,0.08295728435527483,-0.0723144712156439,0.010642813139630933,0.8673794464793575
1117.7632745403598,1,3.4798703018110024,11.517330358201102,0.4409706175006412,0.08296737039188518,-0.05769522946014707,0.02527214093173811,0.8372833646506832
1117.7632745403598,2,3.4798703018110024,14.600805231937603,0.559029384318169,0.08295713012040107,-0.07235384713662946,0.010603282983771611,0.868233268322265
1120.9666894288976,1,3.48116784561253,11.555350532842542,0.44242631768181906,0.08296701403687656,-0.057906712655845835,0.025060301381030728,0.837936170224251
1120.9666894288976,2,3.48116784561253,14.562785045695087,0.557573683692814,0.08295698322854239,-0.07235992511672588,0.010597058111816507,0.8690722102873253
1124.1701043174353,1,3.4823611731039974,11.605600662286376,0.4443502731403473,0.08296665684600324,-0.05816521468909533,0.02480144215690791,0.8386064448887861
1124.1701043174353,2,3.4823611731039974,14.512534905739889,0.5556497278318312,0.08295684390524372,-0.07232487838130838,0.010631965523935333,0.8698926460519851
1126.7193247795965,1,3.4832292497638657,11.655344108514068,0.44625482892866125,0.08296637118894079,-0.05840832947545517,0.02455804171348562,0.8391545053734929
1126.7193247795965,2,3.4832292497638657,14.462791441167779,0.5537451713411541,0.08295673854329433,-0.07226364078804047,0.010693097755253858,0.8705300085501623
1129.2685452417577,1,3.4840224649138594,11.713965573556933,0.44849930250324593,0.0829660838875812,-0.05868544917552196,0.02428063471205924,0.8397169748808702
1129.2685452417577,2,3.4840224649138594,14.404169973954756,0.5515006976834793,0.08295663806303999,-0.07217147782698752,0.010785160236052471,0.871152127652429
1131.817765703919,1,3.484741914903979,11.780970813210617,0.4510647704534488,0.08296579491866307,-0.05899471248271824,0.023971082435944834,0.8402945734807242
1131.817765703919,2,3.484741914903979,14.33716473270378,0.5489352296721199,0.08295654236066508,-0.07204942739749494,0.010907114963170136,0.8717582462748075
1134.36698616608,1,3.485392242349602,11.855090398694283,0.45390262943318627,0.0829655046450295,-0.059331386772187085,0.023634117872842413,0.8408872775607995
1134.36698616608,2,3.485392242349602,14.26304514611743,0.5460973706501634,0.08295645121506734,-0.07190113303008767,0.011055318184979665,0.8723483911717633
1136.9162066282413,1,3.4859815941279377,11.934239089269033,0.45693304063713874,0.08296521384915323,-0.059687755658175023,0.023277458190978206,0.8414941651588121
1136.9162066282413,2,3.4859815941279377,14.183896454826648,0.5430669594187958,0.08295636427647235,-0.07173308085957861,0.011223283416893742,0.8729235361957346
1140.6141563500628,1,3.4867520656677757,12.051929756673045,0.46143913056120306,0.08296479363349807,-0.0602174727274392,0.022747320906058868,0.8423955656555852
1140.6141563500628,2,3.4867520656677757,14.06620579020294,0.5385608696011825,0.08295624462787021,-0.07147399862558135,0.011482246002288865,0.8737355945746972
1144.3121060718843,1,3.487463775357477,12.162569769825158,0.46567526805162635,0.08296438002058615,-0.060724262781695286,0.022240117238890862,0.8433127063846291
1144.3121060718843,2,3.487463775357477,13.955565775877501,0.5343247320658355,0.08295613086552933,-0.07123234984526688,0.011723781020262447,0.8745309679959282
1146.8737703880965,1,3.487951084398651,12.227838193869284,0.4681742375488013,0.08296410074621186,-0.061035705269824055,0.0219283954763878,0.8439497844393123
1146.8737703880965,2,3.487951084398651,13.89029734943644,0.5318257624768876,0.08295605425886254,-0.07110058724524951,0.011855467013613036,0.8750800448602428
1149.4354347043088,1,3.488457424496675,12.277956933238864,0.47009316240037685,0.08296383017343523,-0.06129364032239373,0.021670189851041494,0.844581465183603
1149.4354347043088,2,3.488457424496675,13.840178610174446,0.5299068376294314,0.08295597842684455,-0.07101899709485149,0.011936981331993057,0.8756347680413823
1151.997099020521,1,3.489005397755844,12.307567850467736,0.47122689253132494,0.08296357087930151,-0.0614786205112125,0.021484950368089006,0.8452007931680363
1151.997099020521,2,3.489005397755844,13.810567693229654,0.52877310750936,0.08295590241394102,-0.07100716846154342,0.011948733952397594,0.876202468408737
1154.5587633367334,1,3.4896190048234224,12.311247919862534,0.47136779345393454,0.08296332551315633,-0.06157067506473866,0.02139265044841767,0.8458000362552143
1154.5587633367334,2,3.4896190048234224,13.806887624434063,0.5286322066096927,0.08295582523978773,-0.07108507572910867,0.011870749510679054,0.8767912947579115
1157.1204276529456,1,3.4903231624643394,12.283677857348382,0.4703122026952011,0.08296309672950741,-0.06154968745830558,0.021413409271201833,0.8463708467056484
1157.1204276529456,2,3.4903231624643394,13.834457688150877,0.529687797414473,0.08295574593412791,-0.07127227333296492,0.011683472601162995,0.877410043914028
1159.682091969158,1,3.4911430221959616,12.219815915220062,0.46786708397590837,0.08296288712646138,-0.061395750918110906,0.021567136208350476,0.8469044581196221
1159.682091969158,2,3.4911430221959616,13.898319632643158,0.532132916224276,0.08295566357648543,-0.07158702155114306,0.011368642025342365,0.8780679531930895
1162.6881650694693,1,3.492285584908741,12.092449724723837,0.46299054176299603,0.08296266897032112,-0.061019539457427156,0.021943129512893962,0.8474711186803956
1162.6881650694693,2,3.492285584908741,14.025685837456903,0.5370094589853716,0.08295556192940623,-0.07214050232466651,0.010815059604739719,0.8789026731963724
1165.6942381697806,1,3.4936573472642825,11.902598883195495,0.4557216139630605,0.08296248440099596,-0.060404212502629506,0.022558271898366455,0.8479598746937185
1165.6942381697806,2,3.4936573472642825,14.215536699607263,0.544278387574874,0.08295545385114522,-0.07291187018979353,0.01004358366135169,0.8798194304640398
1168.700311270092,1,3.4952888715857697,11.645630919201611,0.44588293449168653,0.08296233682499654,-0.05952292490706872,0.023439411917927824,0.8483570497465504
1168.700311270092,2,3.4952888715857697,14.472504702782018,0.5541170685463884,0.08295533859250437,-0.07391383722426623,0.009041501368238142,0.8808326363863223
1171.7063843704034,1,3.497204827958112,11.318493370062018,0.43335763196365656,0.08296222935317843,-0.05835100822066693,0.024611221132511497,0.8486499641996019
1171.7063843704034,2,3.497204827958112,14.79964232122302,0.5666423737278011,0.0829552157945681,-0.07515147246917121,0.007803743325396892,0.881955653083402
1173.8109976829414,1,3.498728476148141,11.046350379047059,0.422937937549761,0.0829621796591038,-0.05734342455720034,0.025618755101903458,0.8487864733699004
1173.8109976829414,2,3.498728476148141,15.07178522223767,0.5770620646958033,0.08295512530919869,-0.07615883021638856,0.0067962950928101284,0.8828141219441817
1175.9156109954795,1,3.5004171493694365,10.736900419594157,0.4110898498886888,0.08296215256871076,-0.05616665285313957,0.026795499715571186,0.8488611784075996
1175.9156109954795,2,3.5004171493694365,15.381235210363219,0.5889101534546816,0.08295503112227998,-0.07728451566379037,0.005670515458489608,0.8837376975426898
1178.0202243080175,1,3.5022964049455,10.3863847992343,0.39766945777120083,0.08296215021058728,-0.05479708856300508,0.0281650616475822,0.8488676908820746
1178.0202243080175,2,3.5022964049455,15.731750875381982,0.6023305472820506,0.08295493315452163,-0.07853669471796929,0.004418238436552341,0.8847331188449287
1180.1248376205556,1,3.5044137052245743,9.987007136727222,0.3823782566877567,0.08296217612828283,-0.05319199017781358,0.02977018595046925,0.848796198478129
1180.1248376205556,2,3.5044137052245743,16.131128615139747,0.617621751323236,0.08295483109476987,-0.07993494171907549,0.003019889375694376,0.8858107367153166
1182.2294509330936,1,3.506850869784218,9.5243667174468,0.3646648782375524,0.0829622362911504,-0.05127588543848115,0.03168635085266926,0.8486309597431425
1182.2294509330936,2,3.506850869784218,16.593768825188395,0.6353351217624637,0.08295472423772754,-0.08151681584458192,0.001437908393145615,0.8869871569125977
1183.7766610387957,1,3.5089196393330826,9.130410795301472,0.3495812624295924,0.08296230784471348,-0.049597730847765205,0.033364576996948274,0.848435727130887
1183.7766610387957,2,3.5089196393330826,16.98772493150249,0.6504187446217987,0.08295464192227442,-0.08283183319966268,0.00012280872261173637,0.88792975415196
1185.3238711444978,1,3.5113009627461933,8.675876268599843,0.3321782389266454,0.08296240878883676,-0.04760938011424418,0.03535302867459258,0.8481626511703191
1185.3238711444978,2,3.5113009627461933,17.44225927403504,0.6678217610733588,0.08295455564702436,-0.08431335871344381,-0.001358803066419445,0.8889544214656128
1186.8710812502,1,3.514084169173655,8.142882037446357,0.31177118382566255,0.08296254695355199,-0.04520719914004083,0.037755347813511156,0.8477932500229239
1186.8710812502,2,3.514084169173655,17.97525350518867,0.6882288161743472,0.08295446453056154,-0.08600432130346339,-0.0030498567729018433,0.8900806586877588
1188.418291355902,1,3.517376879966343,7.508925013095333,0.28749850849184466,0.08296273287636069,-0.042250628914329284,0.040712103962031405,0.8473039041753637
1188.418291355902,2,3.517376879966343,18.609210529539077,0.7125014915081413,0.08295436755903118,-0.08795541127908724,-0.005001043720056053,0.8913333883853145
1189.9655014616042,1,3.5213019055255725,6.746928476043153,0.2583235110725874,0.08296298050335782,-0.0385530608368736,0.04440991966648422,0.8466654517964983
1189.9655014616042,2,3.5213019055255725,19.371207066591793,0.7416764889274191,0.08295426367935477,-0.09022235298363436,-0.007268089304279593,0.8927433854825889
1191.2124184031495,1,3.5250122684760927,6.019173320722648,0.23045953302819253,0.08296323704353359,-0.03487427265436817,0.04808896438916542,0.8460193573425053
1191.2124184031495,2,3.5250122684760927,20.098962221911982,0.7695404669718019,0.0829541743124631,-0.0923160911760652,-0.00936191686360209,0.8940184962906309
1192.4593353446949,1,3.5292722497722897,5.17401361123887,0.198100419641092,0.08296355633118235,-0.030422715478450137,0.05254084085273222,0.8452359598905033
1192.4593353446949,2,3.5292722497722897,20.944121931395813,0.8018995803589044,0.0829540796556385,-0.09466994268564759,-0.011715863030009085,0.8954384619125718
1193.359955557812,1,3.532702903872311,4.486057859240137,0.1717602641244118,0.08296383230509896,-0.026661129032165425,0.05630270327293353,0.8445764312492131
1193.359955557812,2,3.532702903872311,21.63207768339486,0.8282397358755967,0.08295400816519827,-0.09653121860539395,-0.013577210440195678,0.8965629341779237
1194.2605757709293,1,3.536405695380463,3.7371340090332565,0.14308578814643283,0.08296414964443244,-0.022434045455631442,0.060530104188801,0.843837163629588
1194.2605757709293,2,3.536405695380463,22.381001533601797,0.8569142118535779,0.08295393458907085,-0.09850862659444659,-0.015554692005375736,0.8977715511404167
1195.1611959840466,1,3.540300935197051,2.944651193743332,0.11274354514840985,0.08296450729141824,-0.01782681358849179,0.06513769370292645,0.8430272163723067
1195.1611959840466,2,3.540300935197051,23.173484348891513,0.8872564548515929,0.08295386001204985,-0.10055468728419213,-0.01760082727214228,0.899054762936313
1196.0618161971638,1,3.544216579392685,2.149232707855344,0.08228890245044387,0.08296489602423573,-0.013087934182707706,0.06987696184152803,0.8421731838380351
1196.0618161971638,2,3.544216579392685,23.968902834779595,0.9177110975495624,0.08295378640064488,-0.10257452110129764,-0.01962073470065276,0.9003845101463603
1196.7368375746726,1,3.5469963422837822,1.5926691125843422,0.060979433619390545,0.0829651951492334,-0.009721023424007285,0.07324417172522611,0.8415336547923638
1196.7368375746726,2,3.5469963422837822,24.525466430050482,0.9390205663806114,0.08295373360219216,-0.10398179905905564,-0.021028065456863476,0.9013805635752199
1197.4118589521813,1,3.5494885955114053,1.1094191729934997,0.042476966672544594,0.08296548661640202,-0.0067754058437748555,0.07619008077262716,0.8409245154007386
1197.4118589521813,2,3.5494885955114053,25.008716369641203,0.9575230333274526,0.08295368433687678,-0.10521784974108475,-0.022264165404207975,0.9023445436624155
1197.9084576297569,1,3.5510762328515604,0.8170866344612044,0.0312842635006395,0.08296568885349309,-0.004987982603694303,0.07797770624979879,0.8405096651468854
1197.9084576297569,2,3.5510762328515604,25.30104895992717,0.9687157384808801,0.08295365092552665,-0.10598675981290723,-0.023033108887380582,0.9030185962672999
1198.4050563073324,1,3.5524364808642432,0.5836802907232934,0.02234770126567818,0.08296587703020641,-0.003559961495989227,0.07940591553421719,0.8401292073928942
1198.4050563073324,2,3.5524364808642432,25.534455278660413,0.9776522997584735,0.08295362007751983,-0.10662811912551998,-0.023674499048000147,0.9036563462557402
1198.901654984908,1,3.5535805413345147,0.40674977746681,0.015573461467141825,0.08296605014195624,-0.002477971463812583,0.08048807867814366,0.8397838033467379
1198.901654984908,2,3.5535805413345147,25.711385778014268,0.9844265390247119,0.08295359168279859,-0.10714897049345341,-0.024195378810654825,0.9042570948177395
1199.3982536624835,1,3.5545396690652225,0.2785854493044313,0.01066636050072079,0.08296620913835273,-0.0016950238246433865,0.08127118531370935,0.8394703455373597
1199.3982536624835,2,3.5545396690652225,25.839550099446907,0.9893336397334676,0.08295356545940091,-0.10756659035719383,-0.02461302489779292,0.904824122975491
1199.894852340059,1,3.555354109867594,0.18905373508711917,0.007238408529525825,0.08296635612834269,-0.0011487859270147226,0.08181757020132796,0.8391837062222303
1199.894852340059,2,3.555354109867594,25.929081810635363,0.992761591588695,0.08295354105380959,-0.10790265168599739,-0.0249491106321878,0.9053628445459868
1200.3914510176346,1,3.5560630093629513,0.1282290901752148,0.004909580546662526,0.08296649352396113,-0.0007781869764272552,0.08218830654753387,0.8389184542141152
1200.3914510176346,2,3.5560630093629513,25.989906454191363,0.995090419519644,0.08295351812653706,-0.10817798333745078,-0.02522446521091372,0.9058789943077272
1200.9842741214568,1,3.5568166685568037,0.08162975756360714,0.0031254052353911783,0.08296664803404319,-0.0004946535539723299,0.08247199448007086,0.838623189081987
1200.9842741214568,2,3.5568166685568037,26.03650578724219,0.996874594847732,0.08295349229925364,-0.10845121036089402,-0.025497718061640376,0.9064725940344117
1201.577097225279,1,3.557507995969595,0.053604765103289896,0.0020523963135035592,0.08296679490153913,-0.0003243658867279347,0.0826424290148112,0.8383454397235763
1201.577097225279,2,3.557507995969595,26.064530779048678,0.997947603744586,0.08295346781573709,-0.10868423467027256,-0.025730766854535472,0.9070477195042432
1202.1699203291012,1,3.5581651977091213,0.03705941457589472,0.001418915010813065,0.08296693619016882,-0.00022394040301509637,0.08274299578715372,0.8380808642020029
1202.1699203291012,2,3.5581651977091213,26.081076129286863,0.9985810850362035,0.08295344442510277,-0.1088917312692423,-0.025938286844139527,0.907608953069957
1202.7627434329233,1,3.5588070031537717,0.027335325636167477,0.0010466032535724375,0.08296707331938347,-0.0001649609887204341,0.08280211233066304,0.8378264902180022
1202.7627434329233,2,3.5588070031537717,26.09080021810867,0.9989533967889291,0.08295342195406175,-0.10908336016994835,-0.026129938215886606,0.908159430145121
1202.910949208879,1,3.5589666910224538,0.025566041327468418,0.0009788616528823382,0.08296710708037036,-0.0001542337034112983,0.08281287337695906,0.8377642232136729
1202.910949208879,2,3.5589666910224538,26.09256950131169,0.9990211383472855,0.08295341646431797,-0.10912962927166538,-0.0261762128073474,0.9082956510780147
1202.9850520968566,1,3.5590464839232197,0.024765958585442935,0.0009482284271408052,0.08296712388762462,-0.00014938286437528398,0.08281774102324933,0.837733277295671
1202.9850520968566,2,3.5590464839232197,26.093369584049697,0.9990517715728732,0.0829534137378296,-0.1091525493585462,-0.026199135620716588,0.9083635638251787
1203.0591549848343,1,3.559128204019461,0.023533437433840603,0.0009010381845758111,0.08296714082404488,-0.00014192562263949408,0.08282521520140539,0.8377021287490101
1203.0591549848343,2,3.559128204019461,26.09460210520116,0.9990989618154329,0.08295341100967679,-0.1091763470614907,-0.026222936051813903,0.9084316909125275
1203.133257872812,1,3.5592079359452087,0.022846000404239834,0.0008747178896803883,0.082967157535081,-0.0001377577488181607,0.08282939978626283,0.8376714292728981
1203.133257872812,2,3.5592079359452087,26.09528954223048,0.9991252821103175,0.08295340830736642,-0.10919898291695879,-0.02624557460959237,0.9084993439150871
1203.2073607607897,1,3.559289569387769,0.021733121131338996,0.0008321084441828644,0.08296717437315326,-0.00013102625707352223,0.08283614811607974,0.8376405310560684
1203.2073607607897,2,3.559289569387769,26.096402421503694,0.999167891555827,0.08295340560351239,-0.10922248219602237,-0.026269076592509988,0.9085672071507279
1203.2814636487674,1,3.55936930769387,0.02114218039063429,0.0008094827579144067,0.08296719099350014,-0.00012744329375028005,0.08283974769974986,0.8376100663863383
1203.2814636487674,2,3.55936930769387,26.09699336224438,0.9991905172420947,0.08295340292466857,-0.10924486780740471,-0.026291464882736135,0.9086346127378477
1203.3185150927561,1,3.5594091910233985,0.0208614640061279,0.0007987348090783135,0.08296719928754648,-0.0001257411967566187,0.08284145809078985,0.8375948762302792
1203.3185150927561,2,3.5594091910233985,26.097274078628338,0.9992012651909099,0.0829534015895339,-0.10925602047799775,-0.026302618888463844,0.9086682710915293
1203.3555665367448,1,3.5594508979911876,0.020138273327340875,0.0007710455937586938,0.08296720773601507,-0.00012137252644709873,0.08284583520956797,0.8375794118821465
1203.3555665367448,2,3.5594508979911876,26.09799726930734,0.9992289544062376,0.08295340024460796,-0.10926809064979584,-0.026314690405187885,0.9087022191471993
1203.3926179807336,1,3.559490786839155,0.019881111702955968,0.0007611994995011186,0.08296721600791024,-0.00011981316969617677,0.08284740283821407,0.8375642791592963
1203.3926179807336,2,3.559490786839155,26.098254430931902,0.9992388005005021,0.08295339891523579,-0.1092791823027907,-0.02632578338755491,0.9087358169425551
1203.4296694247223,1,3.5595306929450334,0.01963199730727286,0.0007516615140933755,0.08296722426982939,-0.00011830256922733728,0.08284892170060205,0.8375491729987382
1203.4296694247223,2,3.5595306929450334,26.098503545327542,0.9992483384859081,0.0829533975886374,-0.10929025107517823,-0.02633685348654083,0.908769386751484
1203.466720868711,1,3.559570613737467,0.019391456275915448,0.0007424517819911449,0.08296723252135596,-0.0001168438834184703,0.08285038863793749,0.8375340941197651
1203.466720868711,2,3.559570613737467,26.098744086358792,0.9992575482180063,0.08295339626483411,-0.10930129571391865,-0.02634789944908454,0.9088029278200551
1203.4852465907054,1,3.559590580175296,0.019274279813240886,0.0007379653797177787,0.08296723664327388,-0.00011613327562307889,0.0828511033676508,0.8375265648024199
1203.4852465907054,2,3.559590580175296,26.098861262821288,0.9992620346202727,0.08295339560397519,-0.10930680924625562,-0.02635341364228043,0.9088196876883272
1203.5037723126998,1,3.5596123044905212,0.018721942380121256,0.0007168177203751736,0.08296724092252816,-0.0001128007787569458,0.08285444014377122,0.8375187502693512
1203.5037723126998,2,3.5596123044905212,26.09941360025473,0.9992831822796278,0.08295339493165788,-0.10931322970928158,-0.0263598347776237,0.9088367488702376
1203.5222980346941,1,3.5596322713533146,0.018611061110417555,0.0007125723457571155,0.08296724503894826,-0.00011212832157517036,0.08285511671737308,0.8375112351891945
1203.5222980346941,2,3.5596322713533146,26.09952448152458,0.9992874276542514,0.08295339427222359,-0.1093187273106369,-0.026365333038413305,0.9088534937322057
1203.5408237566885,1,3.559652244073751,0.01850184371853733,0.0007083906769813356,0.08296724915302622,-0.00011146594525536873,0.08285578320777086,0.8375037264359791
1203.5408237566885,2,3.559652244073751,26.09963369891631,0.9992916093230214,0.08295339361346343,-0.10932421995017513,-0.0263708263367117,0.9088702319281934
1203.5593494786829,1,3.5596722211208776,0.018394609649838148,0.0007042849448350215,0.08296725326454357,-0.00011081557315787323,0.0828564376913857,0.8374962244062836
1203.5593494786829,2,3.5596722211208776,26.09974093298467,0.9992957150551548,0.08295339295539428,-0.10932970688349367,-0.026376313928099387,0.9088869630400096
1203.5778752006772,1,3.5596922026921534,0.018289314265893638,0.0007002534402212015,0.08296725737351807,-0.00011017693487989347,0.08285708043863817,0.8374887290610007
1203.5778752006772,2,3.5596922026921534,26.09984622836917,0.9992997465597898,0.08295339229801257,-0.10933518820776626,-0.02638179590975369,0.9089036871086932
1203.6745464675441,1,3.559799051796366,0.017144446265308973,0.0006564192240032864,0.08296727900028422,-0.0001032590436317282,0.08286401995665249,0.8374493124451534
1203.6745464675441,2,3.559799051796366,26.10099109637041,0.9993435807760329,0.08295338886170445,-0.10936500639528034,-0.02641161753357589,0.9089912787032132
1203.771217734411,1,3.5599034295201353,0.01670052800945085,0.0006394226717366256,0.08296730032194422,-0.00010056505709412714,0.08286673526485008,0.837410507151838
1203.771217734411,2,3.5599034295201353,26.101435014626297,0.9993605773283006,0.08295338546181164,-0.10939332011298815,-0.026439934651176514,0.9090782250603876
1203.867889001278,1,3.560010541153418,0.015663986834438336,0.0005997360266726821,0.08296732181799449,-9.430429288614452e-05,0.08287301752510834,0.8373714398357319
1203.867889001278,2,3.560010541153418,26.102471555800847,0.9994002639733468,0.08295338206215419,-0.10942283444613894,-0.02646945238398475,0.9091654486733804
1203.9645602681449,1,3.560116982582918,0.014883243884454793,0.0005698432746150526,0.08296734317686205,-8.958588102954914e-05,0.08287775729583251,0.8373326767379925
1203.9645602681449,2,3.560116982582918,26.10325229875175,0.9994301567254398,0.08295337868600505,-0.10945177777393991,-0.02649839908793486,0.9092523513569472
1204.0612315350118,1,3.5602244234222784,0.013940894389488626,0.000533763000300376,0.08296736454911713,-8.389686145187755e-05,0.08288346768766525,0.8372939439652953
1204.0612315350118,2,3.5602244234222784,26.10419464824659,0.9994662369997496,0.08295337532201774,-0.10948101974513816,-0.026527644423120417,0.9093392224503528
1204.2451139609275,1,3.5604278162903857,0.012633818695213269,0.0004837182453008581,0.08296740489658383,-7.600214756838314e-05,0.08289140274901545,0.8372209709530251
1204.2451139609275,2,3.5604278162903857,26.105501723950674,0.9995162817551246,0.08295336898175254,-0.10953552227755446,-0.026582153295801922,0.9095037229818296
1204.3370551738853,1,3.5605296433808444,0.012066620824006311,0.00046200161586224165,0.08296742497458176,-7.257642378185584e-05,0.0828948485507999,0.8371847296309076
1204.3370551738853,2,3.5605296433808444,26.106068921811612,0.99953799838417,0.08295336583610169,-0.10956254029146886,-0.026609174455367174,0.9095857148030866
1204.4289963868432,1,3.5606303015003555,0.011870109875152605,0.0004544776887223076,0.08296744487303531,-7.138121343513034e-05,0.08289606365960019,0.8371488594554506
1204.4289963868432,2,3.5606303015003555,26.106265432760406,0.9995455223113077,0.08295336271503118,-0.1095887490362863,-0.02663538632125513,0.9096673149056915
1204.520937599801,1,3.56073202170217,0.011489359524014985,0.00043989968216758663,0.08296746479728512,-6.907875847683243e-05,0.08289838603880828,0.8371129895988066
1204.520937599801,2,3.56073202170217,26.106646183111646,0.9995601003178664,0.08295335960346062,-0.10961530808439959,-0.026661948480938974,0.9097489150704373
1204.56690820628,1,3.5607825729247655,0.011405788293438777,0.00043669994264407475,0.08296747470386645,-6.856997254786182e-05,0.08289890473131858,0.8370951720680546
1204.56690820628,2,3.5607825729247655,26.10672975434123,0.9995633000573519,0.08295335805595005,-0.10962835133470591,-0.02667499327875586,0.9097895909325354
1204.612878812759,1,3.5608337697322447,0.011181892165933264,0.0004281275034996332,0.08296748465191772,-6.721774291235139e-05,0.08290026690900537,0.8370772915588254
1204.612878812759,2,3.5608337697322447,26.10695365046896,0.9995718724965049,0.08295335650824498,-0.10964167941340167,-0.026688322905156686,0.9098303338854502
1204.6243714643788,1,3.5608464351927345,0.011162475064738891,0.0004273840698359754,0.08296748712371649,-6.709948013841435e-05,0.08290038764357807,0.8370728505805974
1204.6243714643788,2,3.5608464351927345,26.106973189553674,0.9995726206006214,0.08295335612284926,-0.10964493398053554,-0.026691577857686277,0.9098404889753635
1204.6358641159986,1,3.5608599053117613,0.01094408155927922,0.00041902231273033627,0.08296748966878642,-6.578515009578055e-05,0.08290170451869064,0.8370682787063133
1204.6358641159986,2,3.5608599053117613,26.10719159903953,0.9995809829695776,0.08295335573235896,-0.10964860361635922,-0.026695247884000267,0.9098507822178642
1204.6473567676185,1,3.560872578374588,0.010925235476934157,0.00041830074199209204,0.08296749213913923,-6.567035961040713e-05,0.08290182177952883,0.8370638417805779
1204.6473567676185,2,3.560872578374588,26.1072104292749,0.9995817039335736,0.08295335534742065,-0.10965185572782586,-0.026698500380405207,0.909860933013149
1204.6588494192383,1,3.56088525582946,0.010906571457479359,0.0004175861419999015,0.0829674946087664,-6.55566695342171e-05,0.08290193793923219,0.8370594068722167
1204.6588494192383,2,3.56088525582946,26.107229093373913,0.9995824185366119,0.08295335496270884,-0.109655106955046,-0.026701751992337167,0.9098710816779737
1204.6732152337631,1,3.560901108448326,0.010883598628075964,0.0004167065681357604,0.08296749769472456,-6.541671237371114e-05,0.08290208098235084,0.8370538661743587
1204.6732152337631,2,3.560901108448326,26.1072521350653,0.9995833007470342,0.08295335448214392,-0.10965916958404423,-0.026705815101900315,0.9098837643581246
1204.687581048288,1,3.5609169672206034,0.01086097434148043,0.00041584033912953587,0.0829675007795041,-6.527885938968141e-05,0.08290222192011441,0.8370483287071123
1204.687581048288,2,3.5609169672206034,26.107274759490654,0.9995841669813531,0.0829533540019387,-0.10966323047840873,-0.026709876476470024,0.9098964435401288
1204.7019468628127,1,3.5609328325777243,0.010838673810517684,0.00041498650594047295,0.08296750386311658,-6.514296141242689e-05,0.08290236090170415,0.837042794449982
1204.7019468628127,2,3.5609328325777243,26.107297060169163,0.9995850208201914,0.08295335352208966,-0.10966728984961882,-0.026713936327529164,0.9099091193295198
1204.7378613991248,1,3.560972524489955,0.010784249093509602,0.00041290271565922414,0.08296751156708382,-6.48112286451099e-05,0.0829027003384387,0.8370289727588887
1204.7378613991248,2,3.560972524489955,26.107351293541335,0.9995870972843435,0.08295335232402046,-0.10967743143510797,-0.026724079111087512,0.9099407939727177
1204.755818667281,1,3.560992386521837,0.010757750493316006,0.00041188814859143555,0.08296751541635228,-6.464967236030676e-05,0.08290286574399197,0.8370220693847772
1204.755818667281,2,3.560992386521837,26.10737779214121,0.9995881118513991,0.08295335172581364,-0.10968249896988974,-0.0267291472440761,0.9099566234879912
1204.764797301359,1,3.5610023217845796,0.01074467596095137,0.00041138755648970245,0.08296751734031194,-6.456994953409672e-05,0.08290294739077785,0.8370186195601634
1204.764797301359,2,3.5610023217845796,26.107390941696483,0.9995886153159458,0.08295335142691407,-0.10968503203911889,-0.026731680612204822,0.90996453633728
1204.7692866183982,1,3.5610072900457883,0.010738177437193167,0.000411138743792196,0.0829675183021239,-6.453032218836826e-05,0.08290298797993553,0.8370168951097295
1204.7692866183982,2,3.5610072900457883,26.10739738395795,0.9995888619744967,0.0829533512775189,-0.10968629817455286,-0.026732946897033955,0.9099684922095463
1204.7715312769178,1,3.5610097744792792,0.010734939215300974,0.00041101476013773847,0.08296751878298725,-6.451057516956491e-05,0.08290300820781768,0.8370160330008346
1204.7715312769178,2,3.5610097744792792,26.107400608110844,0.9995889854194834,0.08295335120283287,-0.10968693121803993,-0.026733580015207065,0.9099704700330763
1204.7726536061778,1,3.561011016771762,0.010733322861380816,0.00041095287387033934,0.08296751902340915,-6.450071830555163e-05,0.0829030183051036,0.8370156019754609
1204.7726536061778,2,3.561011016771762,26.10740222094631,0.9995890471710377,0.08295335116549385,-0.10968724773373262,-0.02673389656823877,0.9099714589166916
1204.7737759354377,1,3.5610130546694676,0.010533906824924858,0.00040331771797912216,0.08296751933742108,-6.330218876308626e-05,0.08290421714865799,0.837015039026096
1204.7737759354377,2,3.5610130546694676,26.10760163896634,0.9995966824028752,0.08295335112289326,-0.10968797768164686,-0.026734626558753596,0.9099725871803318
1204.7748982646976,1,3.5610142970106193,0.010532310246089924,0.00040325658885172606,0.08296751957783322,-6.329245348185704e-05,0.08290422712435136,0.8370146080341301
1204.7748982646976,2,3.5610142970106193,26.107603233561544,0.9995967434560542,0.08295335108555779,-0.10968829415645663,-0.02673494307089884,0.9099735760298153
1204.786121557297,1,3.561026720281289,0.010516460059212855,0.00040264972367747974,0.08296752198122181,-6.31957983759815e-05,0.08290432618284584,0.8370102997843004
1204.786121557297,2,3.561026720281289,26.107619199862096,0.9995973547669391,0.08295335071234256,-0.1096914583926127,-0.026738107680270143,0.9099834628660298
1204.7973448498965,1,3.561039147463778,0.010500767658161379,0.0004020488997394211,0.08296752438393717,-6.310009644725883e-05,0.08290442428748991,0.8370059934184446
1204.7973448498965,2,3.561039147463778,26.10763489233315,0.9995979555935574,0.08295335033934492,-0.10969462156665966,-0.026741271227314733,0.9099933476423404
1204.8113739656458,1,3.5610552661804626,0.010337956284767559,0.0003958152475276064,0.08296752743999214,-6.212000811748442e-05,0.08290540743187466,0.8370005170511792
1204.8113739656458,2,3.5610552661804626,26.107797783765417,0.9996041923110291,0.08295334986957936,-0.10969887435893355,-0.02674552448935419,0.91000580201479
1204.825403081395,1,3.5610708145949808,0.010319059583933978,0.000395091738730329,0.08296753044166572,-6.200473826668917e-05,0.08290552570339903,0.8369951391944214
1204.825403081395,2,3.5610708145949808,26.107816666733626,0.9996049152940376,0.0829533494039536,-0.10970282554667518,-0.02674947614272158,0.9100181523699615
1204.8394321971443,1,3.561086370863366,0.010300257537732829,0.0003943718540291237,0.08296753344237207,-6.189004463487463e-05,0.08290564339773719,0.8369897641207386
1204.8394321971443,2,3.561086370863366,26.10783546895944,0.9996056351856157,0.08295334893864581,-0.10970677588803263,-0.026753426949386816,0.9100304999666127
1204.8745049865174,1,3.561125290123688,0.01025426868189833,0.0003926110523915249,0.08296754093943903,-6.160944917258906e-05,0.08290593149026644,0.8369763394470378
1204.8745049865174,2,3.561125290123688,26.10788127395263,0.9996073889475989,0.08295334777683294,-0.10971664582592978,-0.026763298049096843,0.9100613552304555
1204.9095777758905,1,3.5611650460522726,0.010012495289601079,0.0003833541361808488,0.08296754850351995,-6.0152653851058e-05,0.08290739584966889,0.8369628014117545
1204.9095777758905,2,3.5611650460522726,26.108123047345135,0.9996166458638177,0.0829533466118475,-0.1097269206812826,-0.026773574069435105,0.9100923305039993
1204.9446505652636,1,3.561204048575283,0.009969905640600197,0.0003817234819202735,0.08296755598731487,-5.989265131250335e-05,0.08290766333600236,0.8369494136255782
1204.9446505652636,2,3.561204048575283,26.108165636994087,0.9996182765180763,0.0829533454541691,-0.10973677433600058,-0.02678342888183148,0.9101231470840356
1204.9665710586219,1,3.561228446581842,0.00994398113898883,0.0003807308956933949,0.08296756066131739,-5.973434046811202e-05,0.08290782632084927,0.8369410555913303
1204.9665710586219,2,3.561228446581842,26.108191561495765,0.9996192691043058,0.08295334473166616,-0.10974292893096439,-0.026789584199298236,0.9101423975753974
1204.9884915519801,1,3.5612536533875905,0.009721705016396664,0.0003722204826040177,0.08296756540630934,-5.839657727844253e-05,0.0829091688290309,0.8369325732106552
1204.9884915519801,2,3.5612536533875905,26.108413837618613,0.999627779517405,0.08295334400476406,-0.10974949212164398,-0.026796148116879914,0.9101617792575291
1204.9994517986593,1,3.5612658669013424,0.00970935892713508,0.0003717477808201775,0.08296756774108083,-5.8321162524849996e-05,0.08290924657855597,0.8369284004188711
1204.9994517986593,2,3.5612658669013424,26.108426296970478,0.999628256555739,0.08295334364421425,-0.1097525667578774,-0.026799223113663145,0.9101713979812021
1205.0049319219988,1,3.5612719747858574,0.009703209601196815,0.00037151233805940973,0.0829675689082352,-5.8283599070292475e-05,0.08290928530916492,0.8369263146730952
1205.0049319219988,2,3.5612719747858574,26.10843236136065,0.9996284887465153,0.08295334346401528,-0.10975410356420501,-0.026800760100189724,0.9101762065826828
1205.0076719836686,1,3.5612750292092845,0.009700146425473845,0.0003713950564977925,0.08296756949175244,-5.826488670505126e-05,0.08290930460504739,0.8369252719675291
1205.0076719836686,2,3.5612750292092845,26.108435403292958,0.9996286052147182,0.08295334337393534,-0.10975487194429359,-0.026801528570358252,0.910178610724716
1205.0104120453384,1,3.56127887986031,0.009499325741908184,0.0003637061200789641,0.08296757014906664,-5.7058312881078266e-05,0.08291051183618556,0.8369240974400977
1205.0104120453384,2,3.56127887986031,26.108636228150345,0.9996362943109426,0.08295334327864357,-0.10975605379866746,-0.026802710520023892,0.9101811541554714
1205.0131521070082,1,3.56128193479841,0.009496312289245305,0.0003635907422925995,0.0829675707325137,-5.7039906037445205e-05,0.08291053082647626,0.8369230549414614
1205.0131521070082,2,3.56128193479841,26.10863923743148,0.9996364095290112,0.08295334318858583,-0.10975682206927584,-0.026803478880690013,0.9101835580915502
1205.040552723706,1,3.5613130729128017,0.009320840802816827,0.00035687236508906444,0.08296757661716558,-5.598291452478272e-05,0.0829115937026408,0.8369125425225847
1205.040552723706,2,3.5613130729128017,26.108814701831726,0.999643127634902,0.08295334228485896,-0.10976480696462113,-0.02681146467976217,0.9102076937968443
1205.0679533404038,1,3.5613441121526734,0.009177220221401565,0.0003513734817104703,0.08296758248650438,-5.511733613325538e-05,0.08291246515037112,0.8369020614575975
1205.0679533404038,2,3.5613441121526734,26.108958322413315,0.9996486265182873,0.08295334138322197,-0.10977272214290748,-0.026819380759685513,0.9102317953757862
1205.0925396907232,1,3.5613715742598915,0.00915249193206117,0.0003504266955472685,0.0829675877121403,-5.496618102322746e-05,0.08291262153111707,0.8368927332352654
1205.0925396907232,2,3.5613715742598915,26.108983050702548,0.9996495733044464,0.08295334057801806,-0.10977960377219653,-0.026826263194178468,0.9102533375896645
1205.1171260410426,1,3.5613990616537814,0.00912837178692671,0.0003495031937492521,0.08296759293509393,-5.481869520550231e-05,0.08291277423988842,0.8368834129624819
1205.1171260410426,2,3.5613990616537814,26.10900717084776,0.9996504968062474,0.08295333977378672,-0.10978648208039893,-0.026833142306612212,0.9102748710987489
1205.141712391362,1,3.5614265735194652,0.00910454840071265,0.00034859105412982284,0.08296759815508459,-5.4673008462077396e-05,0.0829129251466225,0.8368741011282742
1205.141712391362,2,3.5614265735194652,26.10903099423407,0.9996514089458706,0.08295333897051549,-0.10979335773505217,-0.026840018764536677,0.9102963962216546
1205.1717425503691,1,3.5614602079190196,0.009075964550405607,0.000347496647897786,0.08296760452662788,-5.449817618293487e-05,0.08291310635044495,0.8368627393361662
1205.1717425503691,2,3.5614602079190196,26.1090595780843,0.9996525033520995,0.08295333799070814,-0.10980175171805553,-0.026848413727347392,0.9103226753919361
1205.2017727093762,1,3.5614938751843166,0.009048087226883793,0.00034642929286104123,0.08296761089344251,-5.432761096512513e-05,0.08291328328247739,0.8368513906639046
1205.2017727093762,2,3.5614938751843166,26.109087455408247,0.9996535707071526,0.08295333701236718,-0.10981014080936631,-0.026856803796999132,0.9103489409721081
1205.2318028683833,1,3.561527574730804,0.00902099403542809,0.0003453919603373825,0.0829676172555045,-5.4161777957586106e-05,0.08291345547754692,0.8368400551377759
1205.2318028683833,2,3.561527574730804,26.109114548599234,0.9996546080396582,0.08295333603550326,-0.109818524768874,-0.02686518873337075,0.9103751927194881
1205.241187293073,1,3.5615381127362844,0.009012698686205103,0.00034507435155518417,0.08296761924267226,-5.411098830699638e-05,0.08291350825436526,0.8368365154852186
1205.241187293073,2,3.5615381127362844,26.109122928188107,0.9996549288737722,0.0829533357305321,-0.10982114385062752,-0.026867808120095427,0.9103833935879945
1205.2458795054176,1,3.5615433824999694,0.009008577823408501,0.00034491657372338316,0.08296762023608295,-5.408575530776517e-05,0.08291353448077518,0.8368347461374135
1205.2458795054176,2,3.5615433824999694,26.10912698587698,0.9996550842328278,0.08295333557810469,-0.10982245298550347,-0.02686911740739878,0.9103874934382974
1205.2505717177623,1,3.5615492327434874,0.008860584306344763,0.00033925026125547535,0.08296762128328616,-5.319673490339383e-05,0.08291442454838277,0.8368328811030264
1205.2505717177623,2,3.5615492327434874,26.109274984289826,0.9996607507327433,0.08295333542194072,-0.10982406305892052,-0.0268707276369798,0.9103916944298758
1205.255263930107,1,3.5615545043662684,0.008856509708658642,0.0003390942548024316,0.08296762227649257,-5.3171788641919486e-05,0.08291445048785065,0.8368311123509129
1205.255263930107,2,3.5615545043662684,26.109279054006283,0.999660906552306,0.0829533352695826,-0.10982537207132119,-0.026872036801738594,0.9103957936924084
1205.3021860535541,1,3.5616072776252232,0.008807384314204901,0.0003372133627160287,0.08296763219966152,-5.2872056556068596e-05,0.08291476014310545,0.836813446933302
1205.3021860535541,2,3.5616072776252232,26.109328158320675,0.999662786637288,0.08295333374736558,-0.10983847851914469,-0.026885144771779113,0.9104367838792794
1205.3256471152777,1,3.5616341456209146,0.008672831120912538,0.00033206164761474507,0.08296763720029254,-5.206194485209748e-05,0.08291557525544045,0.8368045490101638
1205.3256471152777,2,3.5616341456209146,26.10946271151372,0.9996679383523799,0.08295333298483332,-0.10984525732618575,-0.02689192434135243,0.9104573409584821
1205.3491081770012,1,3.5616605685000815,0.008653486320144751,0.0003313209821588894,0.08296764215501451,-5.194346942255811e-05,0.08291569868559195,0.8367957356115394
1205.3491081770012,2,3.5616605685000815,26.109482056314537,0.9996686790178375,0.082953332226257,-0.1098517923668494,-0.026898460140592398,0.9104778070508204
1205.3711686901206,1,3.56168543505692,0.008636257825650013,0.0003306613449322346,0.08296764681190982,-5.183784945677869e-05,0.08291580896245304,0.8367874545599948
1205.3711686901206,2,3.56168543505692,26.10949928480929,0.999669338655074,0.08295333151378514,-0.10985793346343246,-0.02690460194964732,0.9104970435194505
1205.39322920324,1,3.5617103215732153,0.008619576021213209,0.00033002263914063724,0.08296765146660778,-5.1735521781625426e-05,0.08291591594482615,0.8367791799063035
1205.39322920324,2,3.5617103215732153,26.109515966613532,0.9996699773608583,0.08295333080209222,-0.10986407170390651,-0.026910740901814292,0.9105162727963025
1205.4152897163594,1,3.5617352270062597,0.0086032448365295,0.00032939735772814706,0.0829676561189121,-5.1635309319117564e-05,0.08291602080959298,0.8367709119948875
1205.4152897163594,2,3.5617352270062597,26.109532297798644,0.9996706026422871,0.08295333009117378,-0.10987020744691205,-0.026916877355738264,0.910535494935496
1205.4221836267093,1,3.5617430139755113,0.008598200483548544,0.00032920422169924787,0.08296765757225621,-5.160435007561426e-05,0.0829160532221806,0.8367683296734285
1205.4221836267093,2,3.5617430139755113,26.109537388118063,0.9996707975382594,0.08295332986917092,-0.10987212447680715,-0.02691879460763623,0.9105415004331867
1205.4256305818842,1,3.56174690790593,0.008595684943446973,0.0003291079077760176,0.0829676582988359,-5.1588910672930764e-05,0.08291606938816297,0.8367670387656154
1205.4256305818842,2,3.56174690790593,26.109539869185486,0.9996708925323073,0.08295332975819747,-0.10987308279189763,-0.02691975303370016,0.910544502882607
1205.4273540594718,1,3.561748855070094,0.00859443006265803,0.00032905986143722384,0.08296765866210265,-5.1581208409189205e-05,0.08291607745369346,0.836766393375458
1205.4273540594718,2,3.561748855070094,26.109541115446206,0.9996709402486047,0.0829533297027174,-0.1098735619446798,-0.026920232241962397,0.9105460040470578
1205.4282157982657,1,3.5617498287017817,0.008593803425659472,0.000329035869027906,0.0829676588437307,-5.15773621232632e-05,0.08291608148160744,0.8367660706962811
1205.4282157982657,2,3.5617498287017817,26.10954173992791,0.999670964158493,0.08295332967498048,-0.1098738015196811,-0.026920471844700616,0.9105467546140795
1205.4290775370596,1,3.561751383244687,0.008448978638619983,0.0003234908795395453,0.082967659079495,-5.070807264572634e-05,0.08291695100684926,0.8367656518439994
1205.4290775370596,2,3.561751383244687,26.109686565827797,0.9996765091905896,0.08295332964348745,-0.10987434271237076,-0.02692101306888331,0.9105476067942233
1205.4299392758535,1,3.561752356949525,0.008448353086382318,0.0003234669286630885,0.08296765926112037,-5.070423433363207e-05,0.08291695502678674,0.8367653291769731
1205.4299392758535,2,3.561752356949525,26.109687190267067,0.9996765330988532,0.0829533296157523,-0.10987458228584401,-0.02692125267009171,0.9105483573491705
1205.4385566637925,1,3.561762094097021,0.008442122737856078,0.0003232283837441347,0.0829676610769825,-5.0666003282926284e-05,0.08291699507369958,0.8367621034200985
1205.4385566637925,2,3.561762094097021,26.109693491764578,0.999676774367894,0.0829533293384701,-0.10987697783015063,-0.026923648491680524,0.9105558619950492
1205.4471740517315,1,3.561771833840655,0.0084359352986102,0.0003229914817173504,0.08296766289247781,-5.062803134091587e-05,0.0829170348611369,0.8367588786933425
1205.4471740517315,2,3.561771833840655,26.109699679240546,0.9996770112713268,0.08295332906130692,-0.10987937286628394,-0.026926043804977012,0.9105633655100848
1205.468717521579,1,3.561796189374586,0.008420522882944112,0.0003224013777399463,0.0829676674288704,-5.053344599207376e-05,0.08291713398287834,0.8367508226923939
1205.468717521579,2,3.561796189374586,26.10971501975218,0.9996775986222735,0.0829533283689532,-0.10988535850997558,-0.026932030141022384,0.9105821185089473
1205.4902609914266,1,3.5618205635758864,0.008405321666594412,0.00032181936007161444,0.0829676719629786,-5.0440137880421664e-05,0.08291723182509818,0.8367427731059495
1205.4902609914266,2,3.5618205635758864,26.109730220967958,0.9996781806399199,0.0829533276773251,-0.10989134223702844,-0.026938014559703335,0.9106008649970139
1205.5436760899593,1,3.5618810965215886,0.00836760012228644,0.0003203750937208868,0.08296768319683867,-5.0208640821304825e-05,0.08291747455601736,0.8367228393209181
1205.5436760899593,2,3.5618810965215886,26.109767942512484,0.9996796249062789,0.08295332596542604,-0.10990617342438788,-0.026952847458961843,0.9106473223375712
1205.5703836392256,1,3.5619118651057335,0.00823542306894143,0.0003153143552493658,0.08296768885178629,-4.941300117598872e-05,0.0829182758506103,0.836712810433689
1205.5703836392256,2,3.5619118651057335,26.109900119565832,0.9996846856447505,0.08295332510823084,-0.10991382196547649,-0.02696049685724565,0.9106706151458271
1205.597091188492,1,3.561942779793082,0.00807392666571539,0.0003091310500527749,0.08296769451459785,-4.84415348010856e-05,0.08291925297979676,0.8367027712629171
1205.597091188492,2,3.561942779793082,26.11006161596914,0.9996908689499503,0.08295332425143087,-0.10992152884168331,-0.02696820459025244,0.91069391748996
1205.6037680758086,1,3.5619503671248176,0.008069814084219657,0.00030897358929187873,0.08296769591614517,-4.8416244252328e-05,0.08291927967189285,0.8367002871303315
1205.6037680758086,2,3.5619503671248176,26.110065772158833,0.9996910280803633,0.08295332403834088,-0.10992337940858665,-0.02697005537024577,0.9106997160281991
1205.6104449631252,1,3.561957956261282,0.008065680157841097,0.00030881531128724044,0.08296769731748377,-4.839082647097659e-05,0.0829193064910128,0.836697803591664
1205.6104449631252,2,3.561957956261282,26.11006990610689,0.9996911863591978,0.08295332382531928,-0.10992522979797069,-0.026971905972651408,0.9107055139975964
1205.617121850442,1,3.5619655471756824,0.008061557203311531,0.0003086574533680626,0.08296769871860299,-4.836547534854629e-05,0.08291933324325444,0.836695320667107
1205.617121850442,2,3.5619655471756824,26.110074029080295,0.9996913442178397,0.08295332361236518,-0.10992708000987052,-0.026973756397505336,0.9107113113484216
1205.6338140687335,1,3.561984531700545,0.00805135439567272,0.0003082668126340731,0.08296770222042049,-4.8302728581914485e-05,0.08291939949183857,0.836689116072756
1205.6338140687335,2,3.561984531700545,26.110084188239107,0.999691733187366,0.08295332308028946,-0.10993170450806096,-0.026978381427771495,0.9107258018375697
1205.650506287025,1,3.562003527005272,0.008041300712434949,0.00030788188151135347,0.08296770572083823,-4.8240881584765853e-05,0.08291946483925346,0.836682915356653
1205.650506287025,2,3.562003527005272,26.110094241922372,0.9996921181184899,0.08295332254864984,-0.10993632775723756,-0.02698300520858772,0.9107402882818333
1205.6671985053167,1,3.5620225329033373,0.008031397617089353,0.00030750271603342604,0.08296770921985797,-4.817994304484266e-05,0.08291952927681312,0.8366767185146621
1205.6671985053167,2,3.5620225329033373,26.110104145017562,0.9996924972839618,0.0829533220174472,-0.10994094966018088,-0.026987627642733672,0.9107547706429092
1205.6880637781812,1,3.5620463052051647,0.008019225886183392,0.0003070366900077133,0.08296771359167021,-4.8105019497016693e-05,0.08291960857217319,0.8366689778993978
1205.6880637781812,2,3.5620463052051647,26.11011631674889,0.9996929633100037,0.08295332135405964,-0.10994672515816732,-0.026993403804107682,0.9107728678628585
1205.6984964146136,1,3.5620581980070303,0.008013228144083668,0.00030680705102410614,0.08296771577675788,-4.806808924266105e-05,0.08291964768751521,0.836665109856835
1205.6984964146136,2,3.5620581980070303,26.110122421598334,0.9996931970498675,0.0829533210226181,-0.10994961234484923,-0.026996291322231136,0.9107819141617919
1205.708929051046,1,3.562070680573229,0.007861929150719538,0.0003010141798937319,0.08296771801612213,-4.715956413256942e-05,0.08292055845198956,0.8366611462966694
1205.708929051046,2,3.562070680573229,26.110273731469245,0.9996989903374728,0.0829533206875972,-0.10995280296375817,-0.026999482276160974,0.9107910612810978
1205.7193616874783,1,3.562082581476253,0.007856023860046878,0.0003007880806508124,0.08296772020019993,-4.712320947343219e-05,0.0829205969907265,0.8366572811425887
1205.7193616874783,2,3.562082581476253,26.110279626016688,0.9996992160253835,0.08295332035649672,-0.10995568896065772,-0.027002368604160998,0.9108001044533437
1205.7324024830189,1,3.562097463813826,0.007848708661491113,0.00030050799945804024,0.08296772292954468,-4.70781671566162e-05,0.08292064476238807,0.8366524517937348
1205.7324024830189,2,3.562097463813826,26.11028700167024,0.9996994984212513,0.08295331994285604,-0.10995929591156356,-0.02700597596870752,0.9108114062541462
1205.7454432785594,1,3.5621123524653164,0.00784147119649629,0.00030023089449459413,0.08296772565804744,-4.703359400156638e-05,0.08292069206404587,0.8366476247829346
1205.7454432785594,2,3.5621123524653164,26.110294239268697,0.9996997755313246,0.0829533195294827,-0.1099629019515463,-0.027009582422063597,0.9108227055496974
1205.7584840741,1,3.5621272476672043,0.007834314706159978,0.0002999568898542311,0.08296772838570643,-4.6989509411907514e-05,0.08292073887629452,0.8366428001138937
1205.7584840741,2,3.5621272476672043,26.11030139589958,0.9997000495413462,0.08295331911637316,-0.10996650720148791,-0.027013188085114756,0.910834002383915
1205.7666345713128,1,3.562136560097334,0.007829879617000055,0.00029978708105786114,0.0829677300900622,-4.696218421716567e-05,0.08292076790584503,0.8366397858820421
1205.7666345713128,2,3.562136560097334,26.11030572867175,0.9997002154326735,0.0829533188583147,-0.10996875987460625,-0.027015441016291553,0.9108410615863822
1205.7747850685257,1,3.5621458741503895,0.007825820018389069,0.0002996316488829894,0.08296773179397565,-4.6937112240868104e-05,0.08292079468173479,0.8366367727696957
1205.7747850685257,2,3.5621458741503895,26.110309788292003,0.999700370865677,0.08295331860036548,-0.10997101174468134,-0.02701769314431586,0.9108481196841338
1205.7829355657386,1,3.5621566358147265,0.007463465321257442,0.0002857579672589652,0.08296773363276966,-4.476309331444239e-05,0.08292297053945522,0.8366335215094567
1205.7829355657386,2,3.5621566358147265,26.110672165933526,0.999714245425786,0.08295331833328934,-0.10997401323462908,-0.027020694901339737,0.9108554295577903
1205.803311808771,1,3.562179928242548,0.00745329949611351,0.00028536874249491807,0.08296773788971912,-4.4700402660647835e-05,0.08292303748705847,0.8366259960657625
1205.803311808771,2,3.562179928242548,26.11068224313849,0.9997146312574986,0.08295331768923919,-0.10997963982243518,-0.027026322133195987,0.9108730652866543
1205.8236880518034,1,3.5622038190949525,0.0072978025724005574,0.00027941514280327385,0.08296774219961378,-4.3766133211712705e-05,0.08292397606640207,0.8366183791182596
1205.8236880518034,2,3.5622038190949525,26.11083774006243,0.9997205848571988,0.08295331704221365,-0.10998556781554933,-0.02703225077333568,0.9108907942305079
1205.8491583555938,1,3.5622329797819154,0.007286310355064593,0.00027897513370242494,0.08296774751600466,-4.36951149607209e-05,0.08292405240104395,0.8366089862811049
1205.8491583555938,2,3.5622329797819154,26.110849232279744,0.9997210248662989,0.08295331623888114,-0.10999259473084119,-0.027039278491960056,0.910912822406556
1205.8746286593841,1,3.562262179166221,0.007273656796278654,0.0002784906596569754,0.08296775283012447,-4.3617141563910414e-05,0.08292413568856057,0.8365996006636582
1205.8746286593841,2,3.562262179166221,26.11086188583874,0.9997215093403524,0.08295331543637996,-0.10999962326025886,-0.0270463078238789,0.9109348459751218
1205.9000989631745,1,3.5622914108631245,0.007260434444828394,0.00027798440792133083,0.0829677581414705,-4.353576728290815e-05,0.08292422237418759,0.8365902231408825
1205.9000989631745,2,3.5622914108631245,26.110875108190132,0.9997220155920857,0.08295331463477851,-0.11000665149213552,-0.027053336857357016,0.9109568629245328
1206.0212957941817,1,3.5624314457274133,0.007023605868222539,0.0002689168166983945,0.08296778343968203,-4.2106094339883046e-05,0.08292567734534215,0.836545601355866
1206.0212957941817,2,3.5624314457274133,26.111111936769166,0.9997310831834016,0.08295331083280644,-0.11004039009402844,-0.027087079261222002,0.9110615361339511
1206.0818942096853,1,3.562501322351753,0.007003817882456336,0.00026815918276491943,0.08296779602560633,-4.19827191167027e-05,0.08292581330648963,0.8365234288384186
1206.0818942096853,2,3.562501322351753,26.111131724752198,0.9997318408172304,0.08295330894187192,-0.11005704254665367,-0.027103733604781757,0.9111137489111711
1206.1424926251889,1,3.562571396299376,0.00697783938639355,0.0002671645292215844,0.0829678085965515,-4.1822280795113066e-05,0.0829259863157564,0.8365013005356268
1206.1424926251889,2,3.562571396299376,26.111157703248693,0.9997328354707904,0.08295330705573178,-0.1100737013868111,-0.02712039433107931,0.9111659310069786
1206.1576422290648,1,3.5625889436929796,0.00697080640122931,0.00026689525329441264,0.0829678117367898,-4.177895219662601e-05,0.08292603278459318,0.8364957756355822
1206.1576422290648,2,3.5625889436929796,26.111164968976453,0.9997331136578664,0.08295330658497946,-0.1100778663362288,-0.027124559751249347,0.9111789707592686
1206.1652170310026,1,3.562597719584014,0.0069673269314618775,0.00026676203284451674,0.08296781330649239,-4.175751100078615e-05,0.0829260557954916,0.8364930143339481
1206.1652170310026,2,3.562597719584014,26.111168273914767,0.9997332401959308,0.08295330634974096,-0.11007994781384273,-0.027126641464101764,0.9111854892042043
1206.1671107314871,1,3.562599913849104,0.006966463242473527,0.0002667289642900274,0.08296781369887452,-4.1752187856695155e-05,0.08292606151101782,0.8364923241295369
1206.1671107314871,2,3.562599913849104,26.11116908302981,0.9997332711749813,0.08295330629094533,-0.11008046811353579,-0.027127161822590465,0.9111871186746313
1206.1680575817295,1,3.56260101112924,0.006966032916210525,0.0002667124881421684,0.08296781389505803,-4.174953540262371e-05,0.08292606435965541,0.8364919790458674
1206.1680575817295,2,3.56260101112924,26.11116951062793,0.9997332875466752,0.0829533062615484,-0.11008072830664775,-0.027127422045099353,0.9111879334070306
1206.1685310068506,1,3.5626015597851413,0.0069658179298618915,0.0002667042568368257,0.08296781399314845,-4.174821023976393e-05,0.08292606578290869,0.8364918065085335
1206.1685310068506,2,3.5626015597851413,26.11116972493166,0.9997332957518448,0.08295330624685171,-0.11008085840306002,-0.02712755215620831,0.9111883407689243
1206.168767719411,1,3.562601834117084,0.006965710477158607,0.0002667001427336919,0.08296781404219278,-4.1747547902053824e-05,0.08292606649429073,0.8364917202409893
1206.168767719411,2,3.562601834117084,26.111169832214458,0.9997332998594426,0.08295330623950292,-0.11008092345124497,-0.027127617211742047,0.9111885444488097
1206.1688860756913,1,3.5626019712840775,0.006965656754782289,0.0002666980858343306,0.08296781406671538,-4.1747216757314834e-05,0.08292606684995807,0.836491677107494
1206.1688860756913,2,3.5626019712840775,26.111169885893997,0.9997333019147019,0.08295330623582764,-0.11008095597534363,-0.027127649739515994,0.9111886462884912
1206.1690044319714,1,3.5626025892780167,0.006846457891329579,0.00026213425074517833,0.08296781413641519,-4.1032806248018566e-05,0.08292678133016716,0.8364915545079995
1206.1690044319714,2,3.5626025892780167,26.111289085031533,0.999737865760285,0.08295330622912456,-0.11008123792258917,-0.027127931693464613,0.9111888320921259
1206.1691227882516,1,3.5626027264482145,0.0068464038395803445,0.00026213218123492766,0.08296781416093868,-4.10324732863185e-05,0.08292678168765236,0.8364915113736279
1206.1691227882516,2,3.5626027264482145,26.11128913880934,0.9997378678193066,0.08295330622545016,-0.11008127044727604,-0.02712796422182588,0.9111889339325786
1206.1703063510531,1,3.562604098168353,0.0068458626102786725,0.00026211145887896975,0.08296781440616119,-4.102913941521143e-05,0.08292678526674598,0.8364910800446599
1206.1703063510531,2,3.562604098168353,26.111289681445644,0.9997378885955334,0.082953306188708,-0.110081595699122,-0.027128289510414003,0.911189952324417
1206.1714899138547,1,3.5626054699411553,0.006845321732358564,0.00026209074997655875,0.08296781465137837,-4.102580766931352e-05,0.08292678884370905,0.836490648733716
1206.1714899138547,2,3.5626054699411553,26.111290222323312,0.9997379093044261,0.08295330615196761,-0.11008192094257127,-0.02712861479060366,0.9111909706962642
1206.18332554187,1,3.562619188090226,0.006839950309311989,0.0002618850912289117,0.0829678171028494,-4.099271530241608e-05,0.08292682438754698,0.8364863372171358
1206.18332554187,2,3.562619188090226,26.1112957345569,0.9997381203544675,0.08295330578470406,-0.11008517306040332,-0.02713186727569926,0.9112011528377169
1206.1951611698855,1,3.562632911462472,0.0068346311799439945,0.00026168143467925824,0.08296781955366939,-4.095993824961061e-05,0.08292685961541978,0.8364820275190737
1206.1951611698855,2,3.562632911462472,26.111301053787805,0.9997383240149048,0.082953305417651,-0.11008842430192824,-0.027135118884277235,0.9112113329645588
1206.3135174500399,1,3.562770418105424,0.006700841156059121,0.00025655893948175546,0.08296784402548152,-4.014935857073142e-05,0.08292769466691079,0.8364390315381947
1206.3135174500399,2,3.562770418105424,26.111434701481258,0.9997434410606155,0.08295330176001503,-0.11012103704043799,-0.02716773528042296,0.9113129890875945
1206.4318737301942,1,3.562908542914922,0.006555867760245578,0.0002510082601242304,0.0829678684408357,-3.927218287899888e-05,0.0829285962579567,0.8363962016161662
1206.4318737301942,2,3.562908542914922,26.11157967487687,0.9997489917399655,0.08295329812336405,-0.11015361883870063,-0.02720032071533658,0.9114144463391054
1206.5135867863937,1,3.5630053463976576,0.00622523073808497,0.00023834897127028898,0.08296788536129629,-3.728594772392733e-05,0.08293059941357236,0.8363665584660893
1206.5135867863937,2,3.5630053463976576,26.11191031189732,0.9997616510287538,0.08295329561707732,-0.11017658887794635,-0.02722329326086903,0.9114845927556483
1206.5952998425932,1,3.5631022921477533,0.0059508741639875025,0.00022784452413432814,0.08296790223726358,-3.563736820445593e-05,0.08293226486905912,0.8363370250446004
1206.5952998425932,2,3.5631022921477533,26.112184668471322,0.9997721554758862,0.0829532931209549,-0.11019943040157411,-0.027246137280619212,0.9115546379525054
1206.6770128987928,1,3.563198561119295,0.005920972824680727,0.00022669967444710737,0.08296791899229738,-3.54530374793402e-05,0.08293246595481804,0.8363077345946764
1206.6770128987928,2,3.563198561119295,26.11221456981082,0.9997733003255806,0.08295329064026724,-0.11022174189545739,-0.027268451255190146,0.9116244322204775
1206.7139404989246,1,3.563242574539839,0.0058055644216788,0.0002222809668860896,0.0829679265935841,-3.475967431606231e-05,0.08293316691926804,0.8362944566188634
1206.7139404989246,2,3.563242574539839,26.112329978212856,0.9997777190331048,0.08295328951975911,-0.11023203156137884,-0.02727874204161973,0.9116560176001496
1206.7231723989576,1,3.563253483811733,0.005802283508028157,0.00022215534866784858,0.0829679284831828,-3.473944996033787e-05,0.08293318903322246,0.8362911568521946
1206.7231723989576,2,3.563253483811733,26.112333348897845,0.9997778480884496,0.08295328924057532,-0.11023454989191314,-0.02728126065133782,0.9116638931632179
1206.7277883489742,1,3.563258939291636,0.005800649476111607,0.00022209278555288648,0.08296792942783071,-3.472937659199423e-05,0.08293320005123872,0.8362895073778185
1206.7277883489742,2,3.563258939291636,26.112334915606606,0.9997779080739243,0.08295328910103184,-0.11023580870107168,-0.027282519600039842,0.9116678304350675
1206.7300963239825,1,3.563261667423126,0.005799835455265375,0.00022206161867097395,0.0829679299001187,-3.472435792527125e-05,0.08293320554219342,0.8362886827432251
1206.7300963239825,2,3.563261667423126,26.1123357127931,0.9997779385962599,0.08295328903127075,-0.11023643810798692,-0.027283149076716168,0.9116697989747821
1206.7324042989908,1,3.563264741864184,0.005713407947100593,0.0002187525192131011,0.08296793040509165,-3.4206757815112173e-05,0.08293372364727654,0.8362878010657712
1206.7324042989908,2,3.563264741864184,26.11242214181671,0.9997812477537404,0.08295328895937892,-0.1102372468826374,-0.02728395792325848,0.9116718278014848
1206.734712273999,1,3.5632674705385696,0.005712592475013257,0.0002187212967666901,0.08296793087733967,-3.4201732710691525e-05,0.08293372914462897,0.8362869765493299
1206.734712273999,2,3.5632674705385696,26.11242295577491,0.9997812789182238,0.08295328888963294,-0.11023787629617465,-0.027284587406541716,0.9116737962275133
1206.7577920240822,1,3.563294756074738,0.005704507015565792,0.00021841172415442355,0.08296793559720772,-3.415189989880638e-05,0.08293378369730892,0.8362787373196663
1206.7577920240822,2,3.563294756074738,26.11243103561939,0.9997815882758525,0.08295328819267667,-0.11024416831270932,-0.027290880120032654,0.9116934742728469
1206.7808717741652,1,3.563322064388125,0.0056965732355026616,0.00021810795897753412,0.08296794031468835,-3.410298069930337e-05,0.08293383733398904,0.8362705047219301
1206.7808717741652,2,3.563322064388125,26.112438969399385,0.9997818920410267,0.08295328749647712,-0.11025045833958473,-0.027297170843107607,0.9117131453637198
1206.8303936355333,1,3.5633807498638967,0.005680118600809863,0.00021747795096390934,0.08296795043017546,-3.4001438136777105e-05,0.08293394899203868,0.8362528602185757
1206.8303936355333,2,3.5633807498638967,26.112455424033758,0.9997825220490282,0.08295328600512875,-0.11026394890192213,-0.02731066289679339,0.9117553320888138
1206.8799154969013,1,3.56343996507947,0.005560942578092396,0.00021291499039105657,0.08296796057474509,-3.328507448629931e-05,0.08293467550025879,0.8362351763484248
1206.8799154969013,2,3.56343996507947,26.11257460005672,0.9997870850096104,0.08295328451462147,-0.11027764776812621,-0.027324363253504735,0.9117975616366382
1206.9294373582693,1,3.563498866596321,0.005545740895928477,0.00021233295488782915,0.082967970668955,-3.319113435099579e-05,0.08293477953460401,0.836217591540129
1206.9294373582693,2,3.563498866596321,26.112589801738558,0.9997876670451011,0.08295328303017513,-0.11029112082016072,-0.027337837789985595,0.9118396858295524
1206.9510686556728,1,3.5635246272001257,0.00553929933491748,0.00021208632315561834,0.08296797507467701,-3.315129668757305e-05,0.08293482377798944,0.8362099199891788
1206.9510686556728,2,3.5635246272001257,26.112596243299627,0.9997879136768356,0.08295328238285737,-0.11029700295392696,-0.027343720571069582,0.9118580755711059
1206.9726999530762,1,3.563550758263738,0.005446186204567278,0.0002085212474557007,0.08296797951157764,-3.259277155153566e-05,0.08293538674002611,0.8362021963110221
1206.9726999530762,2,3.563550758263738,26.11268935643052,0.9997914787525563,0.08295328173405281,-0.11030306517564235,-0.027349783441589545,0.9118765202811212
1206.9943312504797,1,3.563576558547481,0.005439902255706372,0.00020828065031006419,0.0829679839131563,-3.25539057231161e-05,0.08293543000743318,0.8361945362639251
1206.9943312504797,2,3.563576558547481,26.112695640378895,0.9997917193496832,0.08295328108805222,-0.11030894402838562,-0.027355662940333397,0.911894897907307
1207.0010910309184,1,3.5635846254014147,0.005437955960096126,0.00020820613137638805,0.08296798528821903,-3.2541865366118525e-05,0.0829354434228529,0.8361921436865316
1207.0010910309184,2,3.5635846254014147,26.11269763571122,0.9997917957461138,0.0829532808863096,-0.11031078093180764,-0.027357500045498043,0.9119006397041253
1207.0044709211377,1,3.5635886592964288,0.0054369869936825325,0.00020816903200488,0.08296798597567179,-3.2535870362363255e-05,0.08293545010530942,0.8361909476112113
1207.0044709211377,2,3.5635886592964288,26.1126985679019,0.9997918314374318,0.08295328078546493,-0.11031169919001477,-0.027358418404549834,0.9119035103313256
1207.007850811357,1,3.5635931149825724,0.005331890523931039,0.00020414514333258422,0.08296798670300198,-3.1906756875904645e-05,0.08293607994612608,0.8361896822118462
1207.007850811357,2,3.5635931149825724,26.112803667070875,0.9997958554294507,0.08295328068205698,-0.11031283569790563,-0.02735955501584865,0.9119064542379302
1207.0112307015763,1,3.5635971500831243,0.005330914765414207,0.00020410778390793314,0.08296798739037214,-3.1900725188573345e-05,0.08293608666518357,0.8361884863874021
1207.0112307015763,2,3.5635971500831243,26.112804640137124,0.9997958926857949,0.08295328058124074,-0.11031375398492153,-0.027360473403680793,0.9119093246358984
1207.0450296037695,1,3.5636374990128563,0.005321209442892501,0.0002037361906712772,0.08296799425858037,-3.1840727528308485e-05,0.08293615353105206,0.8361765405599412
1207.0450296037695,2,3.5636374990128563,26.112814333192016,0.9997962638093338,0.082953279574137,-0.11032293264364904,-0.02736965306951203,0.911938015703638
1207.0788285059627,1,3.5636778981919774,0.005311707003102906,0.00020337236532187264,0.0829680011217997,-3.178195379071686e-05,0.08293621916800897,0.8361646085871915
1207.0788285059627,2,3.5636778981919774,26.112823835631698,0.9997966276346791,0.08295327856861867,-0.11033210745632543,-0.027378828887706763,0.9119666923624115
1207.1345360731975,1,3.563745042448196,0.0051917234630622505,0.0001987784868712154,0.08296801246537555,-3.1060964432651644e-05,0.0829369515009429,0.836144898681788
1207.1345360731975,2,3.563745042448196,26.11294381917184,0.9998012215131337,0.08295327691203358,-0.11034744246320444,-0.027394165551170857,0.9120140041026822
1207.1902436404323,1,3.5638122656828894,0.005089046523244389,0.00019484723612591415,0.08296802379010515,-3.0443657177059566e-05,0.0829375801329281,0.8361252355959359
1207.1902436404323,2,3.5638122656828894,26.113046496111888,0.9998051527638878,0.08295327526009633,-0.11036273262723054,-0.02740945736713421,0.912061266621104
1207.2180974240496,1,3.563846478214662,0.004902101533046035,0.00018768956631854262,0.08296802949991555,-2.9323861238094892e-05,0.08293870563867746,0.8361153270003352
1207.2180974240496,2,3.563846478214662,26.11323344110176,0.9998123104336826,0.08295327443240996,-0.11037065823102024,-0.02741738379861028,0.9120849784111582
1207.2459512076668,1,3.563880426259658,0.0047890257483498636,0.00018336016904929312,0.0829680351781894,-2.864603743853312e-05,0.08293938914075087,0.8361054766693269
1207.2459512076668,2,3.563880426259658,26.11334651688643,0.9998166398309509,0.08295327360760396,-0.1103784267618576,-0.027425153154253645,0.9121086286579915
1207.2738049912841,1,3.5639139792530123,0.004782091726905154,0.00018309468220267688,0.08296804081234832,-2.8603153431525992e-05,0.0829394376589168,0.8360957063498052
1207.2738049912841,2,3.5639139792530123,26.113353450907923,0.9998169053177993,0.08295327278645903,-0.11038597059302395,-0.027432697806564918,0.9121321947046317
1207.3434394503274,1,3.563998006928024,0.004765467776604285,0.00018245819150548558,0.08296805488268433,-2.8500222051050973e-05,0.08293955466063328,0.8360713218131323
1207.3434394503274,2,3.563998006928024,26.113370074858615,0.9998175418085116,0.08295327073827874,-0.11040481806586112,-0.027451547327582385,0.9121910661214917
1207.4130739093707,1,3.5640826074656333,0.004659974204393251,0.0001784190987441042,0.08296806896635722,-2.7865896184682503e-05,0.08294020307017254,0.836046935785468
1207.4130739093707,2,3.5640826074656333,26.11347556843067,0.9998215809012669,0.08295326869454112,-0.11042383701697017,-0.027470568322429056,0.9122499392807214
1207.482708368414,1,3.5641673630233566,0.00456904840194063,0.00017493777051896364,0.08296808302366987,-2.7318838519441526e-05,0.08294076418515042,0.836022616935124
1207.482708368414,2,3.5641673630233566,26.113566494233094,0.999825062229491,0.08295326665775082,-0.11044281071168845,-0.027489544053937623,0.9123087415283637
1207.5157969281881,1,3.564207564703614,0.004562149034352883,0.00017467361048439744,0.0829680896820566,-2.7276009012976317e-05,0.08294081367304362,0.8360111055668316
1207.5157969281881,2,3.564207564703614,26.113573393600277,0.99982532638951,0.08295326569311001,-0.11045174520440242,-0.027498479511292404,0.9123366359339888
1207.5240690681317,1,3.5642176229385467,0.004560446069803422,0.00017460840810627664,0.08296809134590699,-2.7265433557699366e-05,0.08294082591234929,0.8360082297656969
1207.5240690681317,2,3.5642176229385467,26.11357517265389,0.9998253945051536,0.08295326545217918,-0.11045397842878024,-0.02750071297660106,0.9123436074539714
1207.5282051381034,1,3.5642226528189056,0.0045595945654836765,0.00017457580607316614,0.0829680921777225,-2.7260145865127973e-05,0.08294083203185737,0.8360067921691356
1207.5282051381034,2,3.5642226528189056,26.113575967097262,0.9998254249224616,0.08295326533175018,-0.11045509476721192,-0.02750182943546174,0.9123470928349661
1207.5302731730894,1,3.5642251680979093,0.00455916988951284,0.0001745595462612763,0.08296809259360138,-2.7257508494708498e-05,0.08294083508510668,0.836006073447541
1207.5302731730894,2,3.5642251680979093,26.113576377503357,0.9998254406359146,0.08295326527154412,-0.1104556529449997,-0.027502387673455586,0.9123488354556223
1207.5323412080754,1,3.564228050898793,0.004468059093103657,0.00017107113506666956,0.08296809304446562,-2.671269205586642e-05,0.08294138035240975,0.8360052942857892
1207.5323412080754,2,3.564228050898793,26.113667489791617,0.9998289291042286,0.08295326520913449,-0.11045640129364097,-0.027503136084506483,0.9123506419548284
1207.5344092430614,1,3.564230566659165,0.004467629409951419,0.00017105468354196038,0.08296809346031875,-2.6710026760080436e-05,0.08294138343355867,0.8360045756486009
1207.5344092430614,2,3.564230566659165,26.113667917984273,0.9998289454986858,0.08295326514893997,-0.11045695949150308,-0.027503694342563112,0.9123523845011988
1207.5550895929214,1,3.5642557234345214,0.004463351927628353,0.00017089090912873387,0.0829680976168552,-2.6683491286656564e-05,0.08294141412556855,0.8359973937555617
1207.5550895929214,2,3.5642557234345214,26.11367219070722,0.9998291090908741,0.08295326454736252,-0.11046253994098,-0.027509275393617486,0.9123698052340588
1207.5757699427813,1,3.5642808996022137,0.004459131662826357,0.00017072932543547568,0.08296810177158331,-2.665730061795551e-05,0.08294144447096535,0.8359902168579606
1207.5757699427813,2,3.5642808996022137,26.113676410971976,0.9998292706745656,0.08295326394635794,-0.11046811904565913,-0.027514855099301197,0.9123872207378682
1207.6223445307405,1,3.5643376818544024,0.0044499241461338655,0.00017037679197544133,0.08296811112294566,-2.660010127127183e-05,0.0829415110216744,0.835974070119999
1207.6223445307405,2,3.5643376818544024,26.113685618488503,0.9998296232080193,0.08295326259485858,-0.11048067947912273,-0.027527416884264147,0.912426425015677
1207.64563182472,1,3.564366112672443,0.00444545144212042,0.00017020554299765177,0.0829681157954365,-2.6572289950127875e-05,0.08294154350548638,0.8359660058052457
1207.64563182472,2,3.564366112672443,26.113690091192918,0.9998297944570125,0.08295326192018138,-0.11048695725618009,-0.027533695335998712,0.912446017599847
1207.651453648215,1,3.56437322446485,0.004444346742883684,0.0001701632467458794,0.08296811696320994,-2.6565418189077968e-05,0.08294155154502086,0.835963990699585
1207.651453648215,2,3.56437322446485,26.113691233914455,0.9998298382090458,0.08295326175162288,-0.11048852651254952,-0.027535264760926645,0.9124509147466783
1207.6543645599625,1,3.5643767807285354,0.0044437952605858025,0.00017014213182758896,0.08296811754704247,-2.6561987570026945e-05,0.08294155555947245,0.8359629832970044
1207.6543645599625,2,3.5643767807285354,26.113691756881593,0.9998298582321878,0.08295326166736317,-0.11048931100096998,-0.027536049333606816,0.9124533631281885
1207.655820015836,1,3.5643785590271926,0.004443520101169723,0.00017013159664158264,0.08296811783894409,-2.6560275757008902e-05,0.08294155756318708,0.835962479633607
1207.655820015836,2,3.5643785590271926,26.113692024910623,0.9998298684943686,0.08295326162523686,-0.11048970324929945,-0.027536441624062588,0.9124545872840264
1207.6561838798045,1,3.564379003614582,0.004443451347337817,0.00017012896422428036,0.08296811791191772,-2.6559848021075695e-05,0.08294155806389664,0.8359623537216794
1207.6561838798045,2,3.564379003614582,26.113692091436135,0.999829871041469,0.08295326161470484,-0.11048980130937536,-0.027536539694670514,0.9124548933185391
1207.6563658117889,1,3.564379225914445,0.0044434169972804305,0.0001701276490439785,0.08296811794840497,-2.655963431395221e-05,0.08294155831409102,0.8359622907663161
1207.6563658117889,2,3.564379225914445,26.113692125674284,0.9998298723523646,0.08295326160943972,-0.1104898503413103,-0.02753658873187058,0.9124550463358688
1207.656411294785,1,3.564379281489607,0.0044434084113011175,0.00017012732030767576,0.08296811795752657,-2.6559580896378008e-05,0.08294155837663018,0.8359622750275368
1207.656411294785,2,3.564379281489607,26.11369213422555,0.9998298726797717,0.08295326160812344,-0.11048986259926123,-0.02753660099113779,0.9124550845901315
1207.656434036283,1,3.5643793092772915,0.004443404117309877,0.00017012715590117617,0.08296811796208736,-2.6559554181608787e-05,0.08294155840790575,0.8359622671581557
1207.656434036283,2,3.5643793092772915,26.113692138518275,0.9998298728441298,0.08295326160746441,-0.11048986872827014,-0.02753660712080573,0.912455103717265
1207.656456777781,1,3.5643796488301183,0.00436644106195018,0.00016718042736329626,0.08296811799639503,-2.609951872952274e-05,0.08294201847766551,0.8359622079624344
1207.656456777781,2,3.5643796488301183,26.113769101659546,0.999832819575957,0.08295326160493932,-0.11049003624521629,-0.02753677464027697,0.9124551770816897
1207.656479519279,1,3.5643796766179268,0.004366436715990754,0.00016718026096706104,0.08296811800095671,-2.6099491722270275e-05,0.08294201850923444,0.8359622000929039
1207.656479519279,2,3.5643796766179268,26.113769105919285,0.9998328197390521,0.08295326160428296,-0.1104900423742132,-0.02753678076993024,0.9124551962089219
1207.656706934259,1,3.564379954500189,0.004366393165627193,0.00016717859352937238,0.08296811804656468,-2.6099221107375565e-05,0.0829420188254573,0.8359621213979566
1207.656706934259,2,3.564379954500189,26.113769149527116,0.9998328214086901,0.08295326159769978,-0.11049010366617021,-0.02753684206847043,0.9124553874815091
1207.6569343492392,1,3.5643802323846554,0.004366349607348187,0.00016717692578862057,0.08296811809217441,-2.6098950445476818e-05,0.08294201914172894,0.8359620427035814
1207.6569343492392,2,3.5643802323846554,26.113769193085265,0.9998328230764258,0.08295326159111838,-0.11049016495788123,-0.027536903366762858,0.9124555787534521
1207.6592084990407,1,3.564383011253058,0.00436591431820986,0.00016716025962431428,0.08296811854823982,-2.6096245602035083e-05,0.08294202230263778,0.8359612558121238
1207.6592084990407,2,3.564383011253058,26.113769634121574,0.9998328399626354,0.08295326152530524,-0.110490777869151,-0.027537516343845755,0.9124574914218564
1207.6614826488421,1,3.5643857903353604,0.0043654796752852785,0.00016714361820196347,0.08296811900428569,-2.6093544652322977e-05,0.08294202545963336,0.8359604689804201
1207.6614826488421,2,3.5643857903353604,26.113770068765287,0.9998328566040879,0.08295326145949922,-0.11049139075218915,-0.027538129292689936,0.9124594040232497
1207.6842241468566,1,3.5644139578175458,0.004268918838996186,0.00016344653821202817,0.08296812359807149,-2.5515366950518943e-05,0.08294260823112097,0.8359525444040992
1207.6842241468566,2,3.5644139578175458,26.11386662379576,0.9998365534617873,0.08295326079957643,-0.1104977120767913,-0.02754445127721486,0.9124785915883582
1207.7069656448712,1,3.5644417755193842,0.004264321965535995,0.0001632705350875828,0.08296812815427312,-2.548688741948363e-05,0.08294264126685363,0.835944686916962
1207.7069656448712,2,3.5644417755193842,26.11387122066914,0.9998367294649086,0.08295326014259796,-0.1105038387194954,-0.02755057857689744,0.9124977072407596
1207.7479938894558,1,3.5644920316429474,0.00425646797224004,0.00016296982475230126,0.08296813636967482,-2.5438140260384046e-05,0.08294269822941443,0.835930524551888
1207.7479938894558,2,3.5644920316429474,26.113879074662638,0.9998370301752516,0.08295325895903449,-0.11051488776055596,-0.027561628801521465,0.9125321791332465
1207.7890221340404,1,3.5645427426555174,0.004156676332679314,0.00015914904514887867,0.08296814461413593,-2.4839986731836196e-05,0.0829433046274041,0.8359163194151574
1207.7890221340404,2,3.5645427426555174,26.113978866302173,0.9998408509548541,0.08295325777545237,-0.11052612505363998,-0.027572867278187613,0.9125666960386104
1207.830050378625,1,3.564593155382349,0.00414954873971512,0.00015887614691873666,0.08296815281588543,-2.479563892941104e-05,0.08294335717695601,0.835902195143223
1207.830050378625,2,3.564593155382349,26.1139859938953,0.9998411238530905,0.08295325659634223,-0.11053716300737956,-0.027583906411037334,0.9126011269083932
1207.8396241877094,1,3.564604930305597,0.004147916028254971,0.00015881363436084432,0.08296815472872243,-2.4785474036945013e-05,0.08294336925468548,0.8358989020802797
1207.8396241877094,2,3.564604930305597,26.113987730764286,0.9998411903535871,0.08295325632152029,-0.11053973811255614,-0.027586481791035858,0.9126091583095826
1207.8444110922517,1,3.5646108187671577,0.0041470998660013665,0.00015878238548964246,0.08296815568499483,-2.478039293512728e-05,0.0829433752920597,0.8358972559491386
1207.8444110922517,2,3.5646108187671577,26.113988468816988,0.9998412186118333,0.08295325618415639,-0.11054102528996079,-0.027587769105804405,0.9126131734965964
1207.846804544523,1,3.5646137634570283,0.004146693000132446,0.0001587668075833154,0.08296815616309328,-2.477785969286875e-05,0.08294337830340041,0.8358964329843145
1207.846804544523,2,3.5646137634570283,26.113988856149,0.9998412334418356,0.08295325611548598,-0.11054166889181612,-0.027588412776330132,0.9126151809979974
1207.8491979967941,1,3.564617084808444,0.004053443688187831,0.000155196517820771,0.08296815667714785,-2.4220560867908447e-05,0.08294393611627994,0.8358955481559116
1207.8491979967941,2,3.564617084808444,26.114082107233514,0.9998448037994655,0.08295325604458448,-0.11054250726690311,-0.02758925122231863,0.9126172538874378
1207.8515914490654,1,3.564620030127895,0.004053033438029073,0.00015518081033820253,0.08296815715520989,-2.421800974913604e-05,0.08294393914546075,0.8358947253054426
1207.8515914490654,2,3.564620030127895,26.114082515713324,0.9998448194391658,0.0829532559759274,-0.11054315088718356,-0.027589894911256158,0.9126192612809498
1207.8755259717777,1,3.5646498067806087,0.003969807380665144,0.0001519942866589731,0.08296816196385759,-2.3719731634320573e-05,0.08294444223222328,0.8358864499266443
1207.8755259717777,2,3.5646498067806087,26.11416573525416,0.999848005713343,0.08295325528786357,-0.11054975218331865,-0.027596496895455083,0.9126393873799153
1207.89946049449,1,3.564679674329125,0.0038713118534091885,0.00014822313204898292,0.08296816677615748,-2.3130263190080444e-05,0.0829450365129674,0.8358781707517491
1207.89946049449,2,3.564679674329125,26.114264230781203,0.9998517768679448,0.08295325460013014,-0.1105563845589603,-0.027603129958830158,0.9126595189587771
1207.9225218974948,1,3.5647081143585067,0.0038671027305437447,0.00014806197495342483,0.08296817137628754,-2.310420018447174e-05,0.08294506717610306,0.8358702589297707
1207.9225218974948,2,3.5647081143585067,26.114268439904464,0.9998519380250555,0.0829532539404152,-0.11056258278889519,-0.027609328848479997,0.9126788446286769
1207.9455833004995,1,3.5647365796898307,0.003863259234560743,0.00014791481682352204,0.08296817597442807,-2.3080324422100837e-05,0.08294509565000598,0.8358623528029555
1207.9455833004995,2,3.5647365796898307,26.114272283400112,0.9998520851831726,0.08295325328141967,-0.11056877856265818,-0.027615525281238507,0.9126981631916609
1207.9686447035042,1,3.56476533843481,0.003793203422758242,0.00014523254987195715,0.0829681805961382,-2.26608914342848e-05,0.08294551970470392,0.8358544084376412
1207.9686447035042,2,3.56476533843481,26.114342339211785,0.9998547674501191,0.08295325262153241,-0.11057511165819317,-0.027621859036660756,0.9127175218635875
1207.9959526298712,1,3.5647991052056676,0.003788944260782444,0.00014506947690034916,0.0829681860355409,-2.263438931117147e-05,0.08294555164622973,0.8358450614551973
1207.9959526298712,2,3.5647991052056676,26.114346598374198,0.9998549305231075,0.08295325184292324,-0.11058244385016755,-0.027629192007244313,0.9127403814408513
1208.0232605562383,1,3.5648329059438386,0.0037847213111415062,0.00014490779041112623,0.08296819147182877,-2.2608107195320082e-05,0.08294558336463345,0.8358357229998291
1208.0232605562383,2,3.5648329059438386,26.11435082132368,0.9998550922095907,0.08295325106528395,-0.11058977385315003,-0.027636522787866075,0.9127632320716257
1208.0369145194218,1,3.564849819918996,0.003782627959965561,0.00014482764107686273,0.08296819418879675,-2.2595075773352246e-05,0.0829455991130234,0.8358310569802677
1208.0369145194218,2,3.564849819918996,26.114353129431827,0.999855180581448,0.08295325067682136,-0.11059343847952896,-0.027640187802707605,0.9127746541928031
1208.0437415010135,1,3.5648582790151906,0.0037815822336408214,0.00014478760275471556,0.08296819554698676,-2.2588566074570598e-05,0.08294560698091219,0.8358287247711923
1208.0437415010135,2,3.5648582790151906,26.114354014116916,0.9998552144538921,0.08295325048268865,-0.11059527002983001,-0.027642019547141364,0.9127803642284914
1208.0505684826053,1,3.564867063552683,0.0037009839483101107,0.00014170169008690116,0.08296819693589885,-2.210686713266008e-05,0.08294609006876619,0.8358263400130426
1208.0505684826053,2,3.564867063552683,26.11443461661248,0.9998583005277596,0.08295325028670497,-0.11059726870677754,-0.027644018420072566,0.9127861299096196
1208.057395464197,1,3.564875527610372,0.0036999391939564583,0.00014166168897916713,0.08296819829372382,-2.210036922397606e-05,0.08294609792449983,0.8358240088302276
1208.057395464197,2,3.564875527610372,26.11443565721449,0.9998583403698842,0.08295325009268684,-0.11059910033609538,-0.027645850243408543,0.9127918389760502
1208.0744629181763,1,3.5648966971169793,0.0036973152714895167,0.00014156122535829887,0.08296820168744201,-2.2084053543285197e-05,0.08294611763389872,0.8358181831877676
1208.0744629181763,2,3.5648966971169793,26.114438227363294,0.9998584387746421,0.08295324960790396,-0.11060367880518453,-0.02765042919728057,0.9128061092774494
1208.0915303721556,1,3.5649178798921346,0.0036947406502261877,0.00014146264936082284,0.08296820507992919,-2.2068033742758302e-05,0.08294613704618643,0.8358123608906567
1208.0915303721556,2,3.5649178798921346,26.11444080198445,0.9998585373506355,0.08295324912350122,-0.11060825642384692,-0.027655007300345702,0.9128203760178328
1208.1085978261349,1,3.564939075808267,0.003692207626650346,0.00014136566603780934,0.08296820847118536,-2.2052263785173468e-05,0.08294615620740019,0.8358065419367522
1208.1085978261349,2,3.564939075808267,26.114443335008463,0.9998586343339751,0.08295324863947684,-0.11061283310981093,-0.027659584470334092,0.9128346391996115
1208.1512664610832,1,3.5649921233478024,0.003686035954827814,0.0001411293677073846,0.08296821694396073,-2.2013805769468944e-05,0.08294620313819126,0.8357920091342215
1208.1512664610832,2,3.5649921233478024,26.114449506680078,0.9998588706322976,0.08295324743106924,-0.11062427082128506,-0.02767102339021582,0.9128702816800106
1208.1726007785574,1,3.56501867829518,0.003683014478874714,0.0001410136827287165,0.08296822117748182,-2.199496428938491e-05,0.08294622621319243,0.8357847505247705
1208.1726007785574,2,3.56501867829518,26.114452528155905,0.9998589863172714,0.08295324682774652,-0.11062998761022545,-0.027676740782478934,0.9128880947256656
1208.1939350960315,1,3.5650455274557613,0.0036126068019951465,0.00013831794371761309,0.0829682254353763,-2.1573706667439156e-05,0.08294665172870885,0.835777452054867
1208.1939350960315,2,3.5650455274557613,26.11452293583271,0.9998616820562797,0.08295324622340683,-0.11063584447250734,-0.027682598249100507,0.9129059497317314
1208.1992686754002,1,3.565052174818952,0.0036118649156990836,0.00013828953869249742,0.08296822649300228,-2.1569081292575376e-05,0.08294665741170971,0.8357756394767185
1208.1992686754002,2,3.565052174818952,26.11452371087131,0.9998617117306261,0.08295324607281263,-0.11063727319326554,-0.02768402712045291,0.9129104008111737
1208.2019354650845,1,3.565055498858615,0.003611490244159074,0.00013827519342886257,0.08296822702177131,-2.1566746387872508e-05,0.08294666027538344,0.8357747333051363
1208.2019354650845,2,3.565055498858615,26.114524060680807,0.9998617251239824,0.08295324599753062,-0.11063798744971554,-0.027684741452184913,0.9129126262099642
1208.2032688599265,1,3.565057161029142,0.0036113028414415252,0.00013826801823378624,0.08296822728614561,-2.1565578547742467e-05,0.08294666170759787,0.8357742802494085
1208.2032688599265,2,3.565057161029142,26.114524241866295,0.9998617320611349,0.08295324595989229,-0.1106383445841823,-0.027685098624290014,0.9129137388834285
1208.2039355573474,1,3.56505799215127,0.003611209217705272,0.00013826443360822593,0.08296822741832965,-2.156499509422209e-05,0.08294666242323544,0.835774053729132
1208.2039355573474,2,3.56505799215127,26.114524333935503,0.9998617355862414,0.08295324594107445,-0.11063852315265464,-0.027685277211580192,0.9129142952133126
1208.2046022547684,1,3.5650591500560393,0.003530574302854409,0.00013517711848501447,0.08296822758185929,-2.10834424193371e-05,0.08294714413943995,0.8357737734966335
1208.2046022547684,2,3.5650591500560393,26.114604969337922,0.9998648229200323,0.08295324592033637,-0.11063887073405891,-0.02768562481372254,0.9129149083052379
1208.2052689521893,1,3.5650599812359975,0.0035304794770914787,0.00013517348783677102,0.08296822771404333,-2.1082852334625183e-05,0.0829471448617087,0.8357735469817181
1208.2052689521893,2,3.5650599812359975,26.11460506367572,0.9998648265319976,0.08295324590151854,-0.11063904930692776,-0.02768580340540923,0.9129154646309554
1208.2119359263984,1,3.5650682931850253,0.0035295319773760475,0.0001351372103730185,0.08296822903568035,-2.107695614530998e-05,0.08294715207953504,0.8357712822740397
1208.2119359263984,2,3.5650682931850253,26.114606062488416,0.9998648647741109,0.0829532457133828,-0.11064083500243206,-0.027687589289049255,0.9129210274555374
1208.2186029006075,1,3.5650766070313944,0.0035285878013838904,0.00013510106016656077,0.08296823035713796,-2.1071080002518613e-05,0.08294715927713545,0.8357690180607888
1208.2186029006075,2,3.5650766070313944,26.114607006686988,0.9998649009251818,0.08295324552530481,-0.11064262046268374,-0.027689374937378927,0.9129265897230529
1208.251937771653,1,3.565118185000087,0.0035236008982148,0.00013491012375148055,0.08296823695976041,-2.1040114243426332e-05,0.08294719684551699,0.8357577077795845
1208.251937771653,2,3.565118185000087,26.114611941736737,0.9998650898762552,0.0829532445858483,-0.11065154517374627,-0.027698300587897975,0.9129543907580001
1208.2852726426986,1,3.565159817864339,0.0035185256180970737,0.00013471580359759966,0.08296824355797217,-2.1008625912435725e-05,0.08294723493205973,0.8357464096977388
1208.2852726426986,2,3.565159817864339,26.114617017016887,0.9998652841964104,0.08295324364777379,-0.11066046750545977,-0.02770722385768598,0.9129821797593987
1208.3109973651249,1,3.565191992604441,0.0035149099009062082,0.00013457736656464367,0.08296824864769903,-2.0986126092251612e-05,0.08294726252160678,0.8357376977541633
1208.3109973651249,2,3.565191992604441,26.11462063273386,0.999865422633435,0.08295324292479034,-0.11066735075554068,-0.027714107830750345,0.9130036167641118
1208.3367220875512,1,3.565224527408962,0.0034308137127975146,0.00013135752769171123,0.08296825376662476,-2.0483130441190693e-05,0.08294777063618357,0.8357289386130977
1208.3367220875512,2,3.565224527408962,26.11470472892201,0.9998686424723096,0.08295324220079525,-0.11067440038381406,-0.027721158183018804,0.9130251009480704
1208.3624468099774,1,3.5652567652745146,0.0034280195069286623,0.0001312505443327999,0.08296825885136094,-2.0465561649575533e-05,0.08294779328971137,0.8357202407312811
1208.3624468099774,2,3.5652567652745146,26.114707523127706,0.9998687494556618,0.08295324147956062,-0.11068127773403859,-0.027728036254477964,0.913046520445661
1208.3757972083356,1,3.565273510590221,0.0034264097763396857,0.0001311889116566715,0.08296826148921443,-2.0455492004996033e-05,0.08294780599720944,0.8357157295383636
1208.3757972083356,2,3.565273510590221,26.114709343099033,0.9998688191379453,0.08295324110556113,-0.11068484720650885,-0.02773160610094773,0.9130576343869362
1208.3824724075148,1,3.5652818857076567,0.0034255582504017614,0.00013115630879585342,0.08296826280788316,-2.045017888914262e-05,0.08294781262899402,0.8357134746612739
1208.3824724075148,2,3.5652818857076567,26.114710036976064,0.9998688457048123,0.08295324091864575,-0.11068663137304335,-0.0277333904543976,0.9130631905841219
1208.389147606694,1,3.5652905422985857,0.0033560490783635,0.00012849497135372263,0.08296826415316083,-2.003499027929625e-05,0.08294822916288154,0.835711174472572
1208.389147606694,2,3.5652905422985857,26.114779549740334,0.9998715071797922,0.08295324073015298,-0.11068855987838,-0.027735319148227022,0.9130687948076907
1208.3958228058732,1,3.5652989225749536,0.0033551624630284885,0.00012846102500508054,0.0829682654714965,-2.002947264989962e-05,0.0829482359988466,0.8357089205374365
1208.3958228058732,2,3.5652989225749536,26.11478043282488,0.9998715409909555,0.08295324054334063,-0.11069034426329137,-0.027737103719950737,0.913074350250377
1208.412510803821,1,3.5653198820909977,0.0033529684927691952,0.0001283770232103999,0.08296826876653096,-2.001581411476155e-05,0.0829482529524162,0.8357032878826244
1208.412510803821,2,3.5653198820909977,26.114782574142144,0.9998716229767949,0.08295324007655935,-0.1106948045383174,-0.027741564461758045,0.913088236498053
1208.420854802795,1,3.5653303670286696,0.0033518933624457807,0.00012833585908053084,0.08296827041361343,-2.000911574379752e-05,0.08294826129786964,0.835700472729287
1208.420854802795,2,3.5653303670286696,26.11478373168572,0.999871667296328,0.08295323984329972,-0.11069703455109539,-0.02774379470779567,0.9130951784119105
1208.429198801769,1,3.5653408547786727,0.003350833755190106,0.00012829528929123846,0.08296827206040547,-2.0002510322450682e-05,0.08294826955008301,0.8356976583611111
1208.429198801769,2,3.5653408547786727,26.114784791334984,0.9998717078677258,0.08295323961013246,-0.11069926415065096,-0.0277460245405185,0.9131021194019682
1208.437542800743,1,3.5653513457405057,0.0033497834965381416,0.0001282550774372855,0.08296827370690796,-1.9995960989073844e-05,0.08294827774591888,0.8356948447737174
1208.437542800743,2,3.5653513457405057,26.114785841640977,0.9998717480813923,0.08295323937705401,-0.11070149353401994,-0.027748254156965926,0.9131090595573946
1208.4584027981778,1,3.5653779195085624,0.0032652287057831023,0.00012501767978242558,0.08296827785395777,-1.9490541353841313e-05,0.08294878731260392,0.8356877594641243
1208.4584027981778,2,3.5653779195085624,26.114870313928993,0.9998749823202177,0.08295323879280936,-0.11070723789354307,-0.027753999100733714,0.9131264639150846
1208.4792627956126,1,3.565404181689673,0.0032626418628175467,0.0001249186358456433,0.08296828196726125,-1.9474419697195322e-05,0.08294880754756405,0.8356807336126757
1208.4792627956126,2,3.565404181689673,26.114872900771775,0.9998750813641474,0.08295323821104184,-0.11071280928678248,-0.027759571075740647,0.913143805720124
1208.5001227930475,1,3.565430464584399,0.0032600496126305627,0.00012481938487948025,0.08296828607879636,-1.9458267484425325e-05,0.08294882781131194,0.8356737125709779
1208.5001227930475,2,3.565430464584399,26.114875493022083,0.9998751806151182,0.08295323762981877,-0.1107183795577253,-0.027765141927906536,0.9131611425830941
1208.526197789841,1,3.565463682368759,0.003174310024808942,0.00012153662422140567,0.08296829124802052,-1.89456849048754e-05,0.08294934556311565,0.8356648879165918
1208.526197789841,2,3.565463682368759,26.114961232610018,0.9998784633757806,0.0829532369021031,-0.11072551400114959,-0.02777227709904649,0.9131828648898674
1208.5392352882377,1,3.5654801364658275,0.003172723515505815,0.00012147588063193554,0.08296829381548587,-1.8935803519812618e-05,0.08294935801196605,0.8356605059115312
1208.5392352882377,2,3.5654801364658275,26.114963021988345,0.9998785318867325,0.08295323653953712,-0.11072899428081145,-0.02777575774127433,0.9131936940879927
1208.5522727866344,1,3.5654969340521814,0.0030883344185245985,0.00011824482698940194,0.08296829641465919,-1.8431739404459864e-05,0.08294986467525474,0.835656070503043
1208.5522727866344,2,3.5654969340521814,26.115047419629754,0.9998817632675203,0.08295323617523565,-0.11073264751602603,-0.027779411340790386,0.9132045795310553
1208.565310285031,1,3.565513403354309,0.00308676853146414,0.00011818487297553666,0.08296829898078961,-1.8421993146604112e-05,0.08294987698764301,0.8356516921785097
1208.565310285031,2,3.565513403354309,26.11504897732462,0.999881822907875,0.08295323581310043,-0.11073612640184562,-0.027782890588745182,0.9132154046449372
1208.5734587215288,1,3.565523700276669,0.003085791629431433,0.00011814746976843894,0.08296830058427407,-1.84159126682988e-05,0.08294988467160577,0.8356489566728992
1208.5734587215288,2,3.565523700276669,26.115049830444516,0.9998818555717646,0.08295323558687517,-0.11073830022077025,-0.027785064633895074,0.913222169258987
1208.5775329397777,1,3.565528849919835,0.003085305214133787,0.00011812884610761708,0.08296830138591371,-1.8412884672095027e-05,0.08294988850124162,0.8356475891956614
1208.5775329397777,2,3.565528849919835,26.11505025728942,0.9998818719146196,0.08295323547379319,-0.11073938706346352,-0.027786151589670335,0.9132255512774136
1208.5816071580266,1,3.5655342847470166,0.0030148546712883643,0.00011543146586275156,0.08296830221484974,-1.7992316542617777e-05,0.08295030989830712,0.8356461752275969
1208.5816071580266,2,3.5655342847470166,26.115120710092906,0.999884569381419,0.08295323535908317,-0.11074062087530562,-0.02778738551622245,0.9132289824702844
1208.5856813762755,1,3.565539436235446,0.0030143675376552753,0.00011541281469860956,0.08296830301636948,-1.7989287218074143e-05,0.0829503137291514,0.8356448080949558
1208.5856813762755,2,3.565539436235446,26.115121194979995,0.9998845879465684,0.08295323524604292,-0.11074170775973913,-0.027788472513696205,0.9132323641661066
1208.6264235587644,1,3.565590949775173,0.0030094166002814235,0.0001152232553265108,0.08296831102431668,-1.7958523040753388e-05,0.08295035250127593,0.8356311528533924
1208.6264235587644,2,3.565590949775173,26.115126126034585,0.999884776744677,0.08295323411696831,-0.11075257158532593,-0.027799337468357624,0.9132661645435698
1208.6671657412533,1,3.56564254496086,0.0030045301960083468,0.00011503616677016648,0.08296831902573132,-1.792815013111507e-05,0.0829503908756002,0.8356175155174249
1208.6671657412533,2,3.56564254496086,26.115131012439107,0.9998849638332429,0.08295323298993829,-0.11076343115068372,-0.02781019816074544,0.9132999463995725
1208.723528804473,1,3.5657140864127674,0.0029981837596785295,0.00011479317713105318,0.08296833008660442,-1.7888608501472072e-05,0.08295044147810295,0.8355986748666282
1208.723528804473,2,3.5657140864127674,26.115137358875234,0.9998852068228742,0.08295323143405131,-0.11077844821040395,-0.027825216776352635,0.9133466531948456
1208.7517103360829,1,3.565749923309971,0.002995153354537134,0.00011467715027544365,0.08296833561296335,-1.7869693833690054e-05,0.08295046591912966,0.835589266316042
1208.7517103360829,2,3.565749923309971,26.115140389279986,0.9998853228497149,0.08295323065754356,-0.1107859538193498,-0.02783272316180624,0.913369994029031
1208.7798918676926,1,3.5657863271782126,0.0028623357222032834,0.00010959188558964548,0.08296834118719332,-1.707647739242709e-05,0.0829512647098009,0.8355797795241303
1208.7798918676926,2,3.5657863271782126,26.11527320691258,0.9998904081144107,0.08295322987897435,-0.11079372988045143,-0.027840500001477073,0.9133934172809953
1208.8080733993024,1,3.5658222424018433,0.0028594036213504836,0.00010947962256658193,0.08296834670745135,-1.7058190643500964e-05,0.08295128851680784,0.8355703878090839
1208.8080733993024,2,3.5658222424018433,26.115276139013304,0.9998905203774288,0.08295322910441527,-0.11080123126750502,-0.027848002163089747,0.913416740276129
1208.8433003138148,1,3.5658671897009127,0.002855825812429129,0.00010934263694923133,0.08296835360330856,-1.7035856772795995e-05,0.08295131774653577,0.8355586602620725
1208.8433003138148,2,3.5658671897009127,26.11527971682248,0.9998906573630559,0.08295322813759842,-0.11081060479017053,-0.02785737665257211,0.9134458810103082
1208.8785272283271,1,3.5659121967820475,0.0028523135390746664,0.00010920816052962897,0.08296836049419287,-1.701391785630175e-05,0.08295134657633657,0.8355469461630513
1208.8785272283271,2,3.5659121967820475,26.11528322909597,0.9998907918394806,0.08295322717230302,-0.11081997491593094,-0.02786674774362792,0.9134750075660031
1208.8961406855833,1,3.565934723002608,0.0028505632768557484,0.00010914114723857451,0.08296836393777429,-1.7002984932394887e-05,0.08295136095284189,0.8355410941441069
1208.8961406855833,2,3.565934723002608,26.115284979357494,0.9998908588527451,0.08295322669022287,-0.11082465878588525,-0.027871432095662382,0.9134895656411622
1208.9049474142114,1,3.565945992177658,0.0028496908438561132,0.00010910774389712195,0.08296836565910048,-1.6997534936243187e-05,0.08295136812416425,0.8355381693918202
1208.9049474142114,2,3.565945992177658,26.115285946828585,0.9998908958948644,0.08295322644932224,-0.11082700062125515,-0.027873774171932916,0.9134968434482568
1208.9137541428395,1,3.565957556110638,0.0027771505725174375,0.00010633035302171807,0.0829683674082684,-1.6564612702188877e-05,0.08295180279556622,0.8355351976487876
1208.9137541428395,2,3.565957556110638,26.115358492132437,0.9998936734784225,0.08295322620684509,-0.11082949259273733,-0.027876266385892245,0.9135041708537258
1208.9225608714676,1,3.565968832519768,0.002776276153251942,0.00010629687363096797,0.08296836912900662,-1.655915753530029e-05,0.08295180997147132,0.8355322745199056
1208.9225608714676,2,3.565968832519768,26.115359361635555,0.9998937067695859,0.08295322596613364,-0.11083183384127664,-0.027878607875143,0.9135114468854285
1208.944577693038,1,3.56599703995538,0.0027740803634383237,0.00010621280216996978,0.08296837342951147,-1.654546258712954e-05,0.08295182796692434,0.835524970335313
1208.944577693038,2,3.56599703995538,26.115361462271515,0.9998937871978368,0.08295322536476846,-0.11083768597540737,-0.027884460610638914,0.9135296331895982
1208.9665945146082,1,3.566025271127926,0.0027719311324590364,0.00010613051333370202,0.08296837772807741,-1.6532046854241495e-05,0.08295184568122317,0.8355176713802697
1208.9665945146082,2,3.566025271127926,26.115363611501966,0.9998938694866529,0.0829532247639948,-0.11084353691863202,-0.02789031215463722,0.9135478139654994
1208.9886113361786,1,3.5660537700089154,0.002709732304450226,0.00010374907121631664,0.0829683820483531,-1.6160502777341978e-05,0.08295222154557576,0.8355103375114207
1208.9886113361786,2,3.5660537700089154,26.11542581033045,0.9998962509287884,0.08295322416241468,-0.11084951269638699,-0.027896288533972302,0.9135660315063854
1208.9954915929193,1,3.5660626046825237,0.0027090778006014725,0.00010372401185296028,0.08296838339067314,-1.61564173413434e-05,0.0829522269733318,0.8355080592581187
1208.9954915929193,2,3.5660626046825237,26.11542652322668,0.9998962782238544,0.08295322397497618,-0.11085134055039,-0.02789811657541383,0.9135717101868918
1209.00237184966,1,3.5660714414656787,0.0027084214808252094,0.00010369888296214831,0.08296838473280754,-1.615232121922918e-05,0.08295223241158832,0.8355057815089876
1209.00237184966,2,3.5660714414656787,26.115427179572897,0.9998963033537576,0.08295322378759717,-0.11085316816892485,-0.027899944381327674,0.9135773883073312
1209.0092521064007,1,3.5660802805773346,0.002707766075249079,0.00010367378907383991,0.08296838607475365,-1.614823069305626e-05,0.0829522378440606,0.8355035042667641
1209.0092521064007,2,3.5660802805773346,26.115427835008944,0.9998963284488125,0.0829532236002759,-0.11085499566651437,-0.027901772066238464,0.9135830659013772
1209.0264527482525,1,3.566102388253694,0.002706137321651223,0.00010361142805288582,0.0829683894287978,-1.6138063212494054e-05,0.08295225136558532,0.8354978133820683
1209.0264527482525,2,3.566102388253694,26.11542940531319,0.9998963885719496,0.08295322313222186,-0.11085956373632054,-0.027906340604098676,0.9135972575145822
1209.0436533901043,1,3.5661248051913272,0.0026320892923427583,0.00010077630878537188,0.08296839281018098,-1.5696034221405247e-05,0.08295269677595958,0.835492077300699
1209.0436533901043,2,3.5661248051913272,26.115503453342374,0.9998992236912124,0.08295322266284177,-0.11086428329009336,-0.027911060627251585,0.9136114968980623
1209.060854031956,1,3.566146942332897,0.0026304744065077986,0.00010071447872739076,0.08296839616193985,-1.568596335240724e-05,0.08295271019858744,0.8354863926534051
1209.060854031956,2,3.566146942332897,26.115505068228273,0.9998992855212728,0.08295322219550005,-0.1108688499853703,-0.02791562778987025,0.913625682012252
1209.0716044331134,1,3.5661607859992617,0.00262947289370044,0.00010067613323348198,0.08296839825619529,-1.5679715962268496e-05,0.08295271854023302,0.8354828413496094
1209.0716044331134,2,3.5661607859992617,26.11550621307642,0.9998993293547288,0.08295322190358956,-0.11087170406931521,-0.02791848216572565,0.9136345461184145
1209.0823548342707,1,3.5661746347401753,0.0026284783778318366,0.0001006380556353709,0.0829684003499942,-1.5673510635902368e-05,0.0829527268393583,0.835479291281128
1209.0823548342707,2,3.5661746347401753,26.11550720769032,0.9998993674360804,0.08295322161182206,-0.11087455753766025,-0.02792133592583819,0.9136434088134082
1209.093105235428,1,3.5661884891492734,0.0026274913851846195,0.00010060026608314172,0.08296840244333392,-1.5667350509062534e-05,0.08295273509282486,0.835475742447892
1209.093105235428,2,3.5661884891492734,26.115508194797265,0.9998994052300088,0.08295322132019489,-0.11087741069288909,-0.027924189372694197,0.9136522702042931
1209.1199812383215,1,3.5662231494549443,0.0026250517707573865,0.00010050685916964858,0.08296840767468261,-1.565211782980987e-05,0.0829527555568528,0.8354668757575735
1209.1199812383215,2,3.5662231494549443,26.115510490864352,0.9998994931408431,0.0829532205917376,-0.11088454192621786,-0.027931321334480258,0.9136744178947993
1209.146857241215,1,3.566258142440142,0.0025497029171144907,9.762193449652643e-05,0.08296841293194746,-1.52021762739482e-05,0.08295321075567351,0.8354579680154098
1209.146857241215,2,3.566258142440142,26.115585839717735,0.9999023780655063,0.08295321986246496,-0.11089182472499018,-0.027938604862525224,0.9136966088568604
1209.1602952426617,1,3.5662755049644694,0.0025485243101030517,9.757680849549488e-05,0.0829684155451682,-1.5194816904781923e-05,0.08295322072826343,0.8354535413305356
1209.1602952426617,2,3.5662755049644694,26.11558724371388,0.99990243182111,0.08295321949899037,-0.11089538927291381,-0.027942169773923442,0.9137076758225294
1209.167014243385,1,3.5662841885160073,0.0025479279125119607,9.755397387967334e-05,0.08296841685151612,-1.5191095113384151e-05,0.08295322575640274,0.8354513286981785
1209.167014243385,2,3.5662841885160073,26.11558767109933,0.9999024481846613,0.08295321931734012,-0.11089717081024086,-0.027943951492900743,0.9137132083857576
1209.1686939935657,1,3.5662863597148724,0.0025477786395604086,9.75482585807651e-05,0.08296841717807713,-1.519016365064932e-05,0.08295322701442648,0.8354507756146119
1209.1686939935657,2,3.5662863597148724,26.115587767519852,0.9999024518763691,0.08295321927193644,-0.11089761615557316,-0.027944396883636716,0.9137145914425032
1209.1695338686561,1,3.566287445462239,0.002547704349713977,9.754541420290703e-05,0.08296841734135274,-1.518969998891644e-05,0.08295322764136383,0.8354504990842692
1209.1695338686561,2,3.566287445462239,26.115587839166526,0.9999024546195463,0.0829532192492346,-0.11089783887479308,-0.027944619625558484,0.9137152829756086
1209.1699538062012,1,3.5662879883516396,0.002547667230709257,9.754399300633426e-05,0.08296841742298966,-1.5189468313322949e-05,0.08295322795467634,0.8354503608219156
1209.1699538062012,2,3.5662879883516396,26.115587875624566,0.9999024560154361,0.08295321923788546,-0.11089795023506109,-0.027944730997175635,0.9137156287396504
1209.1703737437463,1,3.566288780015496,0.0024864722157598336,9.520098445392326e-05,0.08296841752870776,-1.4824605413917746e-05,0.08295359292329384,0.8354501817739232
1209.1703737437463,2,3.566288780015496,26.11564907088751,0.9999047990334836,0.08295321922511967,-0.11089819007822696,-0.027944970853107293,0.9137160176076068
1209.1707936812913,1,3.566289322928558,0.00248643478339522,9.519955125956094e-05,0.08296841761034468,-1.4824372119778326e-05,0.0829535932382249,0.835450043513231
1209.1707936812913,2,3.566289322928558,26.115649108071402,0.9999048004571646,0.08295321921376964,-0.11089830144001121,-0.027945082226241577,0.9137163633701865
1209.174993056742,1,3.5662947521495703,0.0024860596585031206,9.518518863817525e-05,0.08296841842663838,-1.4822034434076196e-05,0.0829535963922043,0.8354486610693288
1209.174993056742,2,3.5662947521495703,26.115649505014584,0.9999048156551553,0.08295321910028353,-0.11089941505701896,-0.027946195956735434,0.9137198208412003
1209.1791924321928,1,3.5663001821829416,0.002485685175550731,9.517085059510252e-05,0.08296841924286369,-1.4819700624685982e-05,0.082953599542239,0.8354472788087741
1209.1791924321928,2,3.5663001821829416,26.115649879503014,0.9999048299934081,0.08295321898681873,-0.11090052858383778,-0.02794730959701905,0.913723278103738
1209.2211861867004,1,3.5663548088997863,0.00240627600419069,9.213046621427967e-05,0.08296842742767652,-1.4345282563735745e-05,0.08295408214511278,0.8354334218437954
1209.2211861867004,2,3.5663548088997863,26.115729266630822,0.9999078695337948,0.08295321785142384,-0.1109118221487085,-0.027958604297284653,0.9137578981071229
1209.263179941208,1,3.56640952978992,0.002326660258018935,8.908217258544114e-05,0.08296843560620726,-1.3869699376582345e-05,0.08295456590683067,0.8354195824778204
1209.263179941208,2,3.56640952978992,26.11580888237704,0.9999109178274254,0.08295321671807265,-0.11092311250300915,-0.0279698957849365,0.9137925004874824
1209.287519242548,1,3.5664411161827467,0.00232443949248954,8.899714486492217e-05,0.08296844032728234,-1.3855915314935181e-05,0.0829545844119674,0.8354115968414373
1209.287519242548,2,3.5664411161827467,26.115811103142235,0.9999110028551331,0.08295321606327022,-0.11092956075449996,-0.02797634469122974,0.9138125127602852
1209.3118585438879,1,3.566472733481813,0.002322861772831874,8.893673780963715e-05,0.08296844504640166,-1.3845965835070345e-05,0.08295459908056659,0.8354036168234537
1209.3118585438879,2,3.566472733481813,26.115812680861946,0.9999110632621905,0.08295321540924672,-0.110936005436299,-0.027982790027052284,0.9138325161891893
1209.3361978452278,1,3.566504383910945,0.0023212201581520853,8.887388436908015e-05,0.08296844976341511,-1.3835636807809207e-05,0.0829546141266073,0.8353956426818675
1209.3361978452278,2,3.566504383910945,26.115814322476687,0.9999111261156334,0.08295321475589912,-0.11094244910568093,-0.027989234349781816,0.9138525138787638
1209.3479837018454,1,3.5665197224278646,0.0023203710918589444,8.884137568208926e-05,0.08296845204675218,-1.3830312926624264e-05,0.08295462173382556,0.8353917835173073
1209.3479837018454,2,3.5665197224278646,26.11581534732894,0.999911165354738,0.08295321443976267,-0.11094556943306826,-0.027992354993305588,0.9138621955487232
1209.3597695584629,1,3.566535320044815,0.0022574388387517426,8.643185249830487e-05,0.08296845435406475,-1.345495515055175e-05,0.0829549993989142,0.8353878843780946
1209.3597695584629,2,3.566535320044815,26.115878285562616,0.9999135751069033,0.08295321412236412,-0.1109488195652088,-0.027995605442844684,0.9138719194517572
1209.3715554150804,1,3.5665506727854135,0.0022565069168207184,8.639617147009736e-05,0.08296845663637775,-1.3449145121330305e-05,0.08295500749125642,0.8353840280281261
1209.3715554150804,2,3.5665506727854135,26.115879211813652,0.9999136105708066,0.08295321380654475,-0.11095193918845359,-0.02799872538190884,0.9138815984494871
1209.3862877358522,1,3.566569872591444,0.0022553721524448834,8.635272409714141e-05,0.08296845948850429,-1.3442062691983985e-05,0.08295501742581231,0.835379209644077
1209.3862877358522,2,3.566569872591444,26.115880170482097,0.9999136472758939,0.08295321341200967,-0.11095583776150293,-0.028002624349493258,0.9138936947822507
1209.401020056624,1,3.566589083763308,0.00225427488391629,8.631071234914346e-05,0.0829684623397764,-1.3435204262323865e-05,0.08295502713551407,0.8353743935463834
1209.401020056624,2,3.566589083763308,26.11588126775084,0.9999136892876501,0.08295321301773306,-0.11095973603322286,-0.028006523015489795,0.9139057886971416
1209.4157523773958,1,3.5666083057788547,0.0022531984639220185,8.626949884090837e-05,0.0829684651901994,-1.342847060210754e-05,0.0829550367195973,0.8353695797238609
1209.4157523773958,2,3.5666083057788547,26.11588234417101,0.999913730501165,0.08295321262371491,-0.11096363370072314,-0.028010421077008227,0.9139178801583756
1209.489413981255,1,3.5667045797466583,0.00224805791583532,8.607267973495392e-05,0.08296847942966679,-1.3396249370602774e-05,0.08295508318029618,0.8353455445777287
1209.489413981255,2,3.5667045797466583,26.115887484719842,0.9999139273202996,0.08295321065747441,-0.11098311327710872,-0.02802990261963431,0.9139783010763837
1209.5078293822198,1,3.5667286914225094,0.002246801177818864,8.602456228742768e-05,0.08296848298624493,-1.3388365224745428e-05,0.08295509462102019,0.8353395446152151
1209.5078293822198,2,3.5667286914225094,26.11588874145721,0.9999139754377222,0.0829532101669086,-0.11098798103437241,-0.02803477086746381,0.9139933970308809
1209.5170370827022,1,3.566740754287947,0.0022461701283659967,8.600040093594694e-05,0.08296848476404683,-1.3384407465489146e-05,0.08295510035658135,0.8353365459489583
1209.5170370827022,2,3.566740754287947,26.11588948116696,0.9999140037594128,0.08295320992177047,-0.11099041485327371,-0.028037204931503246,0.914000943741143
1209.5262447831847,1,3.5667530770268607,0.0021826859092408317,8.356974431340454e-05,0.08296848656639266,-1.3005926618416667e-05,0.08295548063977425,0.8353335062148751
1209.5262447831847,2,3.5667530770268607,26.115952970112538,0.9999164345969996,0.08295320967529562,-0.1109929803572609,-0.02803977068196528,0.9140085337835248
1209.535452483667,1,3.566765148231544,0.002182051470569859,8.354545319699094e-05,0.0829684883435684,-1.3001954563238857e-05,0.08295548638900517,0.8353305092572001
1209.535452483667,2,3.566765148231544,26.115953599967156,0.9999164587126038,0.08295320943035822,-0.11099541355598194,-0.02804220412562372,0.9140160786249631
1209.5469621092702,1,3.5667802436167753,0.002181262271088391,8.351523666487364e-05,0.08296849056458377,-1.2997012693124256e-05,0.08295549355189065,0.8353267642890778
1209.5469621092702,2,3.5667802436167753,26.115954450502258,0.9999164912775279,0.08295320912432391,-0.1109984548960173,-0.028045245771693386,0.9140255084228114
1209.5584717348734,1,3.566795345550329,0.002180476788315992,8.348516243652313e-05,0.08296849278509022,-1.2992093262780997e-05,0.08295550069182744,0.8353230206893267
1209.5584717348734,2,3.566795345550329,26.115955236126887,0.9999165213571877,0.08295320881844503,-0.11100149577744452,-0.028048286958999483,0.9140349367355911
1209.5699813604765,1,3.5668104542865167,0.002179695879529494,8.345526333498798e-05,0.08296849500508507,-1.298720137875387e-05,0.08295550780370632,0.8353192784588669
1209.5699813604765,2,3.5668104542865167,26.115956017182004,0.9999165512618918,0.08295320851272159,-0.11100453632785644,-0.02805132781513485,0.9140443636077917
1209.6275294884922,1,3.566886099546752,0.002175861039167891,8.330843660781431e-05,0.08296850609742812,-1.2963161607813077e-05,0.0829555429358203,0.8353005877912162
1209.6275294884922,2,3.566886099546752,26.115959681595676,0.9999166915633948,0.08295320698642072,-0.11101973376066207,-0.028066526774241346,0.9140914762605388
1209.6563035525,1,3.5669239866087534,0.0021739881060703512,8.32367265466393e-05,0.08296851163882657,-1.295140945297542e-05,0.0829555602293736,0.8352912552518214
1209.6563035525,2,3.5669239866087534,26.115961554528674,0.9999167632734521,0.0829532062247118,-0.11102732955721141,-0.028074123332499604,0.9141150191654995
1209.685077616508,1,3.566962174660241,0.0021086628350796117,8.073558051789219e-05,0.08296851720225895,-1.256166141966458e-05,0.08295595554083929,0.8352818887882734
1209.685077616508,2,3.566962174660241,26.11602687979938,0.9999192644194701,0.08295320546252949,-0.11103505660831192,-0.028081851145782433,0.914138597530774
1209.6994646485118,1,3.5669813682729643,0.0020555756557728315,7.870300130793589e-05,0.08296851999092425,-1.2245130981721829e-05,0.08295627485994253,0.835277195053275
1209.6994646485118,2,3.5669813682729643,26.116079966978713,0.999921296998681,0.08295320508132775,-0.11103896238563084,-0.028085757304303086,0.914150397901401
1209.7138516805157,1,3.5670003603575595,0.0020546553387710276,7.866776460429364e-05,0.08296852275814892,-1.223936883067708e-05,0.08295628338931825,0.8352725382009057
1209.7138516805157,2,3.5670003603575595,26.116080887296405,0.9999213322354111,0.08295320470155065,-0.11104275805384332,-0.02808955335229267,0.914162159385772
1209.7282387125197,1,3.567019363324387,0.0020537325902460634,7.863243480353286e-05,0.08296852552458933,-1.2233592621973295e-05,0.08295629193196735,0.8352678834537275
1209.7282387125197,2,3.567019363324387,26.11608181004461,0.9999213675651996,0.0829532043220107,-0.11104655324883815,-0.028093348926827452,0.9141739186856674
1209.7642062925295,1,3.5670669180166477,0.0020514579588494426,7.854534468973406e-05,0.08296853243723845,-1.2219346002411102e-05,0.08295631309123604,0.8352562558338524
1209.7642062925295,2,3.5670669180166477,26.116084084675794,0.9999214546553052,0.08295320337420442,-0.11105603900729795,-0.02810283563309353,0.9142033071865966
1209.7731981875318,1,3.5670788177020976,0.002050895877606718,7.852382396357781e-05,0.0829685341646309,-1.22158239330342e-05,0.08295631834069787,0.835253350991708
1209.7731981875318,2,3.5670788177020976,26.116084752403786,0.9999214802209889,0.08295320313748267,-0.11105841017582381,-0.028105207038341143,0.9142106522184337
1209.777694135033,1,3.5670847685996883,0.0020506146927873007,7.851305807950625e-05,0.08296853502821211,-1.2214062100907538e-05,0.0829563209661112,0.8352518988790176
1209.777694135033,2,3.5670847685996883,26.116084954363117,0.9999214879535214,0.08295320301916043,-0.11105959541053652,-0.028106392391376092,0.9142143243161099
1209.7799421087836,1,3.5670877445255034,0.0020504745735286387,7.850769325327533e-05,0.08296853545997251,-1.2213184018429815e-05,0.08295632227595408,0.8352511729000547
1209.7799421087836,2,3.5670877445255034,26.116085074668504,0.9999214925597226,0.08295320296000774,-0.11106018805047133,-0.028106985090463582,0.9142161602972793
1209.7810660956588,1,3.5670892326077333,0.0020504046282354377,7.85050152178127e-05,0.08296853567584694,-1.2212745662040654e-05,0.0829563229301849,0.8352508099299093
1209.7810660956588,2,3.5670892326077333,26.116085139658484,0.9999214950480311,0.08295320293043318,-0.1110604843761015,-0.02810728144566832,0.9142170782709649
1209.7816280890966,1,3.567089976678688,0.002050369683995113,7.850367728768872e-05,0.08296853578378194,-1.2212526653998589e-05,0.08295632325712794,0.8352506284496702
1209.7816280890966,2,3.567089976678688,26.116085173363683,0.9999214963385213,0.0829532029156459,-0.11106063254033502,-0.028107429624689123,0.9142175372535857
1209.7819090858154,1,3.5670903487216257,0.0020503522189709764,7.850300859431633e-05,0.08296853583774855,-1.2212417192482525e-05,0.08295632342055606,0.835250537710759
1209.7819090858154,2,3.5670903487216257,26.11608519051917,0.9999214969953633,0.08295320290825359,-0.11106070662280709,-0.028107503714553506,0.9142177667438407
1209.781979334995,1,3.567090441732929,0.002050347852663221,7.850284141899294e-05,0.08296853585124087,-1.2212389826820346e-05,0.08295632346141404,0.8352505150261564
1209.781979334995,2,3.567090441732929,26.116085194788518,0.9999214971588263,0.0829532029064044,-0.11106072514335476,-0.028107522236950358,0.9142178241162586
1209.7820144595848,1,3.5670904882388546,0.002050345670111686,7.85027578543935e-05,0.08296853585798569,-1.2212376147580705e-05,0.08295632348183811,0.8352505036838744
1209.7820144595848,2,3.5670904882388546,26.116085196966303,0.9999214972422084,0.0829532029054807,-0.11106073440371483,-0.02810753149823414,0.9142178528024781
1209.7820320218798,1,3.5670905114918465,0.002050344578638718,7.850271606454345e-05,0.0829685358613581,-1.2212369306787241e-05,0.08295632349205131,0.8352504980127381
1209.7820320218798,2,3.5670905114918465,26.116085198056656,0.9999214972839553,0.08295320290501884,-0.11106073903389681,-0.028107536128877966,0.9142178671455838
1209.7820364124536,1,3.5670905173050946,0.0020503443064858948,7.850270564447257e-05,0.08296853586220188,-1.2212367600850202e-05,0.08295632349460103,0.835250496594955
1209.7820364124536,2,3.5670905173050946,26.116085198328168,0.9999214972943509,0.08295320290490249,-0.11106074019144,-0.028107537286537504,0.9142178707313592
1209.7820408030275,1,3.567090523118259,0.00205034405562883,7.85026960397646e-05,0.08296853586304564,-1.2212366021756445e-05,0.08295632349702389,0.8352504951771849
1209.7820408030275,2,3.567090523118259,26.11608519857878,0.9999214973039462,0.08295320290478703,-0.11106074134893966,-0.028107538444152633,0.9142178743171208
1209.7820451936013,1,3.5670907906397034,0.0019861109622920964,7.604336684178718e-05,0.08296853588936504,-1.1829776216758991e-05,0.08295670611314827,0.8352504509232432
1209.7820451936013,2,3.5670907906397034,26.116149431725866,0.9999239566352021,0.08295320290321317,-0.11106087754547005,-0.028107674642256872,0.9142179231751275
1209.7820890993398,1,3.567090848771889,0.0019861082953812324,7.604326473224496e-05,0.08296853589779829,-1.1829759509312218e-05,0.08295670613828898,0.8352504367454228
1209.7820890993398,2,3.567090848771889,26.1161494343419,0.9999239567353637,0.08295320290205765,-0.1110608891207144,-0.028107686218656752,0.9142179590328366
1209.7821330050783,1,3.567090906904393,0.0019861056280979874,7.604316260844517e-05,0.08296853590623066,-1.1829742799651074e-05,0.08295670616343101,0.8352504225676193
1209.7821330050783,2,3.567090906904393,26.116149437009433,0.9999239568374971,0.08295320290090302,-0.11106090069606366,-0.028107697795160633,0.9142179948905643
1209.7825720624633,1,3.5670914882309095,0.0019860789538865995,7.60421413176511e-05,0.08296853599055254,-1.1829575695079286e-05,0.08295670641485746,0.8352502807912646
1209.7825720624633,2,3.5670914882309095,26.116149463933144,0.9999239578683407,0.08295320288935226,-0.11106101644953958,-0.028107813560187322,0.9142183534662441
1209.7830111198482,1,3.5670920695669013,0.0019860522827093363,7.60411201430263e-05,0.08296853607487442,-1.1829408608955077e-05,0.08295670666626546,0.8352501390168257
1209.7830111198482,2,3.5670920695669013,26.116149490604254,0.9999239588895127,0.08295320287780061,-0.11106113220204791,-0.0281079293242473,0.9142187120397292
1209.7874016936976,1,3.5670978830749753,0.001985785531117044,7.603090687218019e-05,0.08296853691801331,-1.1827737535842458e-05,0.08295670918047747,0.8352487214406638
1209.7874016936976,2,3.5670978830749753,26.116149782318093,0.9999239700585273,0.082953202762301,-0.11106228972577263,-0.028109086963471627,0.914222297614896
1209.791792267547,1,3.5671036975299977,0.001985519235547069,7.602071106132148e-05,0.08296853776108204,-1.1826069216432158e-05,0.08295671169186561,0.8352473040562906
1209.791792267547,2,3.5671036975299977,26.116150048620987,0.9999239802546186,0.08295320264682182,-0.11106344715236018,-0.028110244505538354,0.9142258829703221
1209.8356980060407,1,3.5671618468961324,0.001982823732304806,7.591750678635083e-05,0.08296854618418692,-1.1809194699445729e-05,0.08295673698948747,0.8352331469709112
1209.8356980060407,2,3.5671618468961324,26.11615271890267,0.9999240824932213,0.08295320149346619,-0.11107501607574734,-0.02812181458228115,0.9142617188824756
1209.8796037445345,1,3.56722060205317,0.0018608114634770464,7.124595323580779e-05,0.08296855464761244,-1.108175068405034e-05,0.08295747289692838,0.8352189294489143
1209.8796037445345,2,3.56722060205317,26.116274731171323,0.9999287540467652,0.08295320033929787,-0.11108683550743705,-0.028133635168139173,0.9142976281681752
1209.9071186779915,1,3.5672571875422796,0.0018587923569242265,7.116864654791179e-05,0.08296855991980223,-1.1069246161777557e-05,0.08295749067364046,0.8352100765240782
1209.9071186779915,2,3.5672571875422796,26.116276750277656,0.9999288313534447,0.08295319961882175,-0.11109408362833194,-0.02814088400951019,0.9143200685958041
1209.9346336114486,1,3.567293819090527,0.0018571043617928583,7.110401731246682e-05,0.0829685651897698,-1.1058714884089585e-05,0.08295750647488571,0.8352012301747347
1209.9346336114486,2,3.567293819090527,26.116278438272946,0.9999288959826862,0.08295319889923469,-0.11110132907536115,-0.028148130176126454,0.9143425001794631
1209.9621485449056,1,3.5673307577268196,0.0017904794598986578,6.855311157168594e-05,0.08296857048297923,-1.0661513300829304e-05,0.0829579089696784,0.8351923476697386
1209.9621485449056,2,3.5673307577268196,26.116345063175014,0.9999314468884336,0.082953198179049,-0.11110870919626017,-0.02815551101721117,0.9143649692234563
1209.9854977492118,1,3.5673621768289694,0.001723905713351915,6.600416444496363e-05,0.08296857497667887,-1.0264718401474457e-05,0.08295831025827739,0.8351848090677146
1209.9854977492118,2,3.5673621768289694,26.11641163692117,0.9999339958355454,0.08295319756835351,-0.1111149916576328,-0.028161794089279296,0.914384037152543
1210.008846953518,1,3.5673933591215863,0.001722649528841653,6.595606818984574e-05,0.08296857944239555,-1.0256862709335185e-05,0.08295832257968622,0.8351773194575676
1210.008846953518,2,3.5673933591215863,26.116412893105945,0.9999340439318106,0.08295319695974435,-0.1111211355748655,-0.028167938615121152,0.9144030534474294
1210.0321961578243,1,3.5674245707148846,0.0017214009574725271,6.590826342341869e-05,0.08296858390606765,-1.0249053274638686e-05,0.08295833485279301,0.8351698353077822
1210.0321961578243,2,3.5674245707148846,26.116414141677602,0.9999340917365881,0.08295319635175158,-0.11112727822614964,-0.028174081874398058,0.9144220640136914
1210.0467894105157,1,3.56744409285058,0.0017206281136259336,6.587867310885233e-05,0.08296858669482443,-1.024421758008742e-05,0.08295834247724435,0.8351651604892811
1210.0467894105157,2,3.56744409285058,26.11641491452133,0.9999341213268981,0.08295319597206863,-0.11113111672859953,-0.028177920756530903,0.9144339426969728
1210.0540860368615,1,3.567453858508103,0.0017202448146309646,6.586399752091292e-05,0.08296858808890306,-1.0241818460462499e-05,0.0829583462704426,0.835162823880559
1210.0540860368615,2,3.567453858508103,26.11641536890104,0.9999341387239941,0.08295319578231641,-0.11113303593842266,-0.02817984015610625,0.9144398812455515
1210.0613826632073,1,3.5674638469258024,0.0016658753433246856,6.378232246345994e-05,0.08296858950427577,-9.918004858879857e-06,0.0829586714994169,0.8351604517819399
1210.0613826632073,2,3.5674638469258024,26.116469741650466,0.9999362205245628,0.08295319559140868,-0.11113506842502853,-0.02818187283361985,0.914445857255134
1210.068679289553,1,3.5674736182163582,0.0016654833034056675,6.376731220676003e-05,0.0829685908979787,-9.915557547616175e-06,0.08295867534043108,0.8351581162022627
1210.068679289553,2,3.5674736182163582,26.116470130489976,0.9999362354122835,0.08295319540177548,-0.11113698729074957,-0.02818379188897409,0.9144517947275566
1210.0869208554177,1,3.5674980576744226,0.0016645915267246472,6.373316824271004e-05,0.0829685943813363,-9.909965482698441e-06,0.0829586844158536,0.8351522796275739
1210.0869208554177,2,3.5674980576744226,26.11647095110795,0.9999362668317534,0.08295319492797315,-0.11114178338407614,-0.02818858845610299,0.9144666353405448
1210.1051624212823,1,3.5675225159007073,0.0016636740886820408,6.36980417674259e-05,0.08296859786346378,-9.904221176154377e-06,0.08295869364228763,0.8351464463474414
1210.1051624212823,2,3.5675225159007073,26.116471868546384,0.9999363019582437,0.08295319445453586,-0.11114657900630842,-0.02819338455177256,0.9144814727394377
1210.123403987147,1,3.5675469924276664,0.0016627475020732697,6.36625650157543e-05,0.08296860134435757,-9.898422942414609e-06,0.08295870292141516,0.83514061637292
1210.123403987147,2,3.5675469924276664,26.11647279513264,0.9999363374349819,0.08295319398146983,-0.11115137393361102,-0.02819817995214119,0.9144963067699926
1210.21461181647,1,3.567669647743614,0.0016582186783725256,6.348916735138614e-05,0.08296861873027428,-9.870059497811343e-06,0.08295874867077647,0.8351115160359772
1210.21461181647,2,3.567669647743614,26.116477323957692,0.999936510832698,0.08295319162172365,-0.11117533709029316,-0.028222145468569507,0.914570424947421
1210.2602157311317,1,3.567731370266822,0.001601285819222001,6.130934639680121e-05,0.08296862743353284,-9.530507064971109e-06,0.08295909692646787,0.8350969601717063
1210.2602157311317,2,3.567731370266822,26.116534256815786,0.9999386906536121,0.08295319044409855,-0.11118742673018137,-0.02823423628608282,0.9146074903926109
1210.2830176884625,1,3.5677621628138225,0.001600205416855242,6.126798041319203e-05,0.08296863177138203,-9.523739732720244e-06,0.08295910803164931,0.8350897081614799
1210.2830176884625,2,3.5677621628138225,26.11653533721793,0.9999387320195872,0.08295318985677014,-0.11119341216427034,-0.0282402223075002,0.914625995659335
1210.3058196457932,1,3.5677929840420908,0.0015991435096183537,6.12273225632029e-05,0.0829686361073092,-9.517083258278153e-06,0.08295911902405093,0.8350824612710516
1210.3058196457932,2,3.5677929840420908,26.11653639912503,0.999938772677432,0.08295318927002171,-0.11119939637274498,-0.02824620710272327,0.9146444954806605
1210.328621603124,1,3.5678238340952566,0.0015980954450845804,6.118719471670856e-05,0.08296864044131702,-9.510509941707491e-06,0.08295912993137532,0.8350752194952313
1210.328621603124,2,3.5678238340952566,26.11653744718982,0.9999388128052883,0.08295318868384793,-0.11120537938280307,-0.02825219069895514,0.9146629899018489
1210.3571240497877,1,3.567862437342024,0.001596802330002846,6.113768447966948e-05,0.0829686458561314,-9.502395340230855e-06,0.08295914346079117,0.8350661744560937
1210.3571240497877,2,3.567862437342024,26.11653874030476,0.99993886231552,0.08295318795194273,-0.1112128564759709,-0.02825966852402817,0.9146861003625911
1210.3713752731196,1,3.5678817559574747,0.0015961624794912047,6.11131861570156e-05,0.08296864856241548,-9.498378399130055e-06,0.08295915018401635,0.8350616549255442
1210.3713752731196,2,3.5678817559574747,26.116539380155125,0.9999388868138369,0.08295318758632675,-0.11121659432934687,-0.028263406743020122,0.9146976524453158
1210.3785008847856,1,3.5678914198033165,0.0015958447246537761,6.110102009573952e-05,0.0829686499152773,-9.496382955223358e-06,0.08295915353232208,0.8350593959069201
1210.3785008847856,2,3.5678914198033165,26.11653976743987,0.9999389016420296,0.08295318740360091,-0.11121846322834988,-0.02826527582474897,0.9147034277494075
1210.3820636906185,1,3.567896252439316,0.0015956855919470369,6.10949272907428e-05,0.0829686505916385,-9.495383741788616e-06,0.0829591552078967,0.8350582665836012
1210.3820636906185,2,3.567896252439316,26.116539874430547,0.9999389057384428,0.08295318731226153,-0.11121939745320697,-0.028266210140945436,0.9147063151442147
1210.3856264964513,1,3.5679013120590013,0.0015401420012317235,5.896829805165929e-05,0.0829686512900798,-9.164811415578529e-06,0.08295948647866422,0.8350571004401762
1210.3856264964513,2,3.5679013120590013,26.1165954196922,0.999941032431658,0.08295318721970002,-0.11122044828755884,-0.028267261067858818,0.9147092414926096
1210.3891893022842,1,3.5679061463481254,0.0015399831692906926,5.896221676225134e-05,0.0829686519663575,-9.16381584162079e-06,0.08295948815051588,0.8350559713508557
1210.3891893022842,2,3.5679061463481254,26.116595576864583,0.999941038449407,0.0829531871283864,-0.11122138256841814,-0.028268195440031743,0.9147121286763403
1210.424817360613,1,3.5679544913275105,0.0015383575409141997,5.8899975398435794e-05,0.08296865872410653,-9.153639337179945e-06,0.08295950508476935,0.8350446913886107
1210.424817360613,2,3.5679544913275105,26.116597185094342,0.99994110002462,0.08295318621615788,-0.1112307219635517,-0.02827753574739382,0.9147409890741165
1210.4604454189416,1,3.5680029099271167,0.0015367480059897286,5.883835021382628e-05,0.08296866547734627,-9.143560408163723e-06,0.0829595219169381,0.8350334235700607
1210.4604454189416,2,3.5680029099271167,26.116598794628707,0.9999411616497832,0.08295318530531404,-0.11124005871401428,-0.028286873408700244,0.9147698368011439
1210.5117217836064,1,3.5680727506791854,0.0015345462141871608,5.875404895124291e-05,0.0829686751905685,-9.129739916799243e-06,0.08295954545065169,0.8350172250838948
1210.5117217836064,2,3.5680727506791854,26.116600996420704,0.9999412459510532,0.08295318399675189,-0.11125349267995895,-0.028300308683207057,0.9148113353132378
1210.5629981482712,1,3.5681429824426174,0.0014766016255032934,5.653549132911556e-05,0.0829686849176321,-8.784308062313514e-06,0.08295990060956979,0.8350010130629375
1210.5629981482712,2,3.5681429824426174,26.116658941009398,0.9999434645086757,0.08295318268980711,-0.11126703856425295,-0.028313855874445834,0.9148528470298644
1210.614274512936,1,3.5682131426977097,0.001474537918029595,5.6456476980241785e-05,0.08296869461313161,-8.771342166352112e-06,0.08295992327096526,0.8349848631477835
1210.614274512936,2,3.5682131426977097,26.116661004717027,0.9999435435230305,0.08295318138691776,-0.1112804618224949,-0.02832728043557714,0.9148942941713324
1210.6236693377612,1,3.5682260145796394,0.0014741582222540823,5.644193935082743e-05,0.0829686963885159,-8.768957508974337e-06,0.08295992743100691,0.834981906892443
1210.6236693377612,2,3.5682260145796394,26.11666150766261,0.9999435627795958,0.08295318114850936,-0.11128292089737353,-0.02832973974886417,0.9149018853528674
1210.6283667501739,1,3.5682324517345427,0.0014739693854935174,5.643470924972559e-05,0.08296869727608502,-8.767771238536089e-06,0.08295992950484649,0.8349804290889796
1210.6283667501739,2,3.5682324517345427,26.116661604073343,0.9999435664709287,0.08295318102934335,-0.11128415003019133,-0.028330969000847986,0.9149056804833673
1210.6330641625866,1,3.5682391213243805,0.001417276189753552,5.426406442527323e-05,0.08296869818621389,-8.430475661960555e-06,0.08296026771055193,0.8349789138049416
1210.6330641625866,2,3.5682391213243805,26.11671829953373,0.999945737202461,0.08295318090894988,-0.1112854982301474,-0.028332317321197523,0.9149095152924914
1210.6377615749993,1,3.568245561469695,0.0014170845658854506,5.425672761259039e-05,0.08296869907363735,-8.429275283347892e-06,0.08296026979835401,0.8349774364065483
1210.6377615749993,2,3.568245561469695,26.116718488920938,0.9999457444536375,0.08295318078983005,-0.11128672748381223,-0.02833354669398218,0.9149133100883773
1210.661248637063,1,3.56827778113612,0.001416140098415096,5.422056624614013e-05,0.08296870350954588,-8.423355021407372e-06,0.08296028015452447,0.834970052606452
1210.661248637063,2,3.56827778113612,26.116719402536376,0.9999457794337545,0.08295318019458886,-0.11129287295061491,-0.028339692756026047,0.9149322806534662
1210.6729921680949,1,3.568293903756473,0.0014156731349487639,5.420268734871386e-05,0.0829687057267563,-8.420426502848662e-06,0.08296028530025346,0.8349663626883943
1210.6729921680949,2,3.568293903756473,26.116720062826673,0.9999458047146669,0.08295317989718853,-0.1112959456613071,-0.028342765764118566,0.9149417639749944
1210.6847356991268,1,3.5683100335111324,0.0014152126008828924,5.4185054617421856e-05,0.082968707943464,-8.417536401261136e-06,0.08296029040706274,0.8349626740984412
1210.6847356991268,2,3.5683100335111324,26.116720523523718,0.9999458223536383,0.08295317959994186,-0.11129901764116797,-0.028345838041226104,0.9149512457289992
1210.6964792301587,1,3.5683261712420684,0.0014147565000425535,5.416759162357246e-05,0.08296871015967344,-8.41467284159158e-06,0.08296029548683186,0.8349589868340558
1210.6964792301587,2,3.5683261712420684,26.11672097980935,0.9999458398237073,0.08295317930284618,-0.11130208931071732,-0.02834891000787114,0.9149607260760914
1210.7111586439487,1,3.568346353879123,0.0014141893118692498,5.414587536544301e-05,0.08296871292923402,-8.411111108610278e-06,0.08296030181812541,0.8349543796133282
1210.7111586439487,2,3.568346353879123,26.1167213533228,0.9999458541246304,0.08295317893168797,-0.11130592806570351,-0.028352749134015545,0.9149725744105843
1210.7258380577387,1,3.568366782430403,0.0013567012421766148,5.194479674714759e-05,0.08296871572086584,-8.069010667427308e-06,0.08296064671019841,0.8349497364556357
1210.7258380577387,2,3.568366782430403,26.11677884139272,0.9999480552032575,0.08295317855950302,-0.11130988657746083,-0.02835670801795781,0.914984460850938
1210.7405174715286,1,3.5683869909931514,0.0013561483589670741,5.192362819135087e-05,0.08296871848890941,-8.065542113676982e-06,0.08296065294679573,0.8349451333065336
1210.7405174715286,2,3.5683869909931514,26.116779394275714,0.999948076371805,0.08295317818880665,-0.11131372480228674,-0.028360546613480087,0.9149963049989147
1210.7496921051475,1,3.568399628247554,0.0013558030238330855,5.1910406147479285e-05,0.08296872021854362,-8.063375689274243e-06,0.08296065684285435,0.8349422573798843
1210.7496921051475,2,3.568399628247554,26.116779858355702,0.9999480941403011,0.08295317795723545,-0.11131612371421765,-0.0283629457569822,0.9150037065869956
1210.7588667387663,1,3.568412269955136,0.0013554577370101847,5.189718595332197e-05,0.08296872194787674,-8.06120965365798e-06,0.08296066073822309,0.8349393822567737
1210.7588667387663,2,3.568412269955136,26.116780203723696,0.9999481073636031,0.08295317772575839,-0.11131852219943232,-0.028365344473673934,0.9150111072512326
1210.7680413723851,1,3.568424916593622,0.0013551139023604288,5.1884021359348765e-05,0.082968723676907,-8.059052355748567e-06,0.08296066462455125,0.8349365079379127
1210.7680413723851,2,3.568424916593622,26.116780547645064,0.9999481205315173,0.08295317749437103,-0.11132092050299983,-0.028367743008628793,0.9150185070702358
1210.7737755183969,1,3.568432822953121,0.001354899356144514,5.18758069056193e-05,0.08296872475739647,-8.057706180007932e-06,0.08296066705121646,0.834934711896589
1210.7737755183969,2,3.568432822953121,26.116780689755206,0.9999481259725697,0.08295317734980223,-0.11132241919842022,-0.028369241848617985,0.915023131476401
1210.7795096644086,1,3.568440965426468,0.0012974494909578766,4.967619104510517e-05,0.08296872586074144,-7.715978797550579e-06,0.0829610098819439,0.8349328779843517
1210.7795096644086,2,3.568440965426468,26.116838142436485,0.9999503256962515,0.08295317720400508,-0.11132403845965182,-0.028370861255646737,0.9150277959622836
1210.7852438104203,1,3.5684490617619256,0.0012517858119041102,4.792783963697246e-05,0.08296872695924673,-7.444349846163885e-06,0.08296128260940057,0.8349310522377436
1210.7852438104203,2,3.5684490617619256,26.116883805556355,0.9999520740262499,0.0829531770585028,-0.111325632863131,-0.028372455804628202,0.9150324518694105
1210.7995791754497,1,3.5684688458203446,0.001251299484534819,4.790921934271381e-05,0.08296872965940771,-7.4412956394779716e-06,0.08296128836376823,0.8349265650095361
1210.7995791754497,2,3.5684688458203446,26.116884243150267,0.9999520907806583,0.08295317669741564,-0.1113293790358604,-0.02837620233844476,0.9150440096426421
1210.8139145404791,1,3.5684888767686593,0.0011933440486004614,4.5690246405700285e-05,0.0829687323819357,-7.096488022096691e-06,0.0829616358939136,0.8349220413522618
1210.8139145404791,2,3.5684888767686593,26.116942198586074,0.9999543097535905,0.08295317633528931,-0.11133324577462661,-0.028380069439337297,0.9150556057350492
1210.8282499055085,1,3.5685086854788146,0.0011928560040397659,4.567156036435178e-05,0.08296873508067915,-7.09343148329916e-06,0.08296164164919585,0.8349175579485889
1210.8282499055085,2,3.5685086854788146,26.1169426866308,0.9999543284396382,0.08295317597463825,-0.11133699124065488,-0.028383815266016632,0.9150671595563596
1210.837209508652,1,3.568521072800174,0.0011925374795096382,4.565936483341092e-05,0.08296873676702887,-7.0914410000535656e-06,0.08296164532602882,0.8349147567998594
1210.837209508652,2,3.568521072800174,26.1169431192127,0.9999543450021489,0.08295317574933758,-0.1113393322569372,-0.028386156507599625,0.9150743798631212
1210.8461691117955,1,3.568533464470619,0.0011922159312849011,4.564705353254444e-05,0.08296873845308994,-7.089432624860822e-06,0.08296164902046509,0.8349119564115778
1210.8461691117955,2,3.568533464470619,26.116943440838835,0.9999543573164327,0.08295317552412307,-0.11134167288422886,-0.02838849736010579,0.9150815993223068
1210.855128714939,1,3.56854586090577,0.0011918952886203025,4.563477690337712e-05,0.08296874013886413,-7.087429723180509e-06,0.08296165270914095,0.8349091567859267
1210.855128714939,2,3.56854586090577,26.116943761565132,0.9999543695962639,0.0829531752989956,-0.11134401334339016,-0.02839083804439456,0.9150888179861564
1210.9447247463736,1,3.568670088184171,0.0011887372673358013,4.55138639354761e-05,0.08296875698086037,-7.067693360472828e-06,0.08296168928749989,0.8348812023043599
1210.9447247463736,2,3.568670088184171,26.11694680536913,0.9999544861361291,0.08295317305241046,-0.11136740850322624,-0.028414235450815784,0.915160960936484
1210.9559242503028,1,3.568685651023552,0.0011883581100141233,4.5499346922151806e-05,0.0829687590840873,-7.06531965126748e-06,0.08296169376443603,0.8348777133448375
1210.9559242503028,2,3.568685651023552,26.11694736448573,0.9999545075433464,0.08295317277218484,-0.11137033208062773,-0.028417159308442894,0.9151699732886223
1210.967123754232,1,3.5687014093035923,0.00114183308676435,4.3718016735935924e-05,0.08296876120543661,-6.788592422702564e-06,0.08296197261301391,0.8348741947683864
1210.967123754232,2,3.5687014093035923,26.116993894048765,0.99995628904735,0.08295317249108614,-0.11137335217182924,-0.028420179680743105,0.9151790167823727
1210.9783232581613,1,3.568716986441567,0.0011414632435678424,4.3703856337851464e-05,0.08296876330779401,-6.786278985691837e-06,0.08296197702880832,0.834870708139678
1210.9783232581613,2,3.568716986441567,26.11699425966523,0.9999563030459168,0.0829531722111323,-0.11137627482007328,-0.028423102608940987,0.9151880265077764
1210.992322638073,1,3.5687364677636344,0.001141003056997137,4.368623691130572e-05,0.0829687659351146,-6.7833999587344896e-06,0.08296198253515587,0.8348663515104293
1210.992322638073,2,3.5687364677636344,26.11699453957783,0.9999563137630907,0.0829531718613783,-0.11137992738885091,-0.02842675552747262,0.9151992867869576
1211.0063220179845,1,3.568755961635398,0.0011405474076096878,4.366879120249141e-05,0.08296876856173885,-6.7805481058375555e-06,0.08296198801363301,0.8348619967256641
1211.0063220179845,2,3.568755961635398,26.116994995226992,0.9999563312087909,0.08295317151183124,-0.11138357992070035,-0.02843040840886911,0.9152105452490713
1211.0203213978962,1,3.5687754673475873,0.0011400952773866944,4.365148023394026e-05,0.08296877118766677,-6.777717373159867e-06,0.08296199347029361,0.8348576437843306
1211.0203213978962,2,3.5687754673475873,26.11699544735739,0.9999563485197661,0.08295317116248935,-0.11138723203947312,-0.028434060876983774,0.9152218017709056
1211.0903182974544,1,3.5688731743072193,0.001137887972996817,4.3566967907772326e-05,0.08296878430688892,-6.7638837837164254e-06,0.0829620204231052,0.8348359066431013
1211.0903182974544,2,3.5688731743072193,26.116997654662654,0.9999564330321258,0.08295316941888942,-0.11140548645594327,-0.02845231703705385,0.9152780553271561
1211.1078175223438,1,3.568897647662654,0.0011373499293885819,4.354636752428183e-05,0.08296878758398041,-6.760508072131652e-06,0.08296202707590827,0.8348304795361511
1211.1078175223438,2,3.568897647662654,26.116998192705232,0.9999564536324698,0.08295316898379745,-0.11141004845085918,-0.028456879467061727,0.9152921111519436
1211.1165671347885,1,3.5689098918178894,0.0011370835183859341,4.353616729378632e-05,0.08296878922211892,-6.758835847301623e-06,0.08296203038627162,0.8348277670565762
1211.1165671347885,2,3.5689098918178894,26.116998570449375,0.999956468095376,0.08295316876636871,-0.11141232944133185,-0.028459160674963138,0.9152991380105755
1211.1209419410109,1,3.5689160150884875,0.0011369500124234556,4.3531055674610417e-05,0.08296879004108604,-6.757997976852441e-06,0.08296203204310919,0.8348264110843745
1211.1209419410109,2,3.5689160150884875,26.116998620467136,0.9999564700104346,0.08295316865768765,-0.11141346958531108,-0.02846030092762343,0.9153026510596866
1211.123129344122,1,3.5689190772486463,0.0011368834970413332,4.352850896211581e-05,0.08296879045054517,-6.75758046089001e-06,0.08296203287008429,0.8348257331653582
1211.123129344122,2,3.5689190772486463,26.11699866610067,0.9999564717576318,0.08295316860335511,-0.11141403968601933,-0.02846087108266422,0.9153044075282187
1211.125316747233,1,3.5689223311725113,0.001090024817471177,4.173440388544734e-05,0.08296879087883724,-6.479033013236596e-06,0.082962311845824,0.8348250240820472
1211.125316747233,2,3.5689223311725113,26.117045525680034,0.9999582658971594,0.0829531685480056,-0.11141470835551746,-0.028461539807511857,0.9153061969516278
1211.127504150344,1,3.568925394029234,0.0010899578302847807,4.173183910871253e-05,0.08296879128826706,-6.478613613480067e-06,0.08296231267465358,0.8348243462445597
1211.127504150344,2,3.568925394029234,26.117045591771426,0.9999582684276384,0.08295316849368195,-0.11141527848661138,-0.028462109992929432,0.9153079533561482
1211.1493781814547,1,3.5689560242353653,0.001089288269937074,4.170620326856561e-05,0.08296879538074187,-6.474421779455668e-06,0.08296232095896242,0.8348175718105525
1211.1493781814547,2,3.5689560242353653,26.117046254364855,0.9999582937967321,0.08295316795076779,-0.11142097851723017,-0.028467810566462373,0.9153255131749972
1211.1712522125654,1,3.5689866846946594,0.0010886264025445822,4.168086197299681e-05,0.08296879947157976,-6.470276122281234e-06,0.08296232919545747,0.8348108017517011
1211.1712522125654,2,3.5689866846946594,26.117046916232454,0.9999583191380356,0.0829531674083519,-0.11142667761351743,-0.02847351020516553,0.9153430683976512
1211.21408071168,1,3.569046818219672,0.0010873718790096489,4.163282931259173e-05,0.0829688074774042,-6.462406300943063e-06,0.08296234507110326,0.8347975574698756
1211.21408071168,2,3.569046818219672,26.11704817075576,0.9999583671706871,0.0829531663477221,-0.11143783409189505,-0.02848466774417295,0.9153774289467222
1211.2569092107947,1,3.5691070737392376,0.0010861519733815967,4.158612208779535e-05,0.08296881547728674,-6.454743873700076e-06,0.08296236073341304,0.8347843293759669
1211.2569092107947,2,3.5691070737392376,26.117049390661457,0.9999584138779146,0.08295316528897878,-0.11144898718330892,-0.028495821894330142,0.9154117724374888
1211.278323460352,1,3.569137245802878,0.0010855529693081227,4.156318767609141e-05,0.08296881947490231,-6.450978345080303e-06,0.08296236849655723,0.8347777215591421
1211.278323460352,2,3.569137245802878,26.117049989665617,0.9999584368123297,0.08295316476031989,-0.11145456238603427,-0.02850139762571438,0.9154289376206324
1211.2997377099096,1,3.5691676404283608,0.001037570861546962,3.972606926146202e-05,0.08296882349006562,-6.165644152838554e-06,0.08296265784591278,0.8347710863310164
1211.2997377099096,2,3.5691676404283608,26.117097971773266,0.9999602739307399,0.0829531642311121,-0.11146023644414414,-0.028507072213032045,0.915446131697916
1211.321151959467,1,3.5691978700835114,0.001036987132736626,3.970371970249817e-05,0.08296882748451395,-6.161979182780288e-06,0.08296266550533117,0.8347644869204234
1211.321151959467,2,3.5691978700835114,26.117098555501936,0.9999602962802936,0.08295316370340444,-0.11146580980310568,-0.028512646099701236,0.9154632880200864
1211.3746875833606,1,3.5692735708213483,0.0010355546000943964,3.9648871505547386e-05,0.0829688374636417,-6.15297767251755e-06,0.08296268448596918,0.8347480068593672
1211.3746875833606,2,3.5692735708213483,26.117099988034756,0.9999603511284973,0.08295316238621542,-0.11147973913282948,-0.02852657674661406,0.9155061593525183
1211.4014553953075,1,3.5693114892681597,0.0010348528849876326,3.962200453774188e-05,0.08296884244945879,-6.148564294119656e-06,0.08296269388516467,0.8347397767091397
1211.4014553953075,2,3.5693114892681597,26.117100689749616,0.9999603779954557,0.08295316172873335,-0.1114867016160346,-0.028533539887301257,0.9155275845852404
1211.414839301281,1,3.569330465602592,0.0010345053615967023,3.9608698710824676e-05,0.08296884494143253,-6.1463776416403245e-06,0.08296269856379089,0.8347356641005239
1211.414839301281,2,3.569330465602592,26.11710103727314,0.9999603913012878,0.08295316140026898,-0.11149018231788141,-0.028537020917612427,0.9155382946057493
1211.4215312542678,1,3.5693399583333836,0.0010343325897115235,3.960208369479887e-05,0.08296884618718536,-6.145290252621634e-06,0.08296270089693274,0.8347336084121678
1211.4215312542678,2,3.5693399583333836,26.117101276895855,0.9999604004758598,0.08295316123610519,-0.11149192267539454,-0.02853876143928935,0.9155436490165472
1211.4232042425147,1,3.569342331640088,0.0010342890643600762,3.9600417214763335e-05,0.08296884649860026,-6.145016436453039e-06,0.08296270148216381,0.8347330945539065
1211.4232042425147,2,3.569342331640088,26.11710125774903,0.9999603997427743,0.08295316119507401,-0.11149235758445605,-0.028539196389382043,0.9155449874961776
1211.424040736638,1,3.569343518475368,0.0010342674602054783,3.959959004413461e-05,0.08296884665430238,-6.144880471072001e-06,0.0829627017738313,0.8347328376344842
1211.424040736638,2,3.569343518475368,26.117101276219643,0.9999604004499691,0.08295316117455709,-0.11149257509598214,-0.028539413921425047,0.9155456567456371
1211.4248772307615,1,3.569344901766891,0.0009862675728349796,3.776179089142922e-05,0.0829688468293952,-5.859691624780086e-06,0.08296298713777042,0.8347325487248574
1211.4248772307615,2,3.569344901766891,26.11714927648162,0.9999622382634646,0.08295316115300633,-0.11149289367897532,-0.02853973252596899,0.9155463598106826
1211.4257137248849,1,3.569346088710073,0.0009862459950776955,3.776096473148956e-05,0.08296884698509555,-5.859556170258984e-06,0.08296298742892529,0.8347322918153541
1211.4257137248849,2,3.569346088710073,26.117149297684882,0.9999622390752861,0.08295316113249118,-0.11149311119543771,-0.02853995006294653,0.9155470290529036
1211.434078666119,1,3.5693579588982858,0.000986030232335002,3.775270369990323e-05,0.08296884854183695,-5.8582017524532944e-06,0.08296299034008449,0.8347297232846151
1211.434078666119,2,3.5693579588982858,26.117149616925687,0.9999622512982415,0.08295316092739213,-0.11149528640260965,-0.02854212547521752,0.9155537209440634
1211.442443607353,1,3.5693698332552133,0.0009858149956462339,3.7744462809644554e-05,0.08296885009834476,-5.856850516820135e-06,0.08296299324782794,0.8347271553821054
1211.442443607353,2,3.5693698332552133,26.117149832233135,0.9999622595418409,0.08295316072236769,-0.11149746125785809,-0.028544300535490397,0.915560412099456
1211.463355960438,1,3.5693995393820703,0.0009853864256369389,3.7728053904476133e-05,0.08296885398869147,-5.854123329549842e-06,0.08296299986536192,0.8347207381876407
1211.463355960438,2,3.5693995393820703,26.117150156208925,0.9999622719460873,0.08295316021014632,-0.1115028970598369,-0.028549736849690588,0.9155771362085285
1211.4842683135232,1,3.569429276545138,0.0009849120762197472,3.770989221692316e-05,0.08296885787763841,-5.851124488300337e-06,0.08296300675315012,0.8347143248006694
1211.4842683135232,2,3.569429276545138,26.117150630558584,0.9999622901077841,0.08295315969835038,-0.11150833259793758,-0.0285551728995872,0.9155938568624759
1211.5051806666083,1,3.569459043063192,0.0009844045249987438,3.769045931290997e-05,0.08296886176511098,-5.847928740193062e-06,0.08296301383637078,0.8347079153346698
1211.5051806666083,2,3.569459043063192,26.117151138109787,0.9999623095406874,0.08295315918699053,-0.11151376752135171,-0.02856060833436118,0.9156105737450572
1211.5313211079647,1,3.569496291366088,0.0009837610506610696,3.766582224275526e-05,0.08296886662233671,-5.843880866351027e-06,0.08296302274147035,0.8346999090874843
1211.5313211079647,2,3.569496291366088,26.117151781584166,0.9999623341777593,0.08295315854841423,-0.11152056005848775,-0.028567401510073517,0.9156314641185607
1211.5443913286429,1,3.5695149332407783,0.0009834408515635102,3.7653562596692974e-05,0.08296886905006495,-5.841866269135201e-06,0.08296302718379582,0.8346959082952219
1211.5443913286429,2,3.5695149332407783,26.1171523594829,0.9999623563040988,0.0829531582293832,-0.11152395637651533,-0.02857079814713212,0.915641907057222
1211.557461549321,1,3.569533782717226,0.0009346268941206238,3.57845946773251e-05,0.08296887149684995,-5.551792768088338e-06,0.08296331970408186,0.8346918766865601
1211.557461549321,2,3.569533782717226,26.117200915740504,0.9999642154053169,0.08295315790949243,-0.11152745344867632,-0.02857429553918389,0.9156523821953115
1211.5705317699992,1,3.5695524473381095,0.0009342908937300107,3.577173003811436e-05,0.0829688739234351,-5.549690121213581e-06,0.08296332423331389,0.8346878789421242
1211.5705317699992,2,3.5695524473381095,26.117201510046883,0.9999642381598652,0.08295315759080069,-0.11153084925468082,-0.028577691663880134,0.9156628221551999
1211.586869545847,1,3.5695757911520953,0.0009338849560464727,3.575618766975214e-05,0.08296887695583877,-5.547145533913221e-06,0.08296332981030485,0.8346828839432284
1211.586869545847,2,3.5695757911520953,26.117201657678756,0.9999642438123313,0.08295315719269869,-0.1115350922309612,-0.028581935038262507,0.9156758692518323
1211.603207321695,1,3.569599153265968,0.0009334945071669648,3.5741238330092324e-05,0.08296887998731872,-5.544693152987372e-06,0.08296333529416573,0.8346778913707336
1211.603207321695,2,3.569599153265968,26.117202048127734,0.9999642587616747,0.08295315679486759,-0.11153933515389573,-0.028586178359028144,0.9156889138641283
1211.6195450975429,1,3.569622532794743,0.0009331118563341099,3.572658755870666e-05,0.08296888301787941,-5.542287291754192e-06,0.08296334073058766,0.8346729012188419
1211.6195450975429,2,3.569622532794743,26.117202430778438,0.9999642734124412,0.08295315639730827,-0.11154357752399968,-0.028590421126691412,0.9157019558821992
1211.6399673173528,1,3.569651781856004,0.0009326394004118853,3.570849836847892e-05,0.08296888680478709,-5.539315037368539e-06,0.08296334748974972,0.8346666669258717
1211.6399673173528,2,3.569651781856004,26.11720290323431,0.9999642915016296,0.08295315590074281,-0.11154887974234456,-0.02859572384160175,0.9157182548128567
1211.6501784272577,1,3.5696664173327166,0.0009324059925039432,3.569956174635438e-05,0.08296888869770402,-5.537845775723464e-06,0.0829633508519283,0.8346635511940984
1211.6501784272577,2,3.5696664173327166,26.117203295424343,0.9999643065176337,0.08295315565261507,-0.11155153087682695,-0.02859837522421188,0.9157264028973054
1211.6603895371627,1,3.5696812595109138,0.000883246245991846,3.381735440303733e-05,0.08296889061010226,-5.245791964610576e-06,0.08296364481813766,0.8346604037523159
1211.6603895371627,2,3.5696812595109138,26.117252459679975,0.9999661888976202,0.08295315540354675,-0.11155428458496079,-0.02860112918141404,0.9157345843892674
1211.6706006470677,1,3.5696959084443756,0.0008830032464387082,3.3808050540104964e-05,0.08296889250233086,-5.244270239378084e-06,0.08296364823209149,0.8346572898596156
1211.6706006470677,2,3.5696959084443756,26.11725269845106,0.9999661980395854,0.08295315515562773,-0.11155693507548292,-0.028603779919855188,0.9157427305711136
1211.6833645344489,1,3.569714229540155,0.0008827096834636712,3.379681072650656e-05,0.08296889486711567,-5.242428688320036e-06,0.08296365243842735,0.8346533988172395
1211.6833645344489,2,3.569714229540155,26.117253081741495,0.9999662127148456,0.08295315484588084,-0.11156024804794874,-0.028607093202067904,0.9157529118792382
1211.69612842183,1,3.5697325609512465,0.000882423909363161,3.378586913000386e-05,0.08296889723133827,-5.240633512246595e-06,0.08296365659782602,0.834649509245694
1211.69612842183,2,3.5697325609512465,26.11725336778835,0.9999662236668853,0.08295315453630181,-0.1115635604745148,-0.028610405938212985,0.9157630915080657
1211.7088923092113,1,3.569750903138138,0.0008821426592853845,3.377510074734816e-05,0.0829688995950022,-5.238865319190991e-06,0.082963660729683,0.8346456211429967
1211.7088923092113,2,3.569750903138138,26.117253649317075,0.9999662344459366,0.08295315422688798,-0.11156687256764115,-0.028613718340753172,0.9157732695629189
1211.724847168438,1,3.569773845095031,0.0008817934827844921,3.376173162686396e-05,0.0829689025487994,-5.236669409295354e-06,0.08296366587939011,0.834640763075868
1211.724847168438,2,3.569773845095031,26.117253749151907,0.99996623826837,0.08295315384035895,-0.11157101171048041,-0.028617857870121458,0.9157859897757025
1211.7288358832445,1,3.5697795835891175,0.0008817071113464976,3.375842467419677e-05,0.08296890328711282,-5.236125939187381e-06,0.08296366716117363,0.8346395489171705
1211.7288358832445,2,3.5697795835891175,26.11725385992918,0.9999662425097627,0.0829531537437651,-0.11157204660052567,-0.02861889285676056,0.9157891695119925
1211.7308302406477,1,3.5697824531103843,0.0008816638462202271,3.3756768157551477e-05,0.08296890365624865,-5.235853736717695e-06,0.08296366780251194,0.8346389418913441
1211.7308302406477,2,3.5697824531103843,26.1172538848908,0.9999662434654826,0.08295315369547396,-0.11157256397007917,-0.02861941027460521,0.9157907593023695
1211.7318274193494,1,3.569783887989345,0.0008816422492859577,3.3755941263371605e-05,0.08296890384081124,-5.235717848107835e-06,0.08296366812296313,0.8346386383918456
1211.7318274193494,2,3.569783887989345,26.117253901911337,0.9999662441171576,0.08295315367133149,-0.11157282266157742,-0.028619668990245928,0.9157915541866622
1211.7328245980511,1,3.5697855248623225,0.0008323407108823056,3.1868305052771e-05,0.08296890404535695,-4.942928290693757e-06,0.08296396111706626,0.8346383020364964
1211.7328245980511,2,3.5697855248623225,26.117303203909678,0.9999681317709781,0.08295315364613298,-0.11157318520768474,-0.028620031561551754,0.915792383803291
1211.7338217767528,1,3.569786959898531,0.0008323193919272718,3.1867488801741174e-05,0.0829689042299151,-4.942794480802478e-06,0.08296396143543429,0.8346379985514798
1211.7338217767528,2,3.569786959898531,26.117303224769046,0.9999681325696327,0.0829531536219914,-0.11157344390577688,-0.028620290283785474,0.9157931786765744
1211.74379356377,1,3.569801311489627,0.0008321059819586801,3.1859317852163116e-05,0.08296890607513152,-4.941455118930701e-06,0.08296396462001258,0.834634964488348
1211.74379356377,2,3.569801311489627,26.117303589286816,0.9999681465261331,0.08295315338063425,-0.11157603096265649,-0.02862287758202224,0.9158011266773015
1211.753765350787,1,3.5698156692787797,0.0008318932931256687,3.1851174513115646e-05,0.0829689079200211,-4.9401201058873025e-06,0.0829639677999152,0.8346319313010423
1211.753765350787,2,3.5698156692787797,26.117303802100622,0.999968154674257,0.08295315313937923,-0.11157861751744087,-0.02862546437806164,0.9158090736473704
1211.7786948183298,1,3.5698515946818308,0.0008314509183784067,3.183423705804579e-05,0.08296891253098071,-4.937313414286125e-06,0.08296397521756642,0.8346243518642503
1211.7786948183298,2,3.5698515946818308,26.11730409171626,0.9999681657629367,0.08295315253670399,-0.11158508233041739,-0.0286319297937134,0.915828936213126
1211.8036242858725,1,3.5698877686035133,0.0007814519681500256,2.9919898641861224e-05,0.08296891716010535,-4.6402410668926115e-06,0.08296427691903846,0.83461674466797
1211.8036242858725,2,3.5698877686035133,26.11735409066665,0.9999700801013591,0.08295315193357045,-0.11159165103456144,-0.02863849910099099,0.9158488286720459
1211.8285537534152,1,3.5699239887096694,0.0007311907413685915,2.7995518293218475e-05,0.08296892178732307,-4.3416331809806386e-06,0.08296458015414208,0.8346091427041381
1211.8285537534152,2,3.5699239887096694,26.1174043518936,0.9999720044817142,0.08295315133100711,-0.11159821981793569,-0.028645068486928577,0.9158687170932927
1211.890877422272,1,3.5700142122020284,0.0007299411365261664,2.794767395760787e-05,0.0829689332957031,-4.33382045445034e-06,0.08296459947524865,0.8345902449156274
1211.890877422272,2,3.5700142122020284,26.117405601498977,0.9999720523260702,0.08295314983001933,-0.11161437398051459,-0.028661224150495254,0.9159183237702029
1211.9220392567004,1,3.5700594231368794,0.000729348963857271,2.792500110379988e-05,0.08296893904497171,-4.330108698101497e-06,0.08296460893627361,0.83458080895989
1211.9220392567004,2,3.5700594231368794,26.117406193670856,0.9999720749988938,0.08295314908099005,-0.11162244816386194,-0.028669299082871885,0.9159431132223221
1211.9532010911287,1,3.5701047003611626,0.0007287864491607241,2.790346378174913e-05,0.08296894479094163,-4.326573583977933e-06,0.08296461821735765,0.8345713816465653
1211.9532010911287,2,3.5701047003611626,26.117406756185567,0.9999720965362164,0.08295314833293599,-0.11163052037300103,-0.02867737204006504,0.915967893352516
1211.984362925557,1,3.5701500445334915,0.0007282389055591124,2.788249966657644e-05,0.08296895053362441,-4.323127899565735e-06,0.08296462740572484,0.8345619629472241
1211.984362925557,2,3.5701500445334915,26.11740730372918,0.9999721175003321,0.08295314758585093,-0.11163859071736755,-0.028685443131516622,0.9159926643556197
1212.0622675116279,1,3.5702637002872484,0.0007269251667446299,2.7832199796881e-05,0.08296896487603078,-4.314843253035577e-06,0.08296465003277774,0.8345384537225062
1212.0622675116279,2,3.5702637002872484,26.117408617469284,0.9999721678002511,0.08295314572235934,-0.11165875851595301,-0.02870561279359367,0.9160545521234685
1212.1401720976987,1,3.570377782218244,0.0007256697831597741,2.7784134207252418e-05,0.08296897919804902,-4.306908270978495e-06,0.08296467228977804,0.8345149979310417
1212.1401720976987,2,3.570377782218244,26.117409872853116,0.9999722158658502,0.08295314386487007,-0.11167891499045945,-0.028725771125589383,0.9161163835181341
1212.2180766837696,1,3.5704922957593794,0.0007244576846507047,2.773772589808767e-05,0.08296899349976083,-4.299233388435471e-06,0.0829646942663724,0.834491595314169
1212.2180766837696,2,3.5704922957593794,26.117411084951044,0.9999722622741372,0.08295314201335202,-0.1116990603223271,-0.028745918308975077,0.9161781589361829
1212.407054304202,1,3.570772056530568,0.0006837559798717514,2.6179356438195997e-05,0.08296902812403228,-4.056597144949364e-06,0.08296497152688734,0.8344350200966648
1212.407054304202,2,3.570772056530568,26.117451786696265,0.9999738206451454,0.08295313754590516,-0.11174796145085754,-0.028794823904952374,0.916327804825763
1212.45429870931,1,3.570842526964277,0.0006445331755881963,2.467761048778049e-05,0.08296903677362089,-3.8236384720862465e-06,0.0829652131351488,0.8344209050073172
1212.45429870931,2,3.570842526964277,26.117491009459094,0.9999753223895087,0.08295313643384983,-0.11176023807591179,-0.02880710164206196,0.9163651859698881
1212.4779209118642,1,3.570877745873342,0.0006442154201448764,2.4665444403306304e-05,0.08296904108780101,-3.821625250902459e-06,0.0829652194625501,0.8344138674872676
1212.4779209118642,2,3.570877745873342,26.117491327214434,0.9999753345555892,0.08295313587902786,-0.11176633432806499,-0.028813198449037125,0.9163838556018855
1212.5015431144184,1,3.5709130068893553,0.0006438929647394684,2.465309836869439e-05,0.08296904540015149,-3.819584400199907e-06,0.08296522581575129,0.8344068347458321
1212.5015431144184,2,3.5709130068893553,26.11749164967007,0.9999753469016327,0.0829531353247388,-0.11177242966270443,-0.028819294337965623,0.9164025203145697
1212.5251653169726,1,3.5709483100125206,0.0006435720831565511,2.4640812591924705e-05,0.08296904971067232,-3.817553137531739e-06,0.08296523215753479,0.8343998067867406
1212.5251653169726,2,3.5709483100125206,26.117491970551452,0.9999753591874017,0.08295313477098532,-0.1117785240321844,-0.028825389261199083,0.9164211800247635
1212.5487875195267,1,3.5709836553268435,0.0006432556127445038,2.462869570817813e-05,0.08296905401936172,-3.8155482916898e-06,0.08296523847107003,0.8343927836054744
1212.5487875195267,2,3.5709836553268435,26.117492287022134,0.9999753713042958,0.08295313421776829,-0.1117846174149601,-0.02883148319719181,0.9164398346950826
1212.556169457825,1,3.5709947097809374,0.0006431580289412191,2.4624959461265507e-05,0.08296905536545207,-3.814929617838588e-06,0.08296524043583424,0.8343905898403078
1212.556169457825,2,3.5709947097809374,26.117492474922784,0.9999753784985554,0.08295313404499538,-0.11178652158382689,-0.02883338753883151,0.9164456633082111
1212.5598604269742,1,3.571000238098001,0.0006431090544322582,2.46230843462183e-05,0.0829690560384293,-3.814619206832907e-06,0.08296524141922247,0.834389493131996
1212.5598604269742,2,3.571000238098001,26.117492456168385,0.9999753777804951,0.08295313395863158,-0.11178747339467568,-0.028834339436044104,0.9164485773507625
1212.5617059115489,1,3.571003002714285,0.0006430846616154972,2.4622150404485703e-05,0.08296905637490237,-3.814464563758335e-06,0.08296524191033862,0.8343889448214993
1212.5617059115489,2,3.571003002714285,26.117492463622156,0.9999753780658819,0.08295313391545456,-0.11178794932668264,-0.02883481541122808,0.9164500343378631
1212.5635513961236,1,3.571005928418685,0.0006039210621528446,2.3122671262924365e-05,0.08296905672738131,-3.582155617569059e-06,0.08296547457176374,0.8343883704371411
1212.5635513961236,2,3.571005928418685,26.11753162789897,0.9999768775709575,0.08295313387146219,-0.11178850785004461,-0.02883537397858242,0.9164515188990607
1212.5653968806982,1,3.5710086936283183,0.0006038970751339371,2.3121752858206374e-05,0.08296905706383484,-3.5820039902813217e-06,0.08296547505984456,0.8343878221798133
1212.5653968806982,2,3.5710086936283183,26.1175316512107,0.9999768784635071,0.08295313382828873,-0.1117889838062052,-0.028835849977916467,0.9164529758415617
1212.5838517264451,1,3.5710363493616195,0.0006036527361520666,2.3112397711799707e-05,0.08296906042716401,-3.5804613130640874e-06,0.08296547996585095,0.8343823421716985
1212.5838517264451,2,3.5710363493616195,26.117531889898498,0.9999768876022834,0.08295313339678412,-0.1117937425823339,-0.028840609185549787,0.9164675425602271
1212.602306572192,1,3.5710640316983984,0.0006034108719090789,2.310313731713666e-05,0.08296906378941049,-3.5789334590534673e-06,0.08296548485595144,0.8343768650139333
1212.602306572192,2,3.5710640316983984,26.11753213176298,0.9999768968626873,0.08295313296560192,-0.11179850080218917,-0.028845367836587255,0.9164821062826478
1212.641363774584,1,3.571122716562537,0.0006029142424885512,2.3084122582347614e-05,0.08296907090220884,-3.5757908225945406e-06,0.08296549511138625,0.8343652817375675
1212.641363774584,2,3.571122716562537,26.117532628392205,0.9999769158774146,0.08295313205410171,-0.11180856952413343,-0.02885543747003172,0.9165129195849198
1212.6804209769762,1,3.571181525536562,0.0006024312019631227,2.3065628133360623e-05,0.08296907801039755,-3.572729401775028e-06,0.08296550528099578,0.8343537108339361
1212.6804209769762,2,3.571181525536562,26.11753311143292,0.9999769343718707,0.0829531311440368,-0.11181863587602373,-0.02886550473198693,0.9165437198450078
1212.6999495781722,1,3.5712109754712213,0.0006021939835587702,2.30565456165797e-05,0.08296908156268845,-3.571224436800866e-06,0.08296551033825166,0.8343479301357453
1212.6999495781722,2,3.5712109754712213,26.11753334865126,0.9999769434543851,0.08295313068954524,-0.11182366810864768,-0.028870537419102435,0.91655911496421
1212.7194781793683,1,3.571240617982909,0.0005623206494545425,2.1529892458694857e-05,0.08296908513001267,-3.334669609217787e-06,0.08296575046040344,0.8343421261988025
1212.7194781793683,2,3.571240617982909,26.117573221985236,0.999978470107538,0.08295313023459183,-0.11182878331489189,-0.02887565308030006,0.9165745346290645
1212.7390067805643,1,3.5712701274396945,0.0005620925923728099,2.1521160706715076e-05,0.08296908867986019,-3.3332257307004565e-06,0.08296575545412949,0.8343363519078343
1212.7390067805643,2,3.5712701274396945,26.117573450042155,0.9999784788392838,0.08295312978082325,-0.11183381424847333,-0.028880684467650075,0.916589922992791
1212.7634175320595,1,3.571307056281191,0.0005618105482385211,2.151036192156334e-05,0.08296909311543388,-3.331439040392161e-06,0.08296576167639348,0.8343291385698114
1212.7634175320595,2,3.571307056281191,26.117573732086463,0.9999784896380756,0.08295312921412101,-0.11184010199211883,-0.028886972777997816,0.9166091536645006
1212.7878282835547,1,3.5713440320154004,0.0005615320092275727,2.1499697339074528e-05,0.08296909754907755,-3.3296733626295507e-06,0.08296576787571493,0.8343219302581831
1212.7878282835547,2,3.5713440320154004,26.117574010625457,0.9999785003026574,0.08295312864798365,-0.11184638871579575,-0.028893260067812093,0.9166283790370877
1212.81223903505,1,3.571381054846955,0.0005612569361200127,2.1489165457611893e-05,0.08296910198079122,-3.3279284624054807e-06,0.08296577405232881,0.8343147269669119
1212.81223903505,2,3.571381054846955,26.1175742856987,0.9999785108345441,0.08295312808240762,-0.11185267442384127,-0.028899546341433643,0.9166475991213954
1212.8274957547346,1,3.5714042181175003,0.0005610867593999813,2.1482649804159006e-05,0.08296910474963504,-3.3268483545766595e-06,0.08296577790128046,0.8343102274565871
1212.8274957547346,2,3.5714042181175003,26.117574455875346,0.9999785173501947,0.08295312772920838,-0.11185660247664209,-0.02890347474743371,0.9166596089914129
1212.8427524744193,1,3.5714275648122444,0.0005208081094869018,1.9940478087983887e-05,0.0829691075342085,-3.087958281186858e-06,0.08296601957592731,0.8343057031265597
1212.8427524744193,2,3.5714275648122444,26.117614734525382,0.9999800595219156,0.08295312737539717,-0.1118606147759533,-0.028907487400556126,0.9166716450898528
1212.858009194104,1,3.5714507652362246,0.0005206449489394717,1.993423106674595e-05,0.08296911030157705,-3.086925019733767e-06,0.08296602337655733,0.8343012074857215
1212.858009194104,2,3.5714507652362246,26.117614897685826,0.9999800657689328,0.0829531270226358,-0.11186454205095774,-0.028911415028321938,0.916683650880751
1212.8770800937098,1,3.5714797919528087,0.0005204425485548229,1.9926481647407862e-05,0.08296911375973526,-3.0856427500553003e-06,0.0829660281169852,0.8342955906750683
1212.8770800937098,2,3.5714797919528087,26.11761510008631,0.999980073518356,0.08295312658199006,-0.11186945059087537,-0.028916324008885316,0.9166986552241215
1212.8961509933156,1,3.571508847855406,0.0005202421618809521,1.991880932816656e-05,0.08296911721672373,-3.0843725469966967e-06,0.08296603284417674,0.8342899769107979
1212.8961509933156,2,3.571508847855406,26.117615300472732,0.9999800811906656,0.08295312614168893,-0.11187435851695504,-0.028921232375266115,0.9167136563557793
1212.9152218929214,1,3.571537933040515,0.0005200438539001755,1.9911216597037153e-05,0.08296912067254159,-3.0831147947308694e-06,0.08296603755774686,0.8342843661909566
1212.9152218929214,2,3.571537933040515,26.117615498781007,0.999980088783408,0.08295312570172797,-0.11187926583075233,-0.028926140129024364,0.9167286542800603
1212.9390605174285,1,3.571574330847504,0.0005197989028570453,1.9901838016290822e-05,0.08296912499066966,-3.0815601754474895e-06,0.08296604343049421,0.8342773570668193
1212.9390605174285,2,3.571574330847504,26.117615743731786,0.9999800981619786,0.0829531251522555,-0.11188539911365844,-0.028932273961402938,0.9167473971796634
1212.9628991419356,1,3.5716109413649026,0.00047903584108573854,1.834111934612519e-05,0.08296912932365519,-2.8398071927526796e-06,0.08296628951646244,0.8342703256198739
1212.9628991419356,2,3.5716109413649026,26.117656506793704,0.9999816588806545,0.08295312460247839,-0.11189161695690296,-0.02893849235442457,0.9167661636369374
1212.9867377664427,1,3.5716474316348727,0.0004788053959451253,1.8332296161168625e-05,0.08296913363817815,-2.838346922152438e-06,0.082966295291256,0.8342633259139396
1212.9867377664427,2,3.5716474316348727,26.117656737238853,0.9999816677038398,0.08295312405406818,-0.11189774835286842,-0.028944624298800237,0.9167848966068952
1213.0165360470767,1,3.5716931098507887,0.0004785210503081605,1.8321409257067044e-05,0.082969139028779,-2.836543836128229e-06,0.08296630248494287,0.8342545829247524
1213.0165360470767,2,3.5716931098507887,26.117657021584368,0.9999816785907392,0.08295312336930039,-0.11190541126678812,-0.02895228789748773,0.9168083058067686
1213.0314351873935,1,3.5717159763076913,0.00047838045427256703,1.8316026176204937e-05,0.08296914172301495,-2.8356517454161134e-06,0.08296630607126954,0.8342502141977189
1213.0314351873935,2,3.5717159763076913,26.117657162180706,0.9999816839738316,0.08295312302722735,-0.11190924217209447,-0.02895611914486712,0.9168200074923493
1213.0463343277104,1,3.571739029257714,0.00043735493573476245,1.674525867364583e-05,0.08296914443337577,-2.5924147769950864e-06,0.08296655201859877,0.834245820020767
1213.0463343277104,2,3.571739029257714,26.117698187699016,0.9999832547413254,0.08295312268451749,-0.11191315901039874,-0.028960036325881247,0.9168317360729715
1213.0612334680272,1,3.5717619324067553,0.00043722292958567186,1.674020447868329e-05,0.08296914712622083,-2.5915787497694864e-06,0.08296655554747107,0.8342414549390027
1213.0612334680272,2,3.5717619324067553,26.11769831970514,0.9999832597955195,0.08295312234285657,-0.11191698918800591,-0.028963866845149344,0.9168434339152456
1213.0798573934233,1,3.571790587213991,0.00043705915038181,1.6733933770592563e-05,0.08296915049128106,-2.5905410882114876e-06,0.08296655995019285,0.8342360011685995
1213.0798573934233,2,3.571790587213991,26.1176984834842,0.999983266066222,0.08295312191606907,-0.1119217763955027,-0.028968654479433628,0.9168580534921427
1213.0984813188193,1,3.5718192708504377,0.0004368971727162196,1.6727732039028456e-05,0.08296915385523906,-2.589514205164581e-06,0.0829665643410339,0.8342305502686506
1213.0984813188193,2,3.5718192708504377,26.11769864546211,0.9999832722679629,0.08295312148960399,-0.11192656303132954,-0.028973441541725556,0.9168726700424645
1213.1171052442153,1,3.5718481528143724,0.00039556570002565405,1.5145250294759353e-05,0.08296915723506082,-2.3444796359424017e-06,0.08296681275542488,0.834225074746249
1213.1171052442153,2,3.5718481528143724,26.117739976934963,0.9999848547497134,0.0829531210626131,-0.11193143600615704,-0.028978314943543942,0.9168873126062846
1213.1287451975877,1,3.5718661138985186,0.00039547271645186687,1.5141690179465694e-05,0.08296915933630444,-2.3438907869601325e-06,0.08296681544551748,0.8342216711509702
1213.1287451975877,2,3.5718661138985186,26.117740307894348,0.9999848674213447,0.08295312079643047,-0.11193442751066421,-0.02898130671423374,0.9168964447188418
1213.1403851509601,1,3.5718840853799763,0.0003953794642997038,1.513811978095808e-05,0.0829691614371173,-2.3433003817342574e-06,0.08296681813673557,0.8342182686710738
1213.1403851509601,2,3.5718840853799763,26.11774040141162,0.999984871001894,0.0829531205303784,-0.11193741829684366,-0.02898429776646526,0.9169055754935881
1213.1462051276462,1,3.571893074655783,0.0003953326706699091,1.5136328166479387e-05,0.08296916248736341,-2.3430041994353143e-06,0.08296681948316398,0.834216567849821
1213.1462051276462,2,3.571893074655783,26.117740269572376,0.9999848659540895,0.08295312039740299,-0.11193891323095967,-0.02898579283355668,0.9169101403149116
1213.1491151159894,1,3.5718975705447766,0.0003953094370964963,1.5135438609360162e-05,0.08296916301244561,-2.342857079103308e-06,0.08296682015536651,0.8342157175440662
1213.1491151159894,2,3.5718975705447766,26.117740248108426,0.9999848651322869,0.08295312033092639,-0.11193966077121455,-0.028986540440288158,0.9169124226465424
1213.1498426130752,1,3.5718986946167868,0.00039530363129981815,1.5135216319500739e-05,0.08296916314371305,-2.3428203147568316e-06,0.08296682032339829,0.8342155049785406
1213.1498426130752,2,3.5718986946167868,26.117740239935635,0.9999848648193707,0.08295312031430857,-0.11193984764819784,-0.028986727333889267,0.9169129932159622
1213.150206361618,1,3.571899256695316,0.0003953007423112062,1.5135105707140711e-05,0.082969163209345,-2.3428020150735026e-06,0.08296682040732993,0.834215398697423
1213.150206361618,2,3.571899256695316,26.117740242125254,0.9999848649032058,0.08295312030599877,-0.11193994109961387,-0.0289868207936151,0.9169132785033698
1213.1503882358895,1,3.5718995377394736,0.0003952992984684993,1.5135050425908842e-05,0.08296916324216141,-2.342792869106601e-06,0.08296682044929231,0.8342153455572737
1213.1503882358895,2,3.5718995377394736,26.11774024339477,0.9999848649518125,0.08295312030184476,-0.11193998782560992,-0.028986867523765156,0.9169134211467653
1213.1504791730254,1,3.571899678262776,0.0003952985767089277,1.5135022791487142e-05,0.08296916325856962,-2.3427882970852145e-06,0.08296682047027254,0.8342153189873013
1213.1504791730254,2,3.571899678262776,26.117740244072717,0.9999848649777695,0.0829531202997682,-0.11194001118867895,-0.028986890888910752,0.9169134924683858
1213.1505701101612,1,3.5718999890747,0.00035391014189912356,1.355036010596572e-05,0.0829691632920202,-2.097493965508871e-06,0.08296706579805468,0.8342152648188332
1213.1505701101612,2,3.5718999890747,26.117781632564128,0.9999864496426221,0.08295312029684165,-0.11194012191517291,-0.02898700161833126,0.9169135929644164
1213.150661047297,1,3.571900129599679,0.0003539094678353949,1.3550334297702048e-05,0.0829691633084284,-2.0974897069901933e-06,0.08296706581872142,0.8342152382487561
1213.150661047297,2,3.571900129599679,26.117781633181316,0.9999864496662527,0.0829531202947642,-0.11194014527822667,-0.028987024983462464,0.9169136642861515
1213.1515704186554,1,3.5719015348701753,0.00035390270072835513,1.3550075201602762e-05,0.08296916347250693,-2.0974469650631235e-06,0.08296706602554187,0.8342149725537502
1213.1515704186554,2,3.5719015348701753,26.11778164139051,0.9999864499805629,0.08295312027399238,-0.11194037891127837,-0.02898725863728599,0.9169143774987286
1213.1524797900138,1,3.57190294020579,0.0003538959322890615,1.3549816054494707e-05,0.0829691636365828,-2.097404215436323e-06,0.08296706623236737,0.8342147068653977
1213.1524797900138,2,3.57190294020579,26.117781648159415,0.9999864502397278,0.08295312025322144,-0.11194061254001508,-0.028987492286793648,0.916915090703257
1213.1615735035975,1,3.571916995577465,0.00035382805610538953,1.3547217240212533e-05,0.08296916527707143,-2.096975596170423e-06,0.08296706830147527,0.8342120505669856
1213.1615735035975,2,3.571916995577465,26.117781860295846,0.9999864583619167,0.08295312004556088,-0.11194294895600393,-0.02898982891044305,0.9169222222335299
1213.1706672171813,1,3.571931057500485,0.0003537604502117848,1.3544628774680818e-05,0.08296916691730427,-2.0965485983936286e-06,0.08296707036870588,0.8342093949346726
1213.1706672171813,2,3.571931057500485,26.117781928032596,0.9999864609553923,0.08295311983797848,-0.11194528494031152,-0.02899216510233303,0.9169293529598996
1213.2161357851,1,3.5720016488405926,0.0003119618618483191,1.1944262305365487e-05,0.08296917513207624,-1.8487146730996678e-06,0.08296732641740315,0.8341960986024303
1213.2161357851,2,3.5720016488405926,26.117823580773003,0.9999880557376976,0.08295311880035516,-0.1119570502328456,-0.029003931432490443,0.9169650252907239
1213.2388700690594,1,3.5720369277744104,0.00031181907574940096,1.193879537229574e-05,0.08296917922859226,-1.8478106289079265e-06,0.08296733141796335,0.8341894704268908
1213.2388700690594,2,3.5720369277744104,26.11782372355902,0.9999880612046275,0.08295311828267149,-0.11196288811805315,-0.029009769835381657,0.9169828404982335
1213.2616043530188,1,3.5720722513970027,0.00031167496702452985,1.1933277799089343e-05,0.08296918332349712,-1.8468988530777735e-06,0.08296733642464404,0.8341828464544584
1213.2616043530188,2,3.5720722513970027,26.117823867667738,0.9999880667222004,0.08295311776545944,-0.11196872523029276,-0.029015607464833323,0.9170006513653203
1213.2843386369782,1,3.5721076194779675,0.0003115324669036611,1.1927821815424807e-05,0.08296918741677217,-1.8459967156308498e-06,0.08296734142005655,0.8341762267094431
1213.2843386369782,2,3.5721076194779675,26.117824010167993,0.9999880721781892,0.0829531172487199,-0.11197456152277085,-0.029021444274050956,0.9170184577987639
1213.398010056775,1,3.5722851332159653,0.00031083481119858006,1.190111027225427e-05,0.08296920785877493,-1.8415755627191453e-06,0.0829673662832122,0.8341431911937042
1213.398010056775,2,3.5722851332159653,26.11782470783035,0.9999880988899872,0.08295311467209476,-0.11200373089354837,-0.029050616221453607,0.9171074239263434
1213.511681476572,1,3.5724637836927235,0.00031019476190427537,1.1876604338694813e-05,0.08296922826023945,-1.8374982532603677e-06,0.08296739076198618,0.8341102606488994
1213.511681476572,2,3.5724637836927235,26.11782534787969,0.9999881233959225,0.08295311210722556,-0.11203287976097158,-0.029079767653746022,0.9171962793877747
1213.625352896369,1,3.5726435936817507,0.0003096177908614378,1.1854513518241885e-05,0.08296924862137534,-1.8337970200674572e-06,0.08296741482435527,0.8340774344174813
1213.625352896369,2,3.5726435936817507,26.117825924850965,0.9999881454867517,0.08295310955404567,-0.11206200821379163,-0.02910889865974596,0.9172850245042319
1213.7101657212772,1,3.572778523446677,0.0003092245137104303,1.1839455890932863e-05,0.08296926378711333,-1.8312573606588458e-06,0.08296743252975268,0.8340530096046604
1213.7101657212772,2,3.572778523446677,26.117826318123395,0.9999881605441983,0.08295310765662567,-0.11208372845392456,-0.02913062079729889,0.9173511677317074
1213.7949785461856,1,3.5729141227068193,0.0003088533209837466,1.1825243822614366e-05,0.08296927893060158,-1.8288497215377353e-06,0.08296745008088004,0.8340286422188584
1213.7949785461856,2,3.5729141227068193,26.117826689315756,0.9999881747562526,0.08295310576563342,-0.11210543766621245,-0.02915233190057903,0.9174172503471636
1213.879791371094,1,3.5730504024613845,0.0003084983849417224,1.1811654183283305e-05,0.08296929405195375,-1.8265395467387568e-06,0.08296746751240701,0.8340043319492031
1213.879791371094,2,3.5730504024613845,26.117827044252145,0.9999881883459052,0.08295310388102894,-0.11212713602667011,-0.02917403214564117,0.9174832727720778
1213.9646041960023,1,3.5731873736819804,0.00030815839886360127,1.1798636941774386e-05,0.08296930915126488,-1.8243190612433837e-06,0.08296748483220363,0.833980078502662
1213.9646041960023,2,3.5731873736819804,26.117827384238456,0.9999882013631557,0.08295310200278028,-0.11214882365486971,-0.029195721652089432,0.9175492353173968
1214.8127324450857,1,3.5745976952412555,0.0003055100183147015,1.1697236880327556e-05,0.08296945895062802,-1.8066208364397443e-06,0.08296765232979157,0.8337406114219315
1214.8127324450857,2,3.5745976952412555,26.117830059517683,0.9999883037931022,0.08295308356295195,-0.11236513231265653,-0.029412048749704586,0.9182056281175494
1214.918748476221,1,3.5747795335075305,0.0003052545312668127,1.168745490153846e-05,0.08296947752584138,-1.8048624925156677e-06,0.08296767266334887,0.8337110619139022
1214.918748476221,2,3.5747795335075305,26.117830288110657,0.9999883125453721,0.08295308130087875,-0.1123921014882511,-0.02943902018737235,0.91828727233351
1215.0247645073564,1,3.5749628119844505,0.0002760911550526691,1.057086002949877e-05,0.08296949608050053,-1.6322066925260426e-06,0.082967863873808,0.8336815767160914
1215.0247645073564,2,3.5749628119844505,26.117859451487245,0.9999894291402586,0.08295307904759319,-0.11241911702686216,-0.029466037979268972,0.9183688484282255
1215.0512685151402,1,3.5750088113943908,0.0002760357680138057,1.0568739394250018e-05,0.08296950071104625,-1.6318236695780974e-06,0.08296786888737667,0.8336742232379896
1215.0512685151402,2,3.5750088113943908,26.117859506866782,0.9999894312606066,0.08295307848586386,-0.11242585332967825,-0.029472774843814387,0.9183892236319665
1215.077772522924,1,3.575055017009512,0.0002466586127389971,9.44395944099287e-06,0.08296950535189396,-1.4581068623150374e-06,0.08296804724503164,0.8336668553645972
1215.077772522924,2,3.575055017009512,26.117888884022058,0.9999905560405599,0.08295307792414519,-0.11243265078276053,-0.02947957285861534,0.9184096140698172
1215.104276530708,1,3.5751011864699245,0.00024660559765249444,9.441929622041355e-06,0.08296950997841446,-1.4577439117796618e-06,0.08296805223450268,0.8336595122020044
1215.104276530708,2,3.5751011864699245,26.11788893703711,0.9999905580703775,0.08295307736357316,-0.11243938529515572,-0.029486307931582564,0.9184299783792772
1215.1307805384918,1,3.5751474416614926,0.00024655217157637977,9.439884067295403e-06,0.0829695146029108,-1.4573786043588088e-06,0.08296805722430645,0.8336521742075113
1215.1307805384918,2,3.5751474416614926,26.11788899046342,0.9999905601159412,0.08295307680357844,-0.11244611892608675,-0.029493042122508306,0.9184503372704502
1215.1639105482216,1,3.5752053818536154,0.0002464866670662441,9.437376058634956e-06,0.08296952038068106,-1.4569296266544842e-06,0.08296806345105441,0.8336430089828569
1215.1639105482216,2,3.5752053818536154,26.117889055967982,0.9999905626239518,0.08295307610439373,-0.11245453471011364,-0.029501458605719913,0.9184757782399474
1215.1970405579514,1,3.575263580521582,0.00021671666425635938,8.297554927019772e-06,0.08296952616781006,-1.2809112407875668e-06,0.08296824525656928,0.8336338319664014
1215.1970405579514,2,3.575263580521582,26.117918825970648,0.999991702445078,0.0829530754055341,-0.11246301195772583,-0.029509936552191737,0.9185012316508372
1215.2301705676812,1,3.575321792663932,0.0002166552944043505,8.295205224380825e-06,0.0829695319393089,-1.2804943503919693e-06,0.08296825144495851,0.8336246827829069
1215.2301705676812,2,3.575321792663932,26.11791888734042,0.9999917047947775,0.08295307470814528,-0.11247142498480385,-0.02951835027665857,0.9185266557097181
1215.2715830798434,1,3.5753947510358546,0.00021658062266566191,8.292346224795396e-06,0.08296953914925354,-1.2799854384090703e-06,0.08296825916381513,0.833613257588243
1215.2715830798434,2,3.5753947510358546,26.117918962011963,0.9999917076537695,0.08295307383766737,-0.11248193933034964,-0.02952886549268227,0.9185584238990837
1215.3129955920056,1,3.575468050228362,0.00018643620281669036,7.138189573767823e-06,0.08296954636698306,-1.1017746235494547e-06,0.08296844459235951,0.8336018248022463
1215.3129955920056,2,3.575468050228362,26.117949106432047,0.9999928618104296,0.08295307296800836,-0.1124925151574103,-0.029539442189401938,0.9185902000650493
1215.3544081041678,1,3.575541443088492,0.00018636979891677286,7.135647129656179e-06,0.08296955356716573,-1.101324231700525e-06,0.08296845224293403,0.8335904245347343
1215.3544081041678,2,3.575541443088492,26.117949172836138,0.999992864352881,0.08295307210031844,-0.11250302523384918,-0.029549953133530746,0.918621941952428
1215.3673495142184,1,3.5755644233608272,0.00018634943574993105,7.13486747343575e-06,0.08296955581621912,-1.1011858049332375e-06,0.08296845463041419,0.8335868645071877
1215.3673495142184,2,3.5755644233608272,26.117949193199095,0.9999928651325293,0.08295307182945066,-0.11250630919659804,-0.029553237367147378,0.9186318585990123
1215.3738202192437,1,3.575575921965583,0.0001863394803223807,7.134486304284756e-06,0.08296955694056773,-1.1011179328453524e-06,0.08296845582263489,0.8335850849498084
1215.3738202192437,2,3.575575921965583,26.11794930000452,0.9999928692218496,0.08295307169406563,-0.1125079513038212,-0.02955487960975557,0.918636816507492
1215.380290924269,1,3.5755875516241367,0.00015591235739903544,5.96950563888938e-06,0.08296955807761819,-9.213102583277755e-07,0.08296863676735985,0.8335832854051479
1215.380290924269,2,3.5755875516241367,26.117979729345333,0.9999940342874326,0.0829530715581317,-0.11250965754338092,-0.029556585985249226,0.9186417954803218
1215.3867616292944,1,3.575599060763871,0.00015590165068431872,5.96909570477677e-06,0.08296955920173676,-9.212394286018792e-07,0.08296863796230816,0.833581506440911
1215.3867616292944,2,3.575599060763871,26.117979738007186,0.999994034619074,0.08295307142281239,-0.11251129937796006,-0.029558227955147676,0.9186467527655775
1215.4029383918578,1,3.5756278566848834,0.00015587735839303434,5.968165611920611e-06,0.08296956201151051,-9.2107698889282e-07,0.08296864093452162,0.8335770603586078
1215.4029383918578,2,3.5756278566848834,26.117979665276177,0.9999940318343803,0.0829530710846722,-0.11251540348803192,-0.029562332403359717,0.9186591443968667
1215.4110267731394,1,3.5756422681448123,0.0001558658267859318,5.967724094681231e-06,0.08296956341611939,-9.209994069522886e-07,0.08296864241671244,0.8335748380279161
1215.4110267731394,2,3.5756422681448123,26.117979828922323,0.9999940380999939,0.0829530709156776,-0.11251745583791334,-0.02956438492223573,0.9186653395865056
1215.419115154421,1,3.575656687440315,0.00015585451679725443,5.967291062673303e-06,0.08296956482054085,-9.209231388875191e-07,0.08296864389740197,0.833572616171569
1215.419115154421,2,3.575656687440315,26.117979840394714,0.9999940385392438,0.08295307074673897,-0.11251950778016998,-0.02956643703343101,0.91867153415786
1215.4272035357026,1,3.5756711152284772,0.00015584338805080673,5.966864969990326e-06,0.0829695662247758,-9.208479460807046e-07,0.08296864537682973,0.8335703947892398
1215.4272035357026,2,3.5756711152284772,26.117979851696965,0.9999940389719796,0.0829530705778545,-0.11252155963997924,-0.02956848906212474,0.9186777282259232
1215.4474244889066,1,3.5757072213437286,0.00015581592521036835,5.96581348450456e-06,0.08296956973455138,-9.206621042648315e-07,0.08296864907244712,0.8335648434046855
1215.4474244889066,2,3.5757072213437286,26.117979726709468,0.9999940341865118,0.08295307015587472,-0.11252668861313359,-0.029573618457258866,0.9186932111030762
1215.4575349655086,1,3.5757252957245798,0.00015580269679903646,5.9653070007507595e-06,0.08296957148900219,-9.20572165472858e-07,0.08296865091683672,0.8335620688218969
1215.4575349655086,2,3.5757252957245798,26.11797997916596,0.9999940438524579,0.08295306994500073,-0.11252925357780609,-0.029576183632805356,0.9187009515932578
1215.4625902038097,1,3.5757343366936043,0.00015579591157399036,5.965047210956996e-06,0.08296957236611835,-9.205261880837675e-07,0.08296865183993027,0.8335606818074688
1215.4625902038097,2,3.5757343366936043,26.117979806580713,0.9999940372445879,0.0829530698396006,-0.1125305353806782,-0.029577465541077597,0.9187048213355826
1215.4676454421108,1,3.5757435091065566,0.0001250694333569134,4.788604958143061e-06,0.08296957325612109,-7.389728384928631e-07,0.0829688342832826,0.8335592744867288
1215.4676454421108,2,3.5757435091065566,26.118010534810473,0.999995213753903,0.08295306973362937,-0.11253188256680287,-0.0295788128331735,0.9187087126745923
1215.472700680412,1,3.5757525575337117,0.00012506354531362362,4.788379519260559e-06,0.08296957413309958,-7.389333255749869e-07,0.08296883519977401,0.8335578878308413
1215.472700680412,2,3.5757525575337117,26.11801053904272,0.9999952139159455,0.08295306962826654,-0.1125331646870375,-0.02958009505877096,0.9187125821640846
1215.4979768719174,1,3.5757978498836107,0.00012503460679879082,4.787271533784889e-06,0.0829695785169049,-7.387387457314495e-07,0.08296883977815916,0.833550957319675
1215.4979768719174,2,3.5757978498836107,26.118010508028306,0.9999952127284788,0.08295306910176592,-0.11253957471156172,-0.029586505609795796,0.918731926661565
1215.5106149676703,1,3.5758205277851087,0.00012502030086080303,4.786723794151468e-06,0.08296958070812988,-7.386424334748667e-07,0.0829688420656964,0.8335474937873891
1215.5106149676703,2,3.5758205277851087,26.11801052233396,0.9999952132762077,0.08295306883870701,-0.11254277949630283,-0.029589710657595816,0.918741597112498
1215.5232530634232,1,3.57584322682051,0.0001250062660543125,4.786186435484819e-06,0.08296958289890277,-7.385477315584766e-07,0.08296884435117122,0.8335440314067774
1215.5232530634232,2,3.57584322682051,26.118010536368402,0.9999952138135523,0.08295306857577689,-0.1125459840852145,-0.029592915509437615,0.9187512663474204
1215.5295721112998,1,3.5758545846717005,0.00012499940179215105,4.785923619551797e-06,0.08296958399411913,-7.385012885198506e-07,0.08296884549283061,0.8335423006481643
1215.5295721112998,2,3.5758545846717005,26.11801063768072,0.999995217692555,0.08295306844435757,-0.11254758650628725,-0.029594518061929684,0.9187561005759552
1215.5327316352382,1,3.5758602650969635,0.0001249959191058504,4.7857902759486536e-06,0.08296958454168557,-7.38477769102588e-07,0.08296884606391647,0.8335414353766462
1215.5327316352382,2,3.5758602650969635,26.118010570340083,0.9999952151142455,0.08295306837866345,-0.1125483874488306,-0.029595319070167145,0.9187585174933162
1215.5343113972074,1,3.5758631058805017,0.00012499419383521108,4.785724219524506e-06,0.0829695848154568,-7.38466104547025e-07,0.08296884634935225,0.8335410027678415
1215.5343113972074,2,3.5758631058805017,26.118010554349222,0.9999952145019942,0.08295306834581861,-0.1125487879529849,-0.029595719607166282,0.9187597259360418
1215.5358911591766,1,3.5758660755088503,9.401383015050245e-05,3.5995613085411847e-06,0.08296958510229668,-5.554328805383497e-07,0.08296902966941615,0.8335405495185777
1215.5358911591766,2,3.5758660755088503,26.11804153526101,0.9999964006858908,0.08295306831238136,-0.11254925407519736,-0.029596185762816002,0.918760956213835
1215.5374709211458,1,3.575868917041458,9.401235197371113e-05,3.5995047127405806e-06,0.08296958537605725,-5.554230407451886e-07,0.08296902995301651,0.8335401169423088
1215.5374709211458,2,3.575868917041458,26.118041536194305,0.9999964007216243,0.08295306827953919,-0.11254965461286699,-0.029596586333327804,0.9187621646388259
1215.5532685408377,1,3.5758973424813485,9.399735154312496e-05,3.598930382671664e-06,0.08296958811289468,-5.553233587111374e-07,0.08296903278953596,0.8335357927661583
1215.5532685408377,2,3.5758973424813485,26.118041545283262,0.9999964010696185,0.08295306795125423,-0.11255365950768556,-0.029600591556431327,0.9187742471763438
1215.5690661605297,1,3.5759258016857016,9.398274512127459e-05,3.5983711382406622e-06,0.08296959084904554,-5.55226014557615e-07,0.08296903562303098,0.8335314703509531
1215.5690661605297,2,3.5759258016857016,26.118041559889775,0.9999964016288664,0.08295306762316557,-0.1125576641267022,-0.02960459650353664,0.918786327856471
1215.5866594935069,1,3.5759575403568045,9.396733157789148e-05,3.597780991085711e-06,0.08296959389562808,-5.551226562694736e-07,0.0829690387729718,0.8335266583325907
1215.5866594935069,2,3.5759575403568045,26.118041575303472,0.9999964022190194,0.08295306725800966,-0.11256212378418602,-0.02960905652617636,0.9187997799246724
1215.604252826484,1,3.575989452512924,6.277174605285124e-05,2.4033777583542962e-06,0.0829695969546389,-3.7082297145174587e-07,0.08296922613166745,0.8335218275289944
1215.604252826484,2,3.575989452512924,26.118072770888727,0.9999975966222419,0.08295306689249848,-0.11256664918476421,-0.029613582292265725,0.9188132518503931
1215.6218461594613,1,3.5760212790305554,6.276122936133441e-05,2.402975099768669e-06,0.08296959999965381,-3.707526402444708e-07,0.08296922924701357,0.8335170196689095
1215.6218461594613,2,3.5760212790305554,26.118072781405196,0.9999975970248919,0.08295306652781154,-0.11257110851196923,-0.029618041984157698,0.9188267001781264
1215.6437684962284,1,3.576061124783033,3.142038737100706e-05,1.2030103496368253e-06,0.0829696038059673,-1.8560614808848888e-07,0.0829694181998192,0.8335110109555813
1215.6437684962284,2,3.576061124783033,26.11810412224747,0.9999987969896529,0.08295306607314679,-0.11257673073838545,-0.029623664665238664,0.9188434760222142
1215.6656908329956,1,3.5761010358526084,0.0,0.0,0.08296960761099736,-0.0,0.08296960761099736,0.8335050055757479
1215.6656908329956,2,3.5761010358526084,26.11813554263477,0.9999999999999999,0.08295306561887195,-0.11258235246428877,-0.029629286845416825,0.9188602480759525
1215.6876131697627,1,3.576140882144663,0.0,0.0,0.08296961140141423,-0.0,0.08296961140141423,0.8334990245604861
1215.6876131697627,2,3.576140882144663,26.118135542634523,0.9999999999999903,0.08295306516557854,-0.11258790706926153,-0.029634841903682985,0.9188769943070755
1215.7150160907217,1,3.5761907827381685,0.0,0.0,0.08296961613754128,-0.0,0.08296961613754128,0.8334915531082796
1215.7150160907217,2,3.5761907827381685,26.1181355426347,0.9999999999999971,0.08295306459950247,-0.11259484951637318,-0.02964178491687071,0.9188979219973918
1215.7424190116808,1,3.576240786914816,0.0,0.0,0.08296962087155801,-0.0,0.08296962087155801,0.8334840870061228
1215.7424190116808,2,3.576240786914816,26.11813554263478,1.0000000000000002,0.08295306403402147,-0.11260179106978428,-0.02964872703576281,0.9189188440357124
1215.7698219326398,1,3.5762908952655748,0.0,0.0,0.08296962560346799,-0.0,0.08296962560346799,0.8334766262474946
1215.7698219326398,2,3.5762908952655748,26.118135542634555,0.9999999999999916,0.08295306346913378,-0.11260873173437598,-0.0296556682652422,0.9189397604343092
1216.0438511422303,1,3.5767978504372966,0.0,0.0,0.08296967280801137,-0.0,0.08296967280801137,0.833402309694518
1216.0438511422303,2,3.5767978504372966,26.118135543081223,1.0000000000170934,0.08295305785279705,-0.11267809040754156,-0.029725032554744513,0.9191486165158063
1216.3178803518208,1,3.577315891298316,0.0,0.0,0.08296971980498302,-0.0,0.08296971980498302,0.8333285185411973
1216.3178803518208,2,3.577315891298316,26.11813554312125,1.000000000018626,0.08295305229499217,-0.11274736334488689,-0.029794311049894717,0.9193569170360086
1216.5919095614113,1,3.577845658155251,0.0,0.0,0.08296976659671351,-0.0,0.08296976659671351,0.833255245461052
1216.5919095614113,2,3.577845658155251,26.118135543166733,1.0000000000203675,0.08295304679482296,-0.11281655359801489,-0.029863506803191928,0.9195646700818954
1216.9858840407917,1,3.5786292365921537,0.0,0.0,0.08296983351443377,-0.0,0.08296983351443377,0.8331507937200215
1216.9858840407917,2,3.5786292365921537,26.118135545183176,1.0000000000975722,0.08295303898637751,-0.11291589091322728,-0.029962851926849762,0.9198624168086517
1217.379858520172,1,3.579440666476554,0.0,0.0,0.08296990001994864,-0.0,0.08296990001994864,0.83304737621317
1217.379858520172,2,3.579440666476554,26.11813554556366,1.0000000001121399,0.08295303129270071,-0.11301507257880457,-0.03006204128610386,0.9201590721323102
1217.7738329995525,1,3.580282350435968,0.0,0.0,0.08296996612070284,-0.0,0.08296996612070284,0.8329449712792293
1217.7738329995525,2,3.580282350435968,26.118135546025012,1.000000000129804,0.08295302371132518,-0.11311410725783043,-0.03016108354650525,0.9204546587544615
1218.167807478933,1,3.5811569086785173,0.0,0.0,0.08297003182372364,-0.0,0.08297003182372364,0.8328435582511665
1218.167807478933,2,3.5811569086785173,26.118135546585883,1.0000000001512783,0.0829530162398342,-0.11321300380523562,-0.030259987565401422,0.920749199695577
1219.3545426517717,1,3.584019939421132,0.0,0.0,0.08297022739487758,-0.0,0.08297022739487758,0.8325438828634977
1219.3545426517717,2,3.584019939421132,26.11813554263459,0.9999999999999929,0.08295299437700177,-0.11351011385519047,-0.030557119478188705,0.9216302363536198
1219.3591783360407,1,3.584031877140666,0.0,0.0,0.08297022815211275,-0.0,0.08297022815211275,0.8325427288568279
1219.3591783360407,2,3.584031877140666,26.11813564581181,1.0000000039503982,0.08295299429343128,-0.11351127265504848,-0.030558278361617203,0.9216336605307122
1219.3638140203097,1,3.584043821234901,0.0,0.0,0.08297022890929195,-0.0,0.08297022890929195,0.8325415749811057
1219.3638140203097,2,3.584043821234901,26.118135645920816,1.0000000039545718,0.08295299420987146,-0.11351243130994863,-0.030559437100077178,0.9216370846984768
1219.3684497045788,1,3.584055771854587,0.0,0.0,0.08297022966641876,-0.0,0.08297022966641876,0.8325404212335958
1219.3684497045788,2,3.584055771854587,26.118135646031597,1.0000000039588133,0.08295299412632584,-0.11351358997931657,-0.03056059585299073,0.9216405087977351
1219.3730853888478,1,3.5840677288486082,0.0,0.0,0.08297023042349494,-0.0,0.08297023042349494,0.8325392676127545
1219.3730853888478,2,3.5840677288486082,26.118135646139716,1.0000000039629529,0.08295299404279266,-0.11351474863059889,-0.03056175458780623,0.921643932756689
1219.4194422315381,1,3.584187651054709,0.0,0.0,0.08297023799142522,-0.0,0.08297023799142522,0.8325277383658544
1219.4194422315381,2,3.584187651054709,26.118135542636228,1.0000000000000557,0.08295299320823801,-0.11352633406689894,-0.030573340858660925,0.9216781648591887
1219.4657990742285,1,3.5843082194253033,0.0,0.0,0.08297024555421562,-0.0,0.08297024555421562,0.8325162217627486
1219.4657990742285,2,3.5843082194253033,26.11813554263632,1.000000000000059,0.08295299237508047,-0.11353791817959996,-0.03058492580451949,0.9217123835738938
1219.5121559169188,1,3.584429440240286,0.0,0.0,0.08297025311187678,-0.0,0.08297025311187678,0.8325047177779312
1219.5121559169188,2,3.584429440240286,26.118135542636406,1.0000000000000624,0.0829529915433147,-0.11354950080700248,-0.030596509263687774,0.9217465889526039
1219.7439401303704,1,3.5850455705528237,0.0,0.0,0.08297029082388185,-0.0,0.08297029082388185,0.8324473856362142
1219.7439401303704,2,3.5850455705528237,26.118135543605856,1.0000000000371803,0.08295298740523549,-0.11360739237909921,-0.030654404973863722,0.921917417397127
1219.975724343822,1,3.585679032819607,0.0,0.0,0.08297032840910745,-0.0,0.08297032840910745,0.8323903646316828
1219.975724343822,2,3.585679032819607,26.118135543720108,1.0000000000415548,0.08295298330146128,-0.11366524869066894,-0.030712265389207655,0.922087916957314
1220.2075085572737,1,3.586330727636507,0.0,0.0,0.0829703658686407,-0.0,0.0829703658686407,0.8323336514401636
1220.2075085572737,2,3.586330727636507,26.11813554385148,1.0000000000465847,0.08295297923158618,-0.11372307119575954,-0.030770091964173366,0.9222580913078762
1220.9319426538232,1,3.588496000495959,0.0,0.0,0.08297048214887326,-0.0,0.08297048214887326,0.8321583444184273
1220.9319426538232,2,3.588496000495959,26.118135692519683,1.0000000057387293,0.0829529667254647,-0.11390359206605746,-0.030950625340592758,0.9227879104742729
1221.2941597020979,1,3.589659212220989,0.0,0.0,0.08297053984326741,-0.0,0.08297053984326741,0.8320717749300993
1221.2941597020979,2,3.589659212220989,26.11813555504581,1.0000000004751883,0.08295296059151269,-0.11399374503756429,-0.0310407844460516,0.9230516721483304
1221.6563767503726,1,3.590882408578715,0.0,0.0,0.08297059724618006,-0.0,0.08297059724618006,0.8319859117386404
1221.6563767503726,2,3.590882408578715,26.118135557831124,1.0000000005818312,0.08295295453497697,-0.11408383538351102,-0.031130880848534048,0.9233146897410206
1222.0185937986473,1,3.5921709363040746,0.0,0.0,0.08297065436164175,-0.0,0.08297065436164175,0.831900743088442
1222.0185937986473,2,3.5921709363040746,26.118135561376437,1.0000000007175727,0.08295294855444268,-0.11417386849641903,-0.031220919941976344,0.9235769773988387
1222.380810846922,1,3.593530761206221,0.0,0.0,0.0829707111935436,-0.0,0.0829707111935436,0.8318162575968059
1222.380810846922,2,3.593530761206221,26.11813556592319,1.000000000891657,0.08295294264860864,-0.11426384844090627,-0.03131090579229763,0.9238385456942454
1222.698827749981,1,3.5947887093282107,0.0,0.0,0.08297076085967081,-0.0,0.08297076085967081,0.8317426360132881
1222.698827749981,2,3.5947887093282107,26.11813555970221,1.0000000006534706,0.08295293752404032,-0.11434280732314579,-0.03138986979910548,0.9240676098807546
1223.0168446530402,1,3.5961118605511047,0.0,0.0,0.08297081031265652,-0.0,0.08297081031265652,0.8316695251568591
1223.0168446530402,2,3.5961118605511047,26.118135563567165,1.0000000008014505,0.08295293245523094,-0.11442173095865452,-0.03146879850342357,0.9242961342779702
1223.3348615560992,1,3.5975059189308265,0.0,0.0,0.08297085955495476,-0.0,0.08297085955495476,0.8315969178715868
1223.3348615560992,2,3.5975059189308265,26.118135568485066,1.000000000989745,0.08295292744131455,-0.11450062283481331,-0.03154769539349876,0.9245241275081008
1223.6528784591583,1,3.598977307905513,0.0,0.0,0.0829709085889716,-0.0,0.0829709085889716,0.8315248071609199
1223.6528784591583,2,3.598977307905513,26.118135574795534,1.0000000012313575,0.08295292248145536,-0.11457948613518999,-0.03162656365373463,0.9247515974645121
1223.9708953622173,1,3.600533304429407,0.0,0.0,0.08297095741705718,-0.0,0.08297095741705718,0.8314531861801633
1223.9708953622173,2,3.600533304429407,26.11813558296569,1.0000000015441728,0.0829529175748629,-0.11465832344711233,-0.03170540587224943,0.9249785506919375
1224.6315254161036,1,3.6040736092614654,0.0,0.0,0.08297105820145845,-0.0,0.08297105820145845,0.8313059412913295
1224.6315254161036,2,3.6040736092614654,26.118135542634842,1.0000000000000027,0.08295290754905515,-0.1148220243108048,-0.03186911676174964,0.9254483882524255
1225.29215546999,1,3.6081100007050733,0.0,0.0,0.08297115812711553,-0.0,0.08297115812711553,0.8311607229960705
1225.29215546999,2,3.6081100007050733,26.118135542635002,1.0000000000000087,0.08295289774295878,-0.11498564839349874,-0.03203275065053997,0.9259160833041958
1225.9527855238762,1,3.612772416132066,0.0,0.0,0.08297125721319798,-0.0,0.08297125721319798,0.8310174758318711
1225.9527855238762,2,3.612772416132066,26.118135542634693,0.9999999999999969,0.08295288815000745,-0.11514921996372025,-0.0321963318137128,0.9263816948003515
1226.6134155777625,1,3.6182489885752465,0.0,0.0,0.08297135547807599,-0.0,0.08297135547807599,0.830876146747884
1226.6134155777625,2,3.6182489885752465,26.118135542635304,1.0000000000000202,0.08295287876389157,-0.11531276293486764,-0.03235988417097607,0.9268452798645082
1227.2740456316487,1,3.6248268102504495,0.0,0.0,0.08297145293937636,-0.0,0.08297145293937636,0.8307366849580993
1227.2740456316487,2,3.6248268102504495,26.118135542637507,1.0000000000001046,0.0829528695785342,-0.11547630139930871,-0.03252343182077451,0.9273068950535762
1228.1875327058722,1,3.636664983040157,0.0,0.0,0.08297158641162028,-0.0,0.08297158641162028,0.8305468301310578
1228.1875327058722,2,3.636664983040157,26.118135542972297,1.000000000012923,0.08295285719750911,-0.11570246790444533,-0.032749610706936216,0.9279420439347148
1228.9172311419406,1,3.6500000000042685,0.0,0.0,0.08297169197793774,-0.0,0.08297169197793774,0.8303975892894508
1228.9172311419406,2,3.6500000000042685,26.118135543585954,1.0000000000364184,0.08295284756559784,-0.1158831924639353,-0.03293034489833746,0.9284468543851686
