t_s,cell,V_cell,I,I_fraction,Un,eta_n,Eneg,xn_surface
0.0,1,3.333231218337656,6.538770757033241,0.5007073147590853,0.09903635569667113,-0.027267246123401975,0.07176910957326915,0.5541228376579604
0.0,2,3.333231218337656,6.5202970157373965,0.49929268535219756,0.10042757409964231,-0.027173397427683252,0.07325417667195906,0.5496666316299176
0.007505890691766017,1,3.3332337260516995,6.538795457839847,0.5007092062269173,0.09903520259631948,-0.027267637820004204,0.07176756477631528,0.5541268321612302
0.007505890691766017,2,3.3332337260516995,6.52027232180979,0.4992907944111259,0.10042618320900543,-0.02717359792084638,0.07325258528815905,0.5496707980708153
0.015011781383532034,1,3.333236228019384,6.538820144707591,0.500711096627379,0.09903405019153189,-0.027268028206247342,0.07176602198528455,0.5541308248815336
0.015011781383532034,2,3.333236228019384,6.520247634904996,0.4992889040078271,0.10042479310919061,-0.027173797185692638,0.07325099592349797,0.5496749626030246
0.09007068830119222,1,3.333261004877401,6.539066422117536,0.5007299553556019,0.09902256395234987,-0.027271879535133523,0.07175068441721635,0.5541706554136271
0.09007068830119222,2,3.333261004877401,6.52000134919991,0.4992700446444025,0.1004109350643585,-0.027175741795796095,0.0732351932685624,0.5497165044615521
0.1651295952188524,1,3.3332853957388107,6.539311596901708,0.5007487296500972,0.09901114708879799,-0.027275649869115248,0.07173549721968274,0.5542103074788954
0.1651295952188524,2,3.3332853957388107,6.519756174415871,0.49925127034991745,0.10039715595206555,-0.027177613808349068,0.07321954214371648,0.5497578553485697
0.24018850213651258,1,3.333309491175443,6.539555639653765,0.5007674172590698,0.09899979935718939,-0.027279362335141773,0.07172043702204761,0.5542497811939606
0.24018850213651258,2,3.333309491175443,6.519512131663598,0.4992325827409283,0.10038345554696226,-0.0271794364255142,0.07320401912144806,0.5497990154352217
0.47008443305309405,1,3.333381404915604,6.540292133224533,0.5008238143605831,0.09896561038191143,-0.027290384963007317,0.07167522541890411,0.5543690856450595
0.47008443305309405,2,3.333381404915604,6.518775638093232,0.4991761856394458,0.10034215375716293,-0.02718475297212936,0.07315740078503358,0.5499233750182895
0.6999803639696756,1,3.3334516446967926,6.5410184712052395,0.5008794337963213,0.09893203325149891,-0.02730112431248757,0.07163090893901133,0.5544868132030206
0.6999803639696756,2,3.3334516446967926,6.518049300112578,0.4991205662037117,0.10030154838433125,-0.027189861115280052,0.0731116872690512,0.5500460486399422
1.1596970783076213,1,3.3335881904215197,6.54244594790507,0.5009887430307036,0.09886649132347491,-0.027321977183896368,0.07154451413957855,0.5547182502153354
1.1596970783076213,2,3.3335881904215197,6.516621823416774,0.4990112569696376,0.10022215827344594,-0.027199635964301735,0.0730225223091442,0.5502871013080556
1.619413792645567,1,3.3337195293698474,6.543837466108819,0.501095298738057,0.0988031297341112,-0.027342005755345723,0.07146112397876549,0.5549441098930623
1.619413792645567,2,3.3337195293698474,6.515230305212298,0.4989047012622285,0.10014524707725903,-0.02720885078580572,0.0729363962914533,0.550522194495066
2.0791305069835126,1,3.3338459893668344,6.545193263477862,0.5011991191173356,0.09874188018056929,-0.027361275528142763,0.07138060465242652,0.5551644995536826
2.0791305069835126,2,3.3338459893668344,6.5138745078430365,0.49880088088293323,0.10007074525824589,-0.027217569830896612,0.07285317542734927,0.5507514459545021
3.0085213610938872,1,3.33408825845904,6.547833207107196,0.5014012731818954,0.09862400447193043,-0.027398192674321722,0.0712258117976087,0.5555946243060284
3.0085213610938872,2,3.33408825845904,6.511234564255805,0.4985987268215974,0.09992692030127293,-0.027233901474219713,0.07269301882705322,0.5511984496567733
3.937912215204262,1,3.334314080287434,6.550346694189835,0.5015937438181348,0.09851346022314278,-0.027432610350464615,0.07108084987267817,0.5560055935458431
3.937912215204262,2,3.334314080287434,6.508721077162535,0.49840625618454387,0.09979148570426899,-0.027248668434591845,0.07254281726967715,0.5516250230548254
4.867303069314636,1,3.334525286202245,6.5527463082956725,0.5017774946147352,0.09840947784429277,-0.027464823923658257,0.07094465392063451,0.5563993723551615
4.867303069314636,2,3.334525286202245,6.5063214630486215,0.49822250538732515,0.0996635708626532,-0.027262075372157114,0.0724014954904961,0.5520332764885693
6.596055564470562,1,3.3348840898891643,6.556942276782938,0.5020988015074432,0.09823136070705152,-0.027519625727989817,0.0707117349790617,0.5570916148646402
6.596055564470562,2,3.3348840898891643,6.502125494760397,0.4979011985098587,0.09944320183870481,-0.027283885753936976,0.07215931608476783,0.5527498358718622
8.324808059626488,1,3.335205498142316,6.5608446480721065,0.5023976261523186,0.09807012539446713,-0.027568868881986477,0.07050125651248065,0.5577396544939524
8.324808059626488,2,3.335205498142316,6.498223123392644,0.49760237385896566,0.09924221811933931,-0.027302330203850728,0.07193988791548858,0.5534193748324278
10.053560554782415,1,3.335495732085335,6.5645037670545285,0.5026778237166853,0.09792299531006021,-0.027613529987280516,0.0703094653227797,0.5583510172139101
10.053560554782415,2,3.335495732085335,6.494564004361862,0.49732217629089587,0.09905743249333154,-0.027318017522862278,0.07173941497046926,0.5540499346554769
11.782313049938342,1,3.3357594820929437,6.567957184331572,0.5029422696432643,0.09778787520477694,-0.02765434100502811,0.07013353419974883,0.5589313804839381
11.782313049938342,2,3.3357594820929437,6.491110587054568,0.4970577303620004,0.09888644227070209,-0.027331404741695854,0.07155503752900624,0.5546475683959223
14.677733132853307,1,3.336151284209114,6.573352572423721,0.5033554222653832,0.09758427528631053,-0.027715507022085178,0.06986876826422535,0.5598451270955841
14.677733132853307,2,3.336151284209114,6.485715199231162,0.4966445777604605,0.09862617219417524,-0.027349583083942128,0.07127658911023312,0.5555866406796225
17.573153215768272,1,3.336492136625011,6.578355368504559,0.5037385120975553,0.09740409361633295,-0.027769497550573605,0.06963459606575935,0.5606999733799785
17.573153215768272,2,3.336492136625011,6.480712403008741,0.4962614879174467,0.0983928051683538,-0.02736357511083047,0.07102923005752333,0.5564631947462993
20.46857329868324,1,3.336791570473876,6.583041015235801,0.5040973161724934,0.09724318255323228,-0.027817775106133306,0.06942540744709896,0.5615074515272553
20.46857329868324,2,3.336791570473876,6.476026756200488,0.4959026838366114,0.0981815631356251,-0.027374283244172324,0.07080727989145277,0.5572894705874709
23.363993381598206,1,3.3370563788100136,6.587461712970022,0.5044358317397326,0.09709856438145348,-0.027861350998448293,0.06923721338300519,0.562275719656147
23.363993381598206,2,3.3370563788100136,6.471606058420939,0.49556416826590133,0.09798902977490531,-0.027382330491478292,0.07060669928342703,0.5580741150475811
27.640551232355147,1,3.3373945357793104,6.59358276749766,0.5049045523739176,0.09691019385418631,-0.027918609856362103,0.06899158399782421,0.5633509360841638
27.640551232355147,2,3.3373945357793104,6.465485004018269,0.4950954476412857,0.09773366289533625,-0.027390278046057474,0.07034338484927877,0.5591698147704568
31.917109083112088,1,3.3376810066913647,6.59930366374014,0.5053426308296437,0.096747061642672,-0.02796910239732891,0.06877795924534308,0.5643688070904156
31.917109083112088,2,3.3376810066913647,6.459764107681219,0.494657369178318,0.09750729286110538,-0.027394579882700148,0.07011271297840523,0.5602045583198946
36.193666933869025,1,3.33792508935766,6.604690052043984,0.5057550942916739,0.09660523655615005,-0.02801416666350032,0.06859106989264974,0.5653400355368249
36.193666933869025,2,3.33792508935766,6.454377719328903,0.49424490571257607,0.09730542177058688,-0.02739607846643452,0.06990934330415235,0.5611896827521784
40.47022478462596,1,3.3381336364048537,6.609786397721939,0.5061453476977514,0.09648181643139475,-0.028054759215759263,0.0684270572156355,0.5662722049797454
40.47022478462596,2,3.3381336364048537,6.449281373625413,0.4938546523045431,0.09712475898125028,-0.027395393402579182,0.0697293655786711,0.5621332253113601
47.32655334345037,1,3.338406493866249,6.6174258422158205,0.5067303392628202,0.09631691907886797,-0.028112220544362704,0.06820469853450527,0.5676985566018168
47.32655334345037,2,3.338406493866249,6.441641929191002,0.49326966074402834,0.09687328035396559,-0.027390887801176274,0.06948239255278932,0.5635733677292696
54.18288190227478,1,3.338618575043162,6.6244994640167345,0.5072720028734838,0.09618647064624875,-0.0281623900168453,0.06802408062940345,0.5690570608058325
54.18288190227478,2,3.338618575043162,6.434568307333931,0.4927279971290644,0.09666184231524788,-0.02738359230296185,0.06927825001228603,0.5649411946076746
61.03921046109919,1,3.33878225347247,6.631070333557965,0.5077751681572771,0.09608519198071264,-0.028206919810106246,0.0678782721706064,0.5703604697845658
61.03921046109919,2,3.33878225347247,6.427997437771249,0.4922248318436285,0.09648457446202263,-0.027374665661097898,0.06910990880092474,0.5662502981384603
67.8955390199236,1,3.3389065002874774,6.637176899437989,0.5082427793211794,0.09600902065336658,-0.0282469339256101,0.06776208672775648,0.5716177272939614
67.8955390199236,2,3.3389065002874774,6.421890871883453,0.4917572206791311,0.09633703817150141,-0.02736492686011055,0.06897211131139086,0.5675102554369799
75.8955390199236,1,3.339010752779158,6.643749628277906,0.508746086981038,0.09594751376779187,-0.028288998174875367,0.0676585155929165,0.573035474469434
75.8955390199236,2,3.339010752779158,6.415318143041422,0.4912539130191106,0.09619775616875192,-0.027353342856518203,0.06884441331223372,0.5689280609925481
83.8955390199236,1,3.3390789712484925,6.649752086667481,0.5092057260988285,0.09591140332390102,-0.028326928080667717,0.0675844752432333,0.5744080162655271
83.8955390199236,2,3.3390789712484925,6.409315684650216,0.4907942739011951,0.09608952307170826,-0.02734216538374148,0.06874735768796678,0.5702979847628806
91.8955390199236,1,3.3391175905227057,6.655201596155726,0.5096230230746673,0.09589707089835042,-0.028361358665148217,0.0675357122332022,0.575741882137135
91.8955390199236,2,3.3391175905227057,6.403866175161712,0.49037697692533644,0.09600852750045252,-0.027331886274886884,0.06867664122556563,0.5716271539994322
99.8955390199236,1,3.3391317226507455,6.660108986110949,0.5099988071689961,0.09590141274638947,-0.028392737383502675,0.0675086753628868,0.5770422674888579
99.8955390199236,2,3.3391317226507455,6.39895878520653,0.49000119283101085,0.09595153828784464,-0.027322862375923955,0.06862867591192068,0.5729212905564652
107.8955390199236,1,3.3391254962001455,6.6644805104192,0.5103335572740422,0.0959217116162252,-0.02842137286303854,0.06750033875318666,0.5783133034906516
107.8955390199236,2,3.3391254962001455,6.3945873188697675,0.48966644716513996,0.09591575859613233,-0.027315349745011305,0.06860040885112102,0.5741849940834527
115.8955390199236,1,3.3391023094113335,6.668319650611754,0.5106275399885654,0.09595554720927937,-0.02844747466512532,0.06750807254415406,0.5795583196938517
115.8955390199236,2,3.3391023094113335,6.390748120705676,0.4893724600114379,0.09589871817205853,-0.02730952816327742,0.06858919000878111,0.5754220177525654
123.8955390199236,1,3.3390650318644446,6.671629000722422,0.5108809539510794,0.09600073676558717,-0.028471188394090276,0.06752954837149688,0.5807800662868092
123.8955390199236,2,3.3390650318644446,6.387438770595113,0.48911904604893197,0.09589819873179367,-0.027305523499407677,0.06859267523238599,0.5766355011162758
131.8955390199236,1,3.3390161469114803,6.6744109946637655,0.5110939855387898,0.09605529473293407,-0.02849261861736857,0.0675626761155655,0.5819808540671522
131.8955390199236,2,3.3390161469114803,6.384656776653818,0.48890601446122517,0.09591218335557833,-0.02730342227149741,0.06860876108408093,0.5778281158830283
139.8955390199236,1,3.338957846940034,6.676668732562108,0.5112668721443178,0.09611740349303843,-0.028511844788628234,0.0676055587044102,0.5831626377168189
139.8955390199236,2,3.338957846940034,6.382399038755493,0.48873312785569856,0.09593881990025888,-0.027303281881966575,0.06863553801829231,0.5790021518062063
147.8955390199236,1,3.338892095374276,6.678406520774698,0.5113999435275912,0.09618539193797093,-0.028528931385670576,0.06765646055230036,0.5843270805708909
147.8955390199236,2,3.338892095374276,6.380661250543215,0.4886000564724491,0.0959763934218315,-0.02730513601101368,0.06867125741081781,0.5801595831039069
155.8955390199236,1,3.338820669183038,6.679630349235577,0.511493658368674,0.09625771960063445,-0.02854393492763449,0.06771378467299996,0.5854756039345111
155.8955390199236,2,3.338820669183038,6.379437422082337,0.4885063416313663,0.09602330521741295,-0.027308997672686946,0.068714307544726,0.5813021182802472
163.8955390199236,1,3.3387451957738294,6.680348304625646,0.5115486359063238,0.09633296677041259,-0.02855691094279383,0.06777605582761875,0.5866094543946019
163.8955390199236,2,3.3387451957738294,6.378719466692513,0.4884513640937353,0.09607805845541431,-0.02731486269327927,0.06876319576213505,0.5824312699308948
171.8955390199236,1,3.338667175008251,6.680570794957165,0.5115656731355821,0.0964098252909742,-0.028567917236596217,0.06784190805437798,0.5877297262247915
171.8955390199236,2,3.338667175008251,6.378496976360966,0.4884343268644748,0.09613924641826244,-0.02732271105532125,0.06881653536294119,0.5835483763922674
179.8955390199236,1,3.3385879959526448,6.680310714697281,0.5115457574521323,0.0964870912583764,-0.028577016344976756,0.06791007491339965,0.5888373810337462
179.8955390199236,2,3.3385879959526448,6.378757056620633,0.4884542425479081,0.09620554321808611,-0.027332507901943182,0.06887303531614293,0.584654620569356
187.8955390199236,1,3.3385089500136815,6.679583542138991,0.5114900741084951,0.09656365981146808,-0.02858427756766234,0.06797938224380574,0.5899332740708236
187.8955390199236,2,3.3385089500136815,6.379484229179154,0.48850992589156284,0.09627569730430874,-0.02734420467318193,0.0689314926311268,0.5857510567111613
195.8955390199236,1,3.3384312404399283,6.6784073498006205,0.5114000070103709,0.09663852006523754,-0.028589777911022924,0.06804874215421462,0.5910181656057477
195.8955390199236,2,3.3384312404399283,6.380660421517448,0.48859999298968126,0.09634852588258025,-0.02735773982728823,0.06899078605529202,0.5868386200034734
203.8955390199236,1,3.338355989626702,6.676802750170701,0.5112771345620447,0.09671075130951778,-0.028593602727769885,0.0681171485817479,0.5920927388493906
203.8955390199236,2,3.338355989626702,6.382265021147149,0.48872286543799076,0.09642291133671554,-0.02737303981195912,0.06904987152475642,0.5879181445141012
211.8955390199236,1,3.3382842444470695,6.674792760224257,0.5111232192917021,0.09677951959470965,-0.028595845812923845,0.0681836737817858,0.5931576161963277
211.8955390199236,2,3.3382842444470695,6.3842750110935835,0.48887678070833257,0.09649779886128407,-0.027390020161445212,0.06910777869983886,0.5889903800723758
219.8955390199236,1,3.3382169801882444,6.672402596719209,0.5109401921762217,0.09684407414016216,-0.028596608944569644,0.06824746519559252,0.5942133688852688
219.8955390199236,2,3.3382169801882444,6.386665174598536,0.4890598078238057,0.09657219454014254,-0.027408586591690407,0.06916360794845214,0.5900560020623672
227.8955390199236,1,3.3381551036690387,6.669659418216562,0.5107301328863333,0.09690374366942756,-0.02859600107144933,0.06830774259797823,0.5952605228821795
227.8955390199236,2,3.3381551036690387,6.38940835310095,0.4892698671136762,0.09664516382332988,-0.02742863617066652,0.06921652765266337,0.5911156171964377
235.8955390199236,1,3.3380994558133956,6.6665920194693395,0.5104952463844071,0.09695793284827836,-0.02859413728944809,0.06836379555883026,0.5962995644501411
235.8955390199236,2,3.3380994558133956,6.39247575184818,0.4895047536156031,0.09671583054642485,-0.027450058670828177,0.06926577187559668,0.5921697693283534
243.8955390199236,1,3.3380508137331693,6.66323048140175,0.5102378361215572,0.09700611879223886,-0.028591137634289304,0.06841498115794956,0.5973309459236812
243.8955390199236,2,3.3380508137331693,6.395837289915851,0.48976216387845917,0.09678337641649004,-0.02747273810818421,0.06931063830830583,0.5932189459698307
251.8955390199236,1,3.33800989231752,6.659605784123479,0.5099602744041556,0.09704784753929507,-0.02858712568983018,0.06846072184946489,0.5983550906866685
251.8955390199236,2,3.33800989231752,6.399461987193868,0.4900397255958413,0.09684704075561723,-0.02749655440585677,0.06935048634976046,0.594263584337312
259.8955390199236,1,3.337977345362446,6.6557493924188025,0.5096649706526009,0.0970827304601456,-0.02858222704496268,0.0685005034151829,0.5993723969259183
259.8955390199236,2,3.337977345362446,6.403318378898682,0.4903350293474065,0.09690612035614543,-0.02752138513884564,0.06938473521729979,0.5953040763784035
267.8955390199236,1,3.3379537662435053,6.651692822438035,0.5093543382206537,0.09711044063679086,-0.028576567643431246,0.06853387299335961,0.6003832403751928
267.8955390199236,2,3.3379537662435053,6.407374948879219,0.49064566177933605,0.09695996937749629,-0.027547107336504697,0.06941286204099159,0.5963407730005397
275.8955390199236,1,3.337939688131628,6.647467196506447,0.5090307603048649,0.09713070925139045,-0.028570272075160507,0.06856043717622994,0.6013879765116747
275.8955390199236,2,3.337939688131628,6.41160057481076,0.4909692396951213,0.09700799924209291,-0.027573599337538075,0.06943439990455484,0.5973739880096377
283.8955390199236,1,3.3379355837530564,6.643102804850937,0.5086965563837323,0.09714332200933429,-0.0285634618903947,0.06857986011893959,0.6023869423874384
283.8955390199236,2,3.3379355837530564,6.41596499062627,0.49130344546630933,0.0970496784700845,-0.02760074272586867,0.06944893574421583,0.5984040019408637
291.8955390199236,1,3.337941864321924,6.638628625422481,0.5083539454480357,0.09714811561443071,-0.028556253740774935,0.06859186187365578,0.6033804579822286
291.8955390199236,2,3.337941864321924,6.420439202212649,0.4916460588645035,0.09708453238401193,-0.02762842408982744,0.0694561082941845,0.5994310656263255
299.8955390199236,1,3.337958877828477,6.634071865847336,0.5080050109256838,0.09714497432270797,-0.028548757606144382,0.06859621671656359,0.6043688272029712
299.8955390199236,2,3.337958877828477,6.424995905470202,0.4919949890743276,0.09711214263893897,-0.02765653680539566,0.06945560583354331,0.6004554035943369
307.8955390199236,1,3.3379869074172372,6.629457712394745,0.5076516814588804,0.09713382660565317,-0.028541075829824313,0.06859275077582885,0.6053523379802958
307.8955390199236,2,3.3379869074172372,6.429610058922681,0.4923483185411226,0.09713214652240154,-0.027684983457276425,0.06944716306512512,0.6014772162822457
315.8955390199236,1,3.338026166781724,6.624808702528154,0.5072956828571423,0.09711464192070807,-0.02853330068431698,0.06858134123639109,0.6063312638568908
315.8955390199236,2,3.338026166781724,6.434259068789277,0.492704317142861,0.09714423608500677,-0.02771367669627109,0.06943055938873569,0.6024966852949417
323.8955390199236,1,3.3380767965285645,6.620144520975412,0.5069385224813469,0.09708742761366906,-0.028525513600792536,0.06856191401287653,0.6073058636486317
323.8955390199236,2,3.3380767965285645,6.438923250341987,0.493061477518654,0.09714815690790024,-0.027742541250536254,0.06940561565736399,0.6035139753599474
331.8955390199236,1,3.3381388587983456,6.615481705024512,0.5065814666767096,0.09705222598884111,-0.02851778406641777,0.06853444192242333,0.6082763810600448
331.8955390199236,2,3.3381388587983456,6.443586066292924,0.49341853332329405,0.0971437066422225,-0.027771515082326902,0.06937219155989559,0.6045292363377914
339.8955390199236,1,3.3382123311257095,6.610833460905196,0.5062255267121798,0.09700911149248093,-0.028510168965239644,0.06849894252724129,0.6092430454046709
339.8955390199236,2,3.3382123311257095,6.448234310412603,0.4937744732878518,0.09713073329195732,-0.027800550292904642,0.06933018299905268,0.6055426066061641
347.8955390199236,1,3.3382970995579195,6.606209661806215,0.5058714586286113,0.09695818813277723,-0.02850271268571427,0.06845547544706296,0.6102060700840117
347.8955390199236,2,3.3382970995579195,6.452858109511882,0.494128541371443,0.09710913326830362,-0.027829613434333822,0.0692795198339698,0.6065542135947514
355.8955390199236,1,3.338392951903803,6.6016170337099025,0.5055197774690725,0.0968995869759608,-0.028495447998384788,0.06840413897757601,0.6111656531937574
355.8955390199236,2,3.338392951903803,6.4574507376089105,0.49448022253103663,0.09707884923013488,-0.027858685009998822,0.06922016422013605,0.6075641762561347
363.8955390199236,1,3.338499571890766,6.597059608614365,0.5051707919844005,0.09683346370314938,-0.028488397996923407,0.06834506570622598,0.6121219787071465
363.8955390199236,2,3.338499571890766,6.462008162704999,0.4948292080157508,0.09703986770419748,-0.027887757845636744,0.06915210985856074,0.6085726072452825
371.8955390199236,1,3.338616535553178,6.592539541274766,0.5048246671752831,0.09675999625520415,-0.028481579498276864,0.06827841675692728,0.6130752174389771
371.8955390199236,2,3.338616535553178,6.466528230045188,0.49517533282491344,0.09699221658170432,-0.027916833988837608,0.0690753825928667,0.6095796136121667
379.8955390199236,1,3.338743311813006,6.588058353023845,0.5044815195379944,0.09667938251967989,-0.02847500815808345,0.06820437436159645,0.6140255284105667
379.8955390199236,2,3.338743311813006,6.47100941829674,0.4955184804622505,0.09693596257812764,-0.027945919860014747,0.0689900427181129,0.6105852964120707
387.8955390199236,1,3.3388792691809863,6.5836185985364795,0.5041415446971319,0.0965918380114883,-0.028468705314684765,0.06812313269680353,0.6149730608778715
387.8955390199236,2,3.3388792691809863,6.475449172785873,0.4958584553032483,0.096871208756244,-0.027975019584742137,0.06889618917150186,0.6115897490341886
395.8955390199236,1,3.3390236911958295,6.579225868272728,0.5038051707429818,0.09649759343124176,-0.028462706133800187,0.06803488729744157,0.6159179578265824
395.8955390199236,2,3.3390236911958295,6.4798419030508425,0.4961948292574916,0.0967980921364604,-0.028004126768964206,0.0687939653674962,0.612593055153502
403.8955390199236,1,3.339175802115822,6.574890895157883,0.503473219550848,0.09639689211449154,-0.028457068072172218,0.06793982404231932,0.6168603602112379
403.8955390199236,2,3.339175802115822,6.484176876167137,0.4965267804497364,0.09671678147361984,-0.02803321555664625,0.06868356591697358,0.6135952857711648
411.8955390199236,1,3.339334803361086,6.570631376042644,0.5031470462596278,0.09628998741267925,-0.02845187808477849,0.06783810932790076,0.6178004114158181
411.8955390199236,2,3.339334803361086,6.488436395283425,0.496852953741037,0.09662747523451864,-0.02806223250053782,0.06856524273398082,0.6145964955897166
419.8955390199236,1,3.339499919337701,6.566472976218626,0.502828616192732,0.09617714009256906,-0.02844725639552097,0.06772988369704809,0.6187382613236388
419.8955390199236,2,3.339499919337701,6.49259479510927,0.4971713838080728,0.09653039973365374,-0.02809109135610174,0.068439308377552,0.6155967194799701
427.8955390199236,1,3.3396704476354495,6.56244889123905,0.5025204713044411,0.09605861593682574,-0.028443354168955593,0.06761526176787015,0.6196740689063188
427.8955390199236,2,3.3396704476354495,6.49661888008963,0.4974795286964237,0.09642580734339301,-0.028119673219502848,0.06830613412389017,0.6165959696732606
435.8955390199236,1,3.339845810145391,6.558597812955102,0.5022255744288459,0.09593468358297663,-0.028440344654874272,0.06749433892810236,0.6206080036782068
435.8955390199236,2,3.339845810145391,6.500469958375461,0.4977744255721631,0.09631397437522482,-0.028147833193162174,0.06816614118206264,0.6175942367276606
443.8955390199236,1,3.340025592944233,6.554960042742258,0.5019470116495919,0.09580561298996404,-0.028438406414940012,0.06736720657502403,0.621540243674536
443.8955390199236,2,3.340025592944233,6.504107728589485,0.49805298835150746,0.09619519870457305,-0.028175414237927257,0.06801978446664579,0.6185914920766382
451.8955390199236,1,3.340209567360218,6.551572289815374,0.5016875939801066,0.09567167457859416,-0.02843770091780874,0.06723397366078541,0.6224709705581117
451.8955390199236,2,3.340209567360218,6.507495481517555,0.49831240602108345,0.09606979689141504,-0.028202266527610518,0.06786753036380452,0.6195876935859039
459.8955390199236,1,3.3403976876742645,6.548462259984493,0.5014494429967944,0.09553313903938587,-0.028438349100055542,0.06709478993933032,0.623400362443756
459.8955390199236,2,3.3403976876742645,6.510605511349618,0.4985505570044862,0.09593810071878872,-0.028228268321639965,0.06770983239714876,0.6205827938806233
467.8955390199236,1,3.340590066514553,6.545644138885616,0.5012336449667798,0.09539027744649209,-0.028440411751436283,0.0669498656950558,0.6243285869905462
467.8955390199236,2,3.340590066514553,6.5134236324503965,0.4987663550346464,0.09580045316236996,-0.028253344242746413,0.06754710891962354,0.6215767508574028
475.8955390199236,1,3.340786923765394,6.543116208975233,0.5010400683689207,0.09524336242130493,-0.028443878091221703,0.06679948433008323,0.6252557897447867
475.8955390199236,2,3.340786923765394,6.5159515623621775,0.49895993163261254,0.09565720472388772,-0.028277475603231697,0.06737972912065603,0.6225695339231893
483.8955390199236,1,3.340988526971534,6.540860685989056,0.5008673513706117,0.09509266860249888,-0.028448664571443516,0.06664400403105536,0.6261820888228073
483.8955390199236,2,3.340988526971534,6.518207085350641,0.4991326486310967,0.09550870951592572,-0.028300703171960484,0.06720800634396523,0.6235611315929533
491.8955390199236,1,3.3411951320140987,6.5388455329759845,0.5007130407376966,0.09493847262596589,-0.02845462263592493,0.06648384999004095,0.6271075732429664
491.8955390199236,2,3.3411951320140987,6.5202222383655215,0.49928695926415023,0.09535532170958883,-0.028323122594716914,0.0670321991148719,0.6245515566204467
499.8955390199236,1,3.341406929237646,6.537027851982761,0.5005738515532117,0.0947810528429649,-0.02846155344632185,0.06631949939664304,0.6280323028325671
499.8955390199236,2,3.341406929237646,6.522039919361801,0.49942614844886923,0.0951973927024472,-0.028344873541460237,0.06685251916098697,0.6255408473400961
507.8955390199236,1,3.341624000780414,6.535358322170398,0.5004460070667905,0.09462068870044238,-0.02846922737654138,0.066151461323901,0.6289563098635174
507.8955390199236,2,3.341624000780414,6.523709449175978,0.4995539929354293,0.09503526906653192,-0.028366124538644837,0.06666914452788708,0.6265290657913583
515.8955390199236,1,3.341846294967958,6.533786070794323,0.5003256116906728,0.09445765966121922,-0.028477405810782203,0.06598025385043702,0.6298796028956015
515.8955390199236,2,3.341846294967958,6.525281700555605,0.49967438831181904,0.09486929126705768,-0.028387055794049307,0.06648223547300837,0.6275162932534978
523.8955390199236,1,3.3420736202023167,6.532263470649509,0.5002090183647573,0.09429224365327649,-0.028485863017069884,0.0658063806362066,0.6308021727215114
523.8955390199236,2,3.3420736202023167,6.52680430070332,0.49979098163795665,0.09469979308778154,-0.028407841767207734,0.0662919513205738,0.6285026238266685
531.8955390199236,1,3.342305656258156,6.530750596145595,0.5000931697811979,0.09412471512066656,-0.0284944066603644,0.06563030846030216,0.6317239999648647
531.8955390199236,2,3.342305656258156,6.528317175209732,0.49990683022170745,0.09452710162171929,-0.02842863431074437,0.06609846731097492,0.6294881568821575
539.8955390199236,1,3.34254197877901,6.529219194611003,0.4999759024875894,0.09395534281235385,-0.02850289604031842,0.06545244677203543,0.632645063664852
539.8955390199236,2,3.34254197877901,6.529848576747498,0.5000240975155589,0.09435153770089677,-0.028449546882243857,0.06590199081865292,0.6304729889062239
547.8955390199236,1,3.342782093043096,6.527655915524105,0.4998561941658107,0.09378438750265339,-0.028511256835867464,0.06527313066678592,0.6335653499833912
547.8955390199236,2,3.342782093043096,6.5314118558370176,0.5001438058375383,0.09417341667956869,-0.028470640927779088,0.0657027757517896,0.6314572049251567
555.8955390199236,1,3.343025473458846,6.526064323955337,0.49973431781164523,0.09361209984981134,-0.02851949041309292,0.06509260943671842,0.6344848601804537
555.8955390199236,2,3.343025473458846,6.533003447408495,0.5002656821919113,0.09399304940688857,-0.02849191646235781,0.06550113294453076,0.6324408700881086
563.8955390199236,1,3.343271605285352,6.524464984003798,0.4996118481239504,0.09343871840883455,-0.02852767489883339,0.06491104351000117,0.635403618037792
563.8955390199236,2,3.343271605285352,6.534602787361487,0.5003881518797173,0.09381074295357372,-0.028513309843641973,0.06529743310993175,0.6334240233919062
571.8955390199236,1,3.3435200207130333,6.52289374171645,0.4994915300189476,0.09326446886440465,-0.028535958106841515,0.06472851075756314,0.6363216713368315
571.8955390199236,2,3.3435200207130333,6.536174029650922,0.50050846998488,0.09362680129482293,-0.028534698531184594,0.06509210276363833,0.6344066720341448
579.8955390199236,1,3.3437703310085487,6.521397349674192,0.49937694358226914,0.09308956338850027,-0.028544539605930543,0.06454502378256974,0.6372390934342668
579.8955390199236,2,3.3437703310085487,6.537670421694692,0.5006230564216743,0.09344152482280066,-0.02855591662647455,0.0648856081963261,0.6353887921055825
587.8955390199236,1,3.3440222481338506,6.520026892491149,0.499272000625617,0.09291420089866254,-0.028553643296074266,0.06436055760258827,0.6381559808587355
587.8955390199236,2,3.3440222481338506,6.539040878879115,0.500727999378432,0.09325520900432593,-0.02857677938421535,0.06467842962011058,0.6363703335562841
595.8955390199236,1,3.3442755925839327,6.518830117662471,0.4991803574203258,0.09273856849577733,-0.028563484820393285,0.06417508367538405,0.6390724454879936
595.8955390199236,2,3.3442755925839327,6.540237653708702,0.5008196425837929,0.09306814238191041,-0.028597112555195033,0.06447102982671538,0.6373512283266015
603.8955390199236,1,3.3445302884031722,6.517843912732616,0.49910483863543814,0.09256284368889567,-0.0285742391334611,0.06398860455543456,0.6399886032412974
603.8955390199236,2,3.3445302884031722,6.541223858640104,0.500895161368799,0.09288060400548304,-0.02861678187824208,0.06426382212724095,0.6383314013024145
611.8955390199236,1,3.344786347525114,6.517088134292606,0.4990469647922784,0.09238719687213326,-0.02858601342125517,0.0638011834508781,0.6409045618225373
611.8955390199236,2,3.344786347525114,6.541979637081272,0.5009530352120474,0.09269286056342718,-0.02863571790509827,0.06405714265832892,0.6393107829156066
619.8955390199236,1,3.345043845754651,6.516561842543085,0.49900666392557513,0.09221179363400012,-0.02859882981100996,0.06361296382299016,0.6418204094062979
619.8955390199236,2,3.345043845754651,6.542505928831421,0.5009933360787987,0.0925051636624703,-0.028653931715550127,0.06385123194692018,0.640289321340974
627.8955390199236,1,3.3453028936957163,6.516242625348557,0.498982219822817,0.09203679656841146,-0.02861262079279421,0.06342417577561725,0.642736205741071
627.8955390199236,2,3.3453028936957163,6.542825146027385,0.5010177801816669,0.0923177477134427,-0.028671518520412782,0.06364622919302992,0.641266992200079
635.8955390199236,1,3.3455636070351544,6.516089133760175,0.4989704661822762,0.0918623663164464,-0.028627238054235785,0.06323512826221062,0.6436519769320954
635.8955390199236,2,3.3455636070351544,6.542978637617073,0.5010295338223076,0.0921308287546605,-0.028688648446401968,0.06344218030825853,0.6422438042416854
643.8955390199236,1,3.3458260805733335,6.516046372731047,0.498967191750297,0.09168866167884993,-0.02864247305920306,0.06304618861964686,0.6445677147179779
643.8955390199236,2,3.3458260805733335,6.543021398647638,0.5010328082543968,0.0919446043700951,-0.028705546136633838,0.06323905823346126,0.6432198002253375
651.8955390199236,1,3.3460903691306627,6.516052855271687,0.4989676881517825,0.09151583880427339,-0.028658085813862273,0.06285775299041112,0.6454833803256715
651.8955390199236,2,3.3460903691306627,6.543014916109106,0.5010323118530728,0.09175925467895141,-0.028722462565972284,0.06303679211297912,0.6441950530111407
659.8955390199236,1,3.34635647667037,6.516048485543146,0.49896735353918853,0.09134404962343634,-0.028673837157765194,0.06267021246567114,0.6463989122241823
659.8955390199236,2,3.34635647667037,6.5430192858393585,0.5010326464657978,0.09157494420932988,-0.028739643511242825,0.06283530069808706,0.645169657580861
667.8955390199236,1,3.3466243533059177,6.515981972612535,0.4989622603019242,0.0911734398209747,-0.02868951959474853,0.062483920226226175,0.6473142365026314
667.8955390199236,2,3.3466243533059177,6.5430857987717275,0.5010377397031968,0.09139182434311355,-0.028757299476147115,0.06263452486696644,0.6461437203008089
675.8955390199236,1,3.3468938986223886,6.515816681011952,0.4989496030737454,0.09100414669891954,-0.02870498208114028,0.06229916461777926,0.6482292782477892
675.8955390199236,2,3.3468938986223886,6.543251090374222,0.5010503969315219,0.09121003594943833,-0.028775581547821245,0.06243445440161709,0.6471173471080889
683.8955390199236,1,3.347164969107018,6.515534093749755,0.498927963913344,0.09083629728629017,-0.028720145276065753,0.06211615201022441,0.6491439722088812
683.8955390199236,2,3.347164969107018,6.543533677637639,0.5010720360920168,0.09102971181880903,-0.02879456664489037,0.06223514517391866,0.648090632408782
691.8955390199236,1,3.3474373875431502,6.515134468638844,0.49889736256277983,0.09067000699153116,-0.02873500540245064,0.061935001589080524,0.6500582712182797
691.8955390199236,2,3.3474373875431502,6.5439333027499185,0.5011026374426857,0.09085097856877766,-0.02881425402462273,0.06203672454415493,0.6490636502997136
699.8955390199236,1,3.3477109528529763,6.514634736404231,0.4988590954947652,0.09050537898990285,-0.028749626772961095,0.06175575221694175,0.6509721512564495
699.8955390199236,2,3.3477109528529763,6.544433034985811,0.5011409045107984,0.09067395780366638,-0.028834573045392806,0.06183938475827358,0.6500364492905595
707.8955390199236,1,3.347985449710376,6.5140641208239325,0.49881540052432083,0.09034250440786273,-0.028764124806224537,0.0615783796016382,0.6518856126269083
707.8955390199236,2,3.347985449710376,6.545003650567001,0.5011845994813109,0.0904987664515513,-0.028855400418327248,0.061643366033224054,0.6510090510972841
715.8955390199236,1,3.3482606578574736,6.513458274422285,0.4987690077486452,0.09018146323742648,-0.028778642660647287,0.0614028205767792,0.6527986773272473
715.8955390199236,2,3.3482606578574736,6.545609496969074,0.5012309922570192,0.09032551634174801,-0.02887658386016268,0.06144893248158533,0.6519814534276136
723.8955390199236,1,3.3485363612140246,6.512852882798994,0.49872264979768793,0.09002232580788849,-0.028793325304767588,0.061229000503120905,0.6537113832586177
723.8955390199236,2,3.3485363612140246,6.5462148885934095,0.5012773502080564,0.09015431320070189,-0.028897968333584424,0.061256344867117465,0.6529536360976379
731.8955390199236,1,3.3488123566456776,6.5122777084290995,0.4986786057372721,0.08986515457274358,-0.02880829497128092,0.06105685960146266,0.6546237763403543
731.8955390199236,2,3.3488123566456776,6.546790062963549,0.5013213942684911,0.08998525532055002,-0.02891942090522403,0.06106583441532599,0.6539255693711378
739.8955390199236,1,3.349088461953303,6.511751947022433,0.4986383454816494,0.08971000594006995,-0.028823631606820044,0.06088637433324991,0.6555359018566133
739.8955390199236,2,3.349088461953303,6.547315824370267,0.5013616545241176,0.08981843218892394,-0.028940850576728436,0.0608775816121955,0.6548972231290935
747.8955390199236,1,3.3493645225625834,6.511281562695512,0.4986023257339034,0.08955693188554914,-0.02883936114688508,0.06071757073866406,0.6564477964349771
747.8955390199236,2,3.3493645225625834,6.547786208697417,0.5013976742718812,0.08965392335885536,-0.028962220234232856,0.060691703124622506,0.6558685753866921
755.8955390199236,1,3.3496404166314986,6.51085894210141,0.49856996350089394,0.08940598113919229,-0.028855453161645107,0.06055052797754719,0.6573594819116887
755.8955390199236,2,3.3496404166314986,6.548208829291108,0.5014300365048592,0.08949179778190963,-0.02898354916193911,0.06050824861997052,0.6568396188232235
763.8955390199236,1,3.3499160586778864,6.510464779818268,0.4985397804671549,0.08925719982640157,-0.02887182769284489,0.06038537213355668,0.6582709619574021
763.8955390199236,2,3.3499160586778864,6.54860299157371,0.5014602195385569,0.0893321137293448,-0.029004906306946653,0.060327207422398145,0.6578103643983484
771.8955390199236,1,3.350191402028693,6.510071663842562,0.4985096775545588,0.08911063155682886,-0.02888836927638222,0.06022226228044664,0.6591822217674494
771.8955390199236,2,3.350191402028693,6.548996107549781,0.501490322451181,0.08917491930288435,-0.029026396315610208,0.06014852298727414,0.6587808417396028
779.8955390199236,1,3.3504664401787454,6.509648510712226,0.49847727454251034,0.08896631706345293,-0.02890494478884868,0.060061372274604244,0.6600932304962245
779.8955390199236,2,3.3504664401787454,6.549419260678786,0.5015227254631275,0.08902025341969466,-0.02904814171477257,0.05997211170492209,0.6597510966472129
787.8955390199236,1,3.3507412066045505,6.509164924615056,0.49844024386730146,0.0888242935679866,-0.028921421372200967,0.059902872195785634,0.6610039456210934
787.8955390199236,2,3.3507412066045505,6.549902846775913,0.501559756138333,0.08886814707955981,-0.029070264986201053,0.05979788209335876,0.6607211865748936
795.8955390199236,1,3.351015772078078,6.5085947469902425,0.49839658243336166,0.0886845940673302,-0.028937681396506834,0.05974691267082337,0.6619143182050544
795.8955390199236,2,3.351015772078078,6.550473024400062,0.5016034175722219,0.08871862470542968,-0.029092873570059154,0.059625751135370525,0.661691175160631
803.8955390199236,1,3.351290238273155,6.507918484746556,0.4983447975544155,0.08854724674312653,-0.028953633035552723,0.05959361370757381,0.6628242978404124
803.8955390199236,2,3.351290238273155,6.551149286643817,0.5016552024511733,0.08857170539259052,-0.02911604920572515,0.059455656186865366,0.6626611267408268
811.8955390199236,1,3.3515647281803265,6.507124432630291,0.49828399289897074,0.08841227439710941,-0.028969215784960586,0.059443058612148825,0.6637338379165841
811.8955390199236,2,3.3515647281803265,6.55194333876042,0.501716007106644,0.08842740394266713,-0.029139842377989954,0.05928756156467717,0.6636311016501599
819.8955390199236,1,3.3518393721866064,6.506208962463658,0.49821389063878924,0.0882796942214048,-0.028984402461652504,0.0592952917597523,0.6646428991230665
819.8955390199236,2,3.3518393721866064,6.552858808926732,0.501786109366801,0.08828573170133414,-0.029164270200424853,0.059121461500909286,0.6646011522571722
827.8955390199236,1,3.3521142922474096,6.505176378508117,0.4981348203733137,0.08814951778553937,-0.028999199278104057,0.05915031850743531,0.6655514517992394
827.8955390199236,2,3.3521142922474096,6.5538913928823455,0.501865179632282,0.08814669718351897,-0.029189316277643686,0.05895738090587529,0.6655713199397503
835.8955390199236,1,3.352389587458506,6.504038488301972,0.4980476862664945,0.08802175109196053,-0.029013644675774435,0.0590081064161861,0.6664594780378574
835.8955390199236,2,3.352389587458506,6.555029283088745,0.5019523137391206,0.08801030652090613,-0.029214931978889847,0.05879537454201629,0.6665416328802215
843.8955390199236,1,3.3526653235985653,6.502813882826752,0.4979539119254263,0.08789639470029087,-0.029027806891769595,0.05886858780852128,0.6673669734965424
843.8955390199236,2,3.3526653235985653,6.556253888564455,0.5020460880802264,0.08787656376837027,-0.029241039145126324,0.05863552462324395,0.6675121045349418
851.8955390199236,1,3.352941529340772,6.50152687926076,0.4978553594415486,0.08777344395581554,-0.029041780031619197,0.05873166392419635,0.6682739486005166
851.8955390199236,2,3.352941529340772,6.557540892131261,0.5021446405641665,0.08774547106233488,-0.029267534470293982,0.0584779365920409,0.6684827329403077
859.8955390199236,1,3.3532181985471103,6.500206172991342,0.49775422616829,0.0876528894753017,-0.02905567869781791,0.05859721077748379,0.6691804278762591
859.8955390199236,2,3.3532181985471103,6.5588615984006475,0.5022457738374226,0.0876170286888378,-0.029294295300538776,0.05832273338829903,0.6694535005510502
867.8955390199236,1,3.3534953017909883,6.498883079059948,0.497652910059471,0.08753471765392717,-0.02906963088276489,0.058465086771162286,0.670086448972018
867.8955390199236,2,3.3534953017909883,6.560184692332742,0.5023470899462953,0.08749123497106037,-0.029321187397882417,0.05817004757317795,0.670424375409443
875.8955390199236,1,3.353772804211853,6.497589464558082,0.4975538513422242,0.08741891124925871,-0.02908376947470377,0.05833514177455494,0.670992060868219
875.8955390199236,2,3.353772804211853,6.561478306834748,0.5024461486635529,0.0873680860415309,-0.029348074142396582,0.05802001189913432,0.671395313342055
883.8955390199236,1,3.3540506850253546,6.496355587143653,0.4974593670010724,0.08730545005387658,-0.02909822321657254,0.05820722683730403,0.6718973210615731
883.8955390199236,2,3.3540506850253546,6.562712184249542,0.5025406330047326,0.08724757554395701,-0.029374826158651373,0.057872749385305636,0.672366260986018
891.8955390199236,1,3.3543289539114665,6.495207999800062,0.49737149033455325,0.08719431161786861,-0.02911310779635015,0.05808120382151846,0.6728022918905929
891.8955390199236,2,3.3543289539114665,6.5638597715932,0.5026285096712568,0.0871296943288824,-0.029401330544090307,0.0577283637847921,0.673337159243984
899.8955390199236,1,3.354607662500955,6.4941677788404855,0.49729183526439114,0.08708547189979754,-0.02912851814745209,0.05795695375234545,0.6737070368999944
899.8955390199236,2,3.354607662500955,6.564899992552759,0.5027081647414177,0.08701443005552356,-0.029427498765248507,0.057586931290275055,0.6743079479784013
907.8955390199236,1,3.354886905733016,6.493248956171795,0.49722147628588054,0.08697890592226276,-0.029144521457705512,0.05783438446455725,0.6746116166079108
907.8955390199236,2,3.354886905733016,6.565818815222115,0.5027785237199792,0.08690176691815754,-0.029453273347625916,0.057448493570531625,0.6752785702317605
915.8955390199236,1,3.3551668137570045,6.492457213025637,0.49716084844015507,0.08687458835915063,-0.029161151182335608,0.05771343717681502,0.6755160842397594
915.8955390199236,2,3.3551668137570045,6.566610558369334,0.5028391515657858,0.08679168545519733,-0.029478633209198225,0.057313052245999106,0.6762489762466721
923.8955390199236,1,3.3554475378075588,6.491789026286934,0.497109681944169,0.0867724940139194,-0.02917840286702461,0.05759409114689479,0.6764204818090668
923.8955390199236,2,3.3554475378075588,6.567278745108692,0.5028903180618222,0.0866841624061383,-0.02950359701386821,0.05718056539227009,0.6772191275454322
931.8955390199236,1,3.3557292337387894,6.491231462673252,0.4970669864299526,0.08667259817073347,-0.029196232602134952,0.05747636556859852,0.6773248367903457
931.8955390199236,2,3.3557292337387894,6.56783630872291,0.5029330135760796,0.08657917065748943,-0.029528223780592666,0.05705094687689677,0.6781890006664775
939.8955390199236,1,3.356012047067311,6.490762803668534,0.4970310987990034,0.08657487679199427,-0.029214558903675903,0.05736031788831837,0.6782291597514336
939.8955390199236,2,3.356012047067311,6.5683049677288485,0.5029689012071222,0.08647667931839553,-0.02955260994952487,0.056924069368870664,0.6791585900775631
947.8955390199236,1,3.356296102842355,6.490353958211905,0.49699979139913475,0.08647930654438696,-0.0292332679829377,0.05724603856144926,0.679133443293917
947.8955390199236,2,3.356296102842355,6.568713813186568,0.5030002086070744,0.0863766540589932,-0.02957688313978448,0.056799770919208716,0.6801279087869304
955.8955390199236,1,3.356581503243837,6.4899707722026365,0.4969704488751523,0.08638586465259923,-0.02925222284508591,0.05713364180751332,0.6800376625420231
955.8955390199236,2,3.356581503243837,6.569096999196971,0.5030295511311438,0.08627905755117382,-0.029601192150996936,0.056677865400176886,0.6810969878370754
963.8955390199236,1,3.3568683328709357,6.489576941739058,0.49694029125054423,0.08629452860449849,-0.029271275064745538,0.05702325353975295,0.6809417772072349
963.8955390199236,2,3.3568683328709357,6.5694908296624215,0.5030597087558951,0.08618385002985818,-0.029625694423912184,0.056558155605945994,0.6820658742882487
971.8955390199236,1,3.357156669590765,6.489137012705129,0.49690660362125605,0.08620527575521297,-0.029290277159445925,0.05691499859576705,0.681845735004708
971.8955390199236,2,3.357156669590765,6.569930758697217,0.5030933963852496,0.08609098994989406,-0.02965054312451655,0.05644044682537751,0.6830346276875209
979.8955390199236,1,3.35744659723565,6.488618980932143,0.4968669352634485,0.08611808293500012,-0.02930909350701447,0.05680898942798565,0.6827494755366984
979.8955390199236,2,3.35744659723565,6.57044879047272,0.5031330647432499,0.08600043466411744,-0.029675875905431696,0.05632455875868575,0.6840033155753216
987.8955390199236,1,3.357738218169805,6.487996072249412,0.4968192359411355,0.08603292601208601,-0.029327608139464657,0.056705317872621355,0.6836529352254225
987.8955390199236,2,3.357738218169805,6.571071699157042,0.5031807640656848,0.08591214098763356,-0.02970180709859851,0.05621033388903504,0.6849720093873145
995.8955390199236,1,3.358031660413955,6.48724759101194,0.49676192088231363,0.08594977965287498,-0.02934572865233364,0.05660405100054134,0.6845560507802785
995.8955390199236,2,3.358031660413955,6.571820180396484,0.5032380791246575,0.08582606568310513,-0.029728423880480827,0.056097641802624304,0.685940780470896
1003.8955390199236,1,3.3583270783068118,6.486358934560745,0.49669387188626307,0.08586861722865091,-0.029363386626540967,0.05650523060210995,0.6854587614873346
1003.8955390199236,2,3.3583270783068118,6.5727088368497935,0.50330612812087,0.08574216579888905,-0.029755786110766503,0.05598637968812255,0.686909697078459
1011.8955390199236,1,3.358624647674801,6.485321016002345,0.4966143931228034,0.08578941080081304,-0.029380535593543908,0.05640887520726913,0.6863610108761309
1011.8955390199236,2,3.358624647674801,6.57374675541075,0.5033856068845254,0.0856603988653788,-0.02978392884866485,0.05587647001671395,0.6878788224985816
1019.8955390199236,1,3.3589245568864574,6.48412943180249,0.4965231473906638,0.08571213115698484,-0.029397147935045248,0.05631498322193959,0.6872627479634472
1019.8955390199236,2,3.3589245568864574,6.574938339613102,0.5034768526168563,0.08558072298930597,-0.029812866141610564,0.055767856847695405,0.6888482140838897
1027.8955390199235,1,3.3592269956321146,6.482783732470899,0.49642010027006095,0.0856367478984561,-0.029413212176810845,0.056223535721645256,0.6881639279802898
1027.8955390199235,2,3.3592269956321146,6.5762840389479,0.5035798997377047,0.08550309691171964,-0.029842594585578766,0.05566050232614088,0.6898179225383677
1035.8955390199235,1,3.35953214321349,6.481287056508855,0.4963054920921839,0.08556322954602447,-0.029428731760001832,0.056134497786022634,0.6890645128890427
1035.8955390199235,2,3.35953214321349,6.577780714913451,0.5036945079158502,0.08542748002979828,-0.029873095406640064,0.05555438462315821,0.6907879915274872
1043.8955390199235,1,3.3598401596157657,6.479646176253265,0.49617984144970895,0.08549154362665323,-0.029443725546612384,0.05604781808004085,0.689964472125026
1043.8955390199235,2,3.3598401596157657,6.579421595172527,0.5038201585585922,0.08535383244945471,-0.029904334866317057,0.05544949758313766,0.691758456792111
1051.8955390199235,1,3.360151180888422,6.477871874549291,0.49604397404056116,0.08542165672842827,-0.029458229773432546,0.05596342695499573,0.6908637837599718
1051.8955390199235,2,3.360151180888422,6.581195896880517,0.5039560259680474,0.08528211505796435,-0.029936263227016556,0.05534585183094779,0.6927293448281759
1059.8955390199235,1,3.360465319203837,6.475979449679151,0.4958990613329102,0.08535353453744232,-0.02947230060919155,0.05588123392825077,0.6917624359740525
1059.8955390199235,2,3.360465319203837,6.583088321754241,0.5041009386759729,0.08521228959800631,-0.029968813003588397,0.05524347659441791,0.6937006713255435
1067.8955390199235,1,3.360782667241355,6.473989092354537,0.4957466494334187,0.08528714187733488,-0.029486016215718235,0.05580112566161664,0.6926604285964946
1067.8955390199235,2,3.360782667241355,6.58507867908349,0.5042533505758193,0.08514431872671313,-0.030001897518833424,0.05514242120787971,0.6946724395772043
1075.8955390199235,1,3.3611033059341424,6.471925914355912,0.49558866128030127,0.08522244277148605,-0.029499477350280166,0.05572296542120589,0.6935577744324185
1075.8955390199235,2,3.3611033059341424,6.587141857086786,0.5044113387292944,0.08507816604317231,-0.03003541071330989,0.05504275532986242,0.6956446391225993
1083.8955390199235,1,3.361427314140378,6.469819496457191,0.4954273620255913,0.08515940054494386,-0.02951280590295449,0.05564659464198937,0.6944545000780084
1083.8955390199235,2,3.361427314140378,6.5892482749902435,0.504572637984367,0.0850137960697781,-0.03006922883289318,0.05494456723688492,0.6966172449185921
1091.8955390199235,1,3.3617547786639155,6.467702921132589,0.49526528496452793,0.08509797797625218,-0.029526141165968457,0.05557183681028373,0.6953506459702247
1091.8955390199235,2,3.3617547786639155,6.591364850320157,0.5047347150458371,0.08495117417905096,-0.030103214206582577,0.054847959972468385,0.6975902172950421
1099.8955390199235,1,3.362085803328761,6.465611346150506,0.49510512230830245,0.08503813749910272,-0.029539634018983536,0.055498503480119185,0.6962462655286136
1099.8955390199235,2,3.362085803328761,6.593456425307125,0.5048948777024367,0.0848902664666884,-0.03013722093491267,0.054753045531775735,0.6985635028521923
1107.8955390199235,1,3.362420516222067,6.463580253656498,0.4949495911073335,0.08497984144601922,-0.02955343956773572,0.0554264018782835,0.6971414233500316
1107.8955390199235,2,3.362420516222067,6.595487517807317,0.5050504089038792,0.08483103958620486,-0.03017110197546524,0.05465993761073962,0.699537036234997
1115.8955390199235,1,3.3627590755373817,6.461643547011827,0.49480128751640456,0.08492305230498953,-0.029567708947218264,0.05535534335777127,0.6980361927629462
1115.8955390199235,2,3.3627590755373817,6.597424224458474,0.5051987124953048,0.08477346054071688,-0.030204716936663333,0.054568743604053546,0.7005107430253107
1123.8955390199235,1,3.363101673340426,6.459831713857369,0.49466254613101734,0.08486773299552919,-0.029582581189360083,0.05528515180616911,0.6989306525448277
1123.8955390199235,2,3.363101673340426,6.599236057619226,0.505337453881174,0.08471749648505611,-0.030237939679514006,0.054479556805542104,0.7014845430145157
1131.8955390199235,1,3.3634485379257013,6.458170227408028,0.4945353175662809,0.08481384712258233,-0.029598175959125412,0.05521567116345692,0.6998248833829892
1131.8955390199235,2,3.3634485379257013,6.600897544076058,0.5054646824464841,0.08466311454136921,-0.030270665023490018,0.05439244951787919,0.7024583538344115
1139.8955390199235,1,3.363799935304867,6.456678301745932,0.4944210731433082,0.08476135919234107,-0.029614587695495416,0.05514677149684565,0.7007189643512397
1139.8955390199235,2,3.363799935304867,6.602389469746357,0.505578926870085,0.0846102816418286,-0.030302814027554758,0.05430746761427384,0.7034320947148376
1147.8955390199235,1,3.3641561697214786,6.455368076907839,0.4943207424871666,0.0847102347842279,-0.02963188150738122,0.05507835327684668,0.701612969555703
1147.8955390199235,2,3.3641561697214786,6.603699694593334,0.5056792575269068,0.08455896441338773,-0.030334337485911966,0.05422462692747576,0.7044056900518115
1155.8955390199235,1,3.3645175827715574,6.454244271066947,0.4942346868926501,0.08466044067104228,-0.029650091029868344,0.05501034964117393,0.7025069651741687
1155.8955390199235,2,3.3645175827715574,6.604823500443879,0.5057653131221624,0.08450912911116948,-0.030365217473834836,0.054143911637334646,0.7053790725581943
1163.8955390199235,1,3.3648845507499847,6.453304288097383,0.49416270756104513,0.08461194488535195,-0.029669218250968396,0.05494272663438356,0.7034010070440642
1163.8955390199235,2,3.3648845507499847,6.605763483424744,0.5058372924546329,0.08446074160349504,-0.030395466989341518,0.054065274614153516,0.7063521857946002
1171.8955390199235,1,3.365257480040935,6.452538725139551,0.4941040844670204,0.08456471673345867,-0.029689235130843785,0.05487548160261488,0.7042951389156504
1171.8955390199235,2,3.365257480040935,6.606529046395125,0.5058959155496184,0.08441376740418605,-0.030425127912505616,0.05398863949168043,0.707324985995647
1179.8955390199235,1,3.365636800575619,6.451932203560803,0.49405763998956087,0.08451872676233485,-0.02971008672031025,0.0548086400420246,0.7051893914217043
1179.8955390199235,2,3.365636800575619,6.607135567987928,0.5059423600281543,0.08436817174462252,-0.03045426758996688,0.05391390415465564,0.7082974431711057
1187.8955390199235,1,3.366022957669177,6.451464442251376,0.4940218210997581,0.08447394668847519,-0.02973169544320576,0.05474225124526943,0.7060837817412964
1187.8955390199235,2,3.366022957669177,6.607603329313167,0.5059781789191679,0.08432391967805053,-0.030482974379723086,0.05384094529832745,0.7092695414730394
1195.8955390199235,1,3.3664164029148256,6.45111148962434,0.49399479370138516,0.08443034929818793,-0.029753966188666554,0.05467638310952138,0.7069783139041608
1195.8955390199235,2,3.3664164029148256,6.607956281958074,0.5060052063189093,0.08428097620748876,-0.030511352512312347,0.053769623695176405,0.7102412788636616
1203.8955390199235,1,3.3668175851220754,6.450847029484069,0.49397454262796225,0.08438790832665788,-0.029776791862899447,0.054611116463758436,0.7078729797047791
1203.8955390199235,2,3.3668175851220754,6.608220742118289,0.5060254573938594,0.08423930642546296,-0.030539516629280835,0.05369978979618212,0.711212666217547
1211.8955390199235,1,3.3672269421549297,6.450643665803886,0.4939589700247915,0.08434659833099456,-0.029800058935105955,0.054546539395888605,0.708767760002514
1211.8955390199235,2,3.3672269421549297,6.608424105820713,0.5060410299987333,0.08419887566254758,-0.030567586391372487,0.053631289271175095,0.7121837258286876
1219.8955390199235,1,3.3676448945961055,6.450474132825291,0.49394598801247913,0.08430639456097744,-0.029823652773981787,0.05448274178699565,0.7096626263839967
1219.8955390199235,2,3.3676448945961055,6.608593638823961,0.5060540120129334,0.0841596496284458,-0.03059568137247125,0.05356396825597455,0.7131544896303467
1227.8955390199235,1,3.368071841806888,6.4503123720590825,0.4939336011584524,0.08426727283194602,-0.029847462498126594,0.05441981033381942,0.7105575431342639
1227.8955390199235,2,3.368071841806888,6.6087553996172375,0.5060663988690329,0.08412159453960122,-0.03062391649349404,0.05349767804610718,0.7141249972593989
1235.8955390199235,1,3.368508160487725,6.450134437012276,0.4939199757565537,0.08422920941195411,-0.029871385121240344,0.054357824290713765,0.7114524692616182
1235.8955390199235,2,3.368508160487725,6.6089333346945365,0.5060800242732666,0.08408467723509805,-0.030652398153192036,0.05343227908190601,0.7150952939265551
1243.8955390199235,1,3.368954205517419,6.449919216503661,0.4939034952150339,0.08419218092856973,-0.029895328910029502,0.054296852018540225,0.71234736042523
1243.8955390199235,2,3.368954205517419,6.609148555236752,0.5060965048173593,0.08404886527329491,-0.030681221099258516,0.0533676441740364,0.7160654283017559
1251.8955390199235,1,3.3694103129873936,6.449648960947317,0.49388280035678855,0.08415616428188333,-0.029919215948552014,0.054236948333331314,0.7132421710534128
1251.8955390199235,2,3.3694103129873936,6.609418810829678,0.506117199678406,0.08401412701401867,-0.03071046610756658,0.05330366090645209,0.7170354503281635
1259.8955390199235,1,3.369876804537694,6.4493096413047315,0.49385681690616806,0.08412113658119313,-0.029942983926073353,0.054178152655119785,0.7141368562089679
1259.8955390199235,2,3.369876804537694,6.609758130512926,0.5061431831321401,0.08398043167481717,-0.03074019835174054,0.05324023332307663,0.7180054093290162
1267.8955390199235,1,3.3703539923336288,6.4488911464284335,0.4938247706005951,0.08408707510595548,-0.029966587177360268,0.05412048792859521,0.7150313731044169
1267.8955390199235,2,3.3703539923336288,6.610176625433131,0.5061752294410754,0.08394774936789418,-0.030770466439194538,0.05317728292869964,0.7189753523171685
1275.8955390199235,1,3.370842184287864,6.448387313292284,0.4937861895054532,0.08405395728018927,-0.029989996996479546,0.05406396028370973,0.7159256824659405
1275.8955390199235,2,3.370842184287864,6.610680458617392,0.5062138105399014,0.08391605112043443,-0.030801302151097904,0.05311474896933653,0.7199453225043141
1283.8955390199235,1,3.371341689081313,6.447795792493345,0.49374089371487323,0.08402176065804845,-0.030013201236158814,0.05400855942188963,0.7168197497595394
1283.8955390199235,2,3.371341689081313,6.611271979469101,0.5062591063345222,0.0838853088785001,-0.03083272088786284,0.05305258799063726,0.7209153580809143
1291.8955390199235,1,3.371852820474892,6.447117756538485,0.49368897301373793,0.08399046292532386,-0.030036203195557488,0.05395425972976638,0.7177135460953205
1291.8955390199235,2,3.371852820474892,6.611950015481446,0.5063110270400594,0.0838554954956674,-0.030864722792144337,0.052990772703523065,0.721885491315686
1299.8955390199235,1,3.3723759005679583,6.446357452582249,0.4936307526285198,0.08396004191786588,-0.030059019792012514,0.05390102212585336,0.7186070486998231
1299.8955390199235,2,3.3723759005679583,6.612710319500569,0.5063692474300932,0.08382658470783255,-0.030897294549403303,0.052929290158429246,0.7228557480179366
1307.8955390199235,1,3.3729112618958776,6.445521596687579,0.49356674684270824,0.08393047565277278,-0.030081679018189915,0.05384879663458287,0.7195002409875811
1307.8955390199235,2,3.3729112618958776,6.613546175463832,0.5064332532211573,0.08379855109521284,-0.03093041189232233,0.052868139202890505,0.723826147421237
1315.8955390199235,1,3.373459248371568,6.444618614013003,0.4934976008140339,0.08390174236880998,-0.03010421671525852,0.05379752565355146,0.720393112259344
1315.8955390199235,2,3.373459248371568,6.614449158213913,0.5065023992556134,0.08377137003337065,-0.03096404280173983,0.05280732723163082,0.7247967025240057
1323.8955390199235,1,3.3740202150917913,6.443657745844581,0.49342402219531095,0.08387382057519144,-0.030126672746626015,0.05374714782856542,0.7212856569842387
1323.8955390199235,2,3.3740202150917913,6.615410026464607,0.5065759778806362,0.08374501763606457,-0.030998151319537898,0.05274686631652667,0.7257674208803025
1331.8955390199235,1,3.374594527066146,6.442648062408149,0.4933467055403925,0.08384668910738036,-0.03014908672905414,0.053697602378326215,0.7221778736362646
1331.8955390199235,2,3.374594527066146,6.616419709990129,0.5066532945423768,0.08371947069290364,-0.031032701810461,0.05268676888244264,0.7267383058182973
1339.8955390199235,1,3.3751825569963363,6.441597436918223,0.4932662537418167,0.08382032718622145,-0.030171493557359493,0.05364883362886196,0.7230697631381037
1339.8955390199235,2,3.3751825569963363,6.6174703355783615,0.5067337463484805,0.08369470660447487,-0.03106766344038472,0.05262704316409014,0.727709358055201
1347.8955390199235,1,3.3757846822698405,6.440511552657133,0.4931831019977485,0.08379471447572051,-0.03019391903621942,0.053600795439501095,0.7239613270221432
1347.8955390199235,2,3.3757846822698405,6.618556219946093,0.5068168981007148,0.08367070331826465,-0.031103014565322686,0.05256768875294196,0.7286805776343843
1355.8955390199235,1,3.376401281313933,6.439393030832668,0.49309745102755276,0.08376983113520176,-0.030216376001434835,0.05355345513376692,0.7248525654347379
1355.8955390199235,2,3.376401281313933,6.619674741887854,0.5069025490798925,0.0836474392695985,-0.031138746649892305,0.0525086926197062,0.7296519660445951
1363.8955390199235,1,3.3770327294189766,6.438240778881096,0.493009217168004,0.08374565786183563,-0.030238861364465873,0.05350679649736976,0.7257434751351695
1363.8955390199235,2,3.3770327294189766,6.620826993967101,0.506990782949218,0.08362489333194656,-0.031174867276744758,0.0524500260552018,0.7306235283326831
1371.8955390199235,1,3.3776793941116257,6.437049662742947,0.4929180072777571,0.08372217591920972,-0.030261354535822238,0.05346082138338748,0.7266340476894778
1371.8955390199235,2,3.3776793941116257,6.622018110244724,0.5070819928501451,0.08360304478033154,-0.031211401788700535,0.052391642991631,0.7315952749971879
1379.8955390199235,1,3.378341630134206,6.435810600073494,0.49282312587495325,0.08369936714777726,-0.03028381766185442,0.053415549485922836,0.7275242680971403
1379.8955390199235,2,3.378341630134206,6.623257173064363,0.5071768742644495,0.08358187327095479,-0.03124839312938332,0.052333480141571465,0.7325672234303485
1387.8955390199235,1,3.3790197740617227,6.43451115363636,0.49272362057642133,0.08367721395411465,-0.030306198038184445,0.0533710159159302,0.7284141140928887
1387.8955390199235,2,3.3790197740617227,6.6245566196654035,0.5072763795755326,0.08356135883935778,-0.031285899519153025,0.052275459320204755,0.7335393986584667
1395.8955390199235,1,3.379714138575838,6.433136674309969,0.49261836962356154,0.08365569927750549,-0.030328432936889964,0.05332726634061553,0.7293035563456453
1395.8955390199235,2,3.379714138575838,6.625931099168947,0.5073816305419578,0.08354148191842548,-0.03132398972729304,0.052217492191132434,0.7345118331363797
1403.8955390199235,1,3.380425006430474,6.431672000461422,0.49250621201214584,0.0836348065339978,-0.030350456901699244,0.053284349632298555,0.7301925597402846
1403.8955390199235,2,3.380425006430474,6.627395773208227,0.507493788167979,0.0835222233757511,-0.03136273588454861,0.05215948749120249,0.7354845653950812
1411.8955390199235,1,3.3811526241822674,6.430103665363446,0.49238611652558895,0.08361451953998333,-0.030372211327403576,0.05324230821257976,0.7310810858664497
1411.8955390199235,2,3.3811526241822674,6.628964108512563,0.5076138836703379,0.08350356456809305,-0.031402204018876424,0.05210136054921662,0.7364576374171781
1419.8955390199235,1,3.381897195800721,6.428422499921623,0.49225738103916195,0.08359482241956151,-0.030393655857896613,0.053201166561664896,0.7319690967422852
1419.8955390199235,2,3.381897195800721,6.630645274173996,0.5077426191735815,0.08348548740867123,-0.031442442778475584,0.05204304463019565,0.7374310907154924
1427.8955390199235,1,3.3826588762872185,6.426626449326088,0.4921198482055029,0.083575699502207,-0.030414780832637624,0.053160918669569374,0.732856559674586
1427.8955390199235,2,3.3826588762872185,6.632441325004382,0.5078801520252243,0.08346797444136111,-0.03148347110855745,0.05198450333280367,0.7384049612162474
1435.8955390199235,1,3.3834377653788303,6.424723355696345,0.49197411853604495,0.0835571352192126,-0.030435619711567555,0.053121515507645045,0.7337434530128971
1435.8955390199235,2,3.3834377653788303,6.6343444188846625,0.5080258817138672,0.08345100891423218,-0.03152526594468781,0.05192574296954437,0.7393792731989197
1443.8955390199235,1,3.384233901247239,6.422733401237142,0.49182173748603053,0.08353911400884861,-0.030456260143969686,0.05308285386487893,0.7346297724030231
1443.8955390199235,2,3.384233901247239,6.636334373606104,0.5081782627839626,0.08343457484369221,-0.03156775124611259,0.051866823597579624,0.740354032708999
1451.8955390199235,1,3.385047253791543,6.420690864433994,0.49166532993543693,0.08352162024100807,-0.03047685214661598,0.053044768094392084,0.7355155369934474
1451.8955390199235,2,3.385047253791543,6.638376910684721,0.5083346703556503,0.08341865705999485,-0.031610789886862875,0.051807867173131975,0.7413292210210497
1459.8955390199235,1,3.3858777166738725,6.418644821328821,0.4915086538892595,0.0835046381722293,-0.03049761174779198,0.05300702642443733,0.7364007949089465
1459.8955390199235,2,3.3858777166738725,6.640422954075901,0.5084913464237287,0.08340324122509024,-0.03165418002419171,0.05174906120089853,0.7423047888735599
1467.8955390199235,1,3.386725096723719,6.416658430824881,0.49135654574963383,0.08348815194151626,-0.03051881846212626,0.05296933347939001,0.7372856271772281
1467.8955390199235,2,3.386725096723719,6.642409344877114,0.5086434545861181,0.08338831381506218,-0.0316976575457922,0.051690656269269976,0.7432806522915679
1475.8955390199235,1,3.387589098963919,6.4148064847489845,0.4912147327114962,0.08347214561410876,-0.030540805132944493,0.05293134048116427,0.7381701493095785
1475.8955390199235,2,3.387589098963919,6.64426129125674,0.5087852676475139,0.08337386205999398,-0.03174090603796841,0.05163295602202556,0.7442566909614626
1483.8955390199235,1,3.388469305386114,6.41317094541271,0.4910894910506889,0.08345660327811544,-0.030563938834912062,0.052892664443203376,0.7390545097215745
1483.8955390199235,2,3.388469305386114,6.645896830899766,0.5089105093318107,0.08335987383838805,-0.03178357553496099,0.05157629830342707,0.7452327500169723
1491.8955390199235,1,3.3893651460217384,6.411834566936631,0.49098715767594264,0.08344150920338134,-0.030588593148901982,0.05285291605447935,0.7399388837791951
1491.8955390199235,2,3.3893651460217384,6.647233209682376,0.5090128427300297,0.08334633752520126,-0.031825309722325,0.05152102780287626,0.7462086461085946
1499.8955390199235,1,3.3902758625886222,6.4108725662607,0.49091349233529374,0.0834268480422562,-0.030615111602939546,0.05281173643931665,0.7408234638606221
1499.8955390199235,2,3.3902758625886222,6.64819521065584,0.5090865080934621,0.08333324180349777,-0.031865781813501595,0.051467459989996175,0.7471841779232622
1507.8955390199235,1,3.3912004666813558,6.410342810462634,0.490872926208573,0.08341260506959891,-0.030643764196515686,0.05276884087308323,0.7417084449022956
1507.8955390199235,2,3.3912004666813558,6.648724966738476,0.5091270742419739,0.08332057544680982,-0.03190473717636039,0.05141583827044943,0.7481591414761753
1515.8955390199235,1,3.392137697364192,6.410275375272054,0.49086776234911833,0.08339876644633382,-0.03067470068325093,0.05272406576308289,0.7425940056937159
1515.8955390199235,2,3.392137697364192,6.6487924021866105,0.5091322381211508,0.08330832708731428,-0.03194203910236947,0.05136628798494481,0.749133349800473
1523.8955390199235,1,3.393085985318321,6.410662598352566,0.49089741401241416,0.0833853194715628,-0.030707905573948677,0.05267741389761413,0.7434802876336511
1523.8955390199235,2,3.393085985318321,6.648405179329763,0.5091025864749822,0.08329648500406694,-0.03197771285282517,0.051318772151241775,0.7501066548398807
1531.8955390199235,1,3.3940434332502933,6.411450559451729,0.49095775224734495,0.08337225282227312,-0.030743158836293083,0.052629093985980036,0.7443673707980221
1531.8955390199235,2,3.3940434332502933,6.64761721840439,0.5090422482533594,0.08328503690945865,-0.032011984196294266,0.05127305271316439,0.7510789734870293
1539.8955390199235,1,3.3950078199173865,6.412533325293458,0.4910406651980003,0.0833595567216614,-0.03078000839920024,0.05257954832246116,0.7452552512924198
1539.8955390199235,2,3.3950078199173865,6.646534452682036,0.5089593353118451,0.08327396981150859,-0.032045306262512945,0.05122866354899564,0.7520503113254553
1547.8955390199235,1,3.395976631641786,6.413750454976179,0.4911338670791786,0.08334722301715569,-0.030817756828953623,0.05252946618820207,0.7461438219291403
1547.8955390199235,2,3.395976631641786,6.645317323048462,0.5088661334344303,0.08326326995444955,-0.03207837255673342,0.05118489739771613,0.7530207827600077
1555.8955390199235,1,3.3969471193022898,6.414887803281718,0.49122095968988067,0.08333524517893309,-0.030855462375202973,0.05247978280373012,0.7470328564794574
1555.8955390199235,2,3.3969471193022898,6.644179974718086,0.5087790408218263,0.08325292282368046,-0.03211211590806038,0.051140806915620084,0.7539906275510365
1563.8955390199235,1,3.397916372105474,6.415681578284471,0.49128174312531825,0.08332361822248924,-0.030891954289303136,0.0524316639331861,0.7479219982824268
1563.8955390199235,2,3.397916372105474,6.643386199612796,0.5087182573785369,0.08324291321292954,-0.03214769330466369,0.05109521990826585,0.754960222788365
1571.8955390199235,1,3.3988813942441363,6.415825826275531,0.4912927889360596,0.08331233855205245,-0.030925863355380827,0.05238647519667162,0.7488107546319869
1571.8955390199235,2,3.3988813942441363,6.643241951441172,0.5087072115539689,0.08323322535153554,-0.032186455624177664,0.05104676972735788,0.7559300892323599
1579.8955390199235,1,3.3998391563761636,6.414984094702061,0.49122833321929554,0.08330140369818739,-0.03095567119783815,0.05234573250034924,0.7496985005414877
1579.8955390199235,2,3.3998391563761636,6.644083682765269,0.5087716672516372,0.08322384313026276,-0.03222989839212653,0.05099394473813623,0.7569008865885748
1587.8955390199235,1,3.400786608419786,6.412806867756937,0.49106161175163415,0.08329081197218269,-0.03097978546830089,0.052311026503881794,0.7505844920256017
1587.8955390199235,2,3.400786608419786,6.646260909396457,0.5089383886952589,0.08321475038494341,-0.03227958665683134,0.050935163728112076,0.7578733996126672
1595.8955390199235,1,3.401720630665445,6.408956913352568,0.49076680093727987,0.08328056200569822,-0.030996650776876283,0.052283911228821936,0.751467893570769
1595.8955390199235,2,3.401720630665445,6.6501108634288855,0.5092331994811318,0.0832059312706015,-0.03233704409155348,0.050868887179048014,0.7588485095366555
1603.8955390199235,1,3.402637909453083,6.403143877177887,0.4903216668529428,0.08327065215350427,-0.031004901999495436,0.05226575015400883,0.7523478244840978
1603.8955390199235,2,3.402637909453083,6.6559238991816345,0.5096783335331593,0.08319737074765943,-0.03240359989326306,0.05079377085439637,0.7598271453164241
1611.8955390199235,1,3.4035347467421344,6.395166870707389,0.489710826430779,0.08326107979521424,-0.031003555144166698,0.05225752465104755,0.753223424146544
1611.8955390199235,2,3.4035347467421344,6.663900905182946,0.5102891739193951,0.08318905514722896,-0.03248019874470946,0.0507088564025195,0.760810214600213
1619.8955390199235,1,3.4044068370777416,6.384960067305889,0.48892923898669527,0.08325184052527401,-0.030992215644136192,0.05225962488113782,0.7540939401103356
1619.8955390199235,2,3.4044068370777416,6.67410770807208,0.5110707613242443,0.08318097280954628,-0.0325671951357926,0.050613777673753683,0.7617985113366862
1627.8955390199235,1,3.405249083039797,6.372630842292169,0.48798512680122985,0.0832429274434121,-0.03097125728839701,0.0522716701550151,0.7549588214166549
1627.8955390199235,2,3.405249083039797,6.68643693253611,0.5120148734676172,0.08317311462989085,-0.03266417886388329,0.05050893576600756,0.7627926170357626
1635.8955390199235,1,3.406055533176554,6.358478153126154,0.48690138258503857,0.08323433068945274,-0.030941916755203226,0.052292413934249514,0.7558178016470094
1635.8955390199235,2,3.406055533176554,6.700589621128189,0.5130986176398592,0.08316547438021082,-0.032769886679004566,0.05039558770120626,0.76379281338612
1643.8955390199235,1,3.406819506298272,6.342982039904114,0.48571476547779946,0.08322603733880207,-0.030906261373636782,0.052319775965165294,0.7566709554422577
1643.8955390199235,2,3.406819506298272,6.716085733768102,0.5142852347025219,0.08315804871926247,-0.032882241157998135,0.05027580756126433,0.7647990228285942
1651.8955390199235,1,3.407533918428181,6.326762859705818,0.4844727794124603,0.08321803171871878,-0.030867020627316662,0.05235101109140211,0.7575187150091336
1651.8955390199235,2,3.407533918428181,6.732304913406702,0.5155272207250022,0.08315083685279223,-0.03299852412217861,0.05015231273061362,0.7658107911060509
1659.8955390199235,1,3.408191766335446,6.310518627465336,0.4832288749833738,0.08321029609906905,-0.03082731484860777,0.05238298125046128,0.7583618428019404
1659.8955390199235,2,3.408191766335446,6.748549145140701,0.5167711251153047,0.08314383989395768,-0.03311564883241062,0.050028191061547066,0.7668273159757139
1667.8955390199235,1,3.4087866485746785,6.294959366822231,0.4820374223532497,0.08320281162328591,-0.030790362962356817,0.05241244866092909,0.7592013670412302
1667.8955390199235,2,3.4087866485746785,6.7641084053559855,0.5179625777126684,0.08313706004692012,-0.03323044837721493,0.04990661166970519,0.7678475151946516
1675.8955390199235,1,3.409313233744521,6.280751186831189,0.4809494289191205,0.08319555921405541,-0.03075922687477906,0.05243633233927636,0.7600385048707237
1675.8955390199235,2,3.409313233744521,6.778316585014655,0.5190505711213461,0.08313049983704257,-0.03333992330072446,0.04979057653631811,0.7688701075741208
1683.8955390199235,1,3.409767598170156,6.268480443084102,0.4800097949450907,0.08318852033142132,-0.03073664056499659,0.052451879766424736,0.7608745872580729
1683.8955390199235,2,3.409767598170156,6.790587328526934,0.5199902050773955,0.08312416148950064,-0.033441402354566385,0.04968275913493425,0.7698936920063254
1691.8955390199235,1,3.410147399519108,6.258640591089318,0.4792563068579551,0.08318167751126282,-0.03072493876479281,0.052456738746470014,0.7617109967791565
1691.8955390199235,2,3.410147399519108,6.800427180371957,0.5207436931530631,0.08311804650857191,-0.03353260402168526,0.04958544248688665,0.7709168129222228
1699.8955390199235,1,3.410451905733431,6.251635404099052,0.4787198836527971,0.0831750146585204,-0.03072606051173158,0.052448954146788816,0.7625491257164523
1699.8955390199235,2,3.410451905733431,6.807432367277919,0.5212801163517655,0.08311215546903838,-0.03361162542660515,0.04950053004243323,0.7719380044949236
1707.8955390199235,1,3.4106819031717315,6.247792767479642,0.47842563319888265,0.08316851719380214,-0.03074160211179958,0.05242691508200256,0.7633903467346408
1707.8955390199235,2,3.4106819031717315,6.811275003857337,0.5215743668026176,0.08310648793580011,-0.03367688435941219,0.04942960357638792,0.7729558215890249
1715.8955390199235,1,3.410839530405857,6.247377267624482,0.47839381623748567,0.08316217205333931,-0.03077286911271794,0.05238930294062137,0.7642359992930041
1715.8955390199235,2,3.410839530405857,6.8116905036973785,0.5216061837628568,0.08310104250432993,-0.033727064936338924,0.049373977567991,0.7739688540954122
1723.8955390199235,1,3.4109280572213803,6.250596016531007,0.4786402923997118,0.08315596764859201,-0.030820900800482613,0.0523350668481094,0.7650873805319062
1723.8955390199235,2,3.4109280572213803,6.8084717547867655,0.5213597076003177,0.08309581687514722,-0.03376109232183083,0.04933472455331639,0.7749757364738163
1731.8955390199235,1,3.4109516068771586,6.25759598505273,0.47917631599988775,0.08314989387670835,-0.030886457293078942,0.052263436583629405,0.7659457284853166
1731.8955390199235,2,3.4109516068771586,6.801471786264572,0.5208236840001057,0.08309080789013379,-0.033778145655593714,0.049312662234540075,0.7759751654584824
1739.8955390199235,1,3.410914823574189,6.268451096226059,0.4800075477051991,0.08314394221090637,-0.030969960643876297,0.05217398156703008,0.7668121916240767
1739.8955390199235,2,3.410914823574189,6.790616675091363,0.5199924522948035,0.08308601150880612,-0.0337777179150999,0.049308293593706226,0.7769659321864754
1747.8955390199235,1,3.410822500156067,6.2831382528771815,0.4811322188462266,0.08313810587271142,-0.031071386326153156,0.05206671954655827,0.7676877815160856
1747.8955390199235,2,3.410822500156067,6.775929518440528,0.5188677811537982,0.083081422723005,-0.03375972746891696,0.04932169525408805,0.7779469720338924
1755.8955390199235,1,3.4106792183644883,6.301505354096248,0.4825386822738387,0.08313238002818846,-0.031190118679378324,0.05194226134881014,0.768573314195118
1755.8955390199235,2,3.4106792183644883,6.757562417224084,0.5174613177263867,0.08307703544892053,-0.033724668458923766,0.04935236698999677,0.7789174266736574
1763.8955390199235,1,3.410489034955624,6.323240317935848,0.48420304026785554,0.08312676200925306,-0.03132481037987001,0.05180195162938305,0.7694693379522973
1763.8955390199235,2,3.410489034955624,6.735827453391253,0.5157969597328882,0.08307284239566926,-0.033673761706416915,0.04939908068925234,0.7798767199566642
1771.8955390199235,1,3.410255294547869,6.347852299772981,0.4860877063304049,0.08312125146486249,-0.03147329636356087,0.05164795510130162,0.7703760609578866
1771.8955390199235,2,3.410255294547869,6.711215471566369,0.5139122936712769,0.08306883497281081,-0.03360905591645749,0.04945977905635332,0.7808246341150479
1779.8955390199235,1,3.4099806456765145,6.374675603173648,0.48814170466094275,0.08311585033747271,-0.031632609976135116,0.05148324036133759,0.7712932975245839
1779.8955390199235,2,3.4099806456765145,6.684392168186887,0.5118582953423613,0.08306500330912936,-0.03353342976700535,0.04953157354212401,0.7817613664174169
1787.8955390199235,1,3.4096672840246134,6.402900633395047,0.49030304042515344,0.0831105625979971,-0.031799121591166137,0.05131144100683096,0.7722204501274921
1787.8955390199235,2,3.4096672840246134,6.656167137996471,0.5096969595805232,0.0830613364306716,-0.03345047093564681,0.04961086549502478,0.7826875477963006
1795.8955390199235,1,3.4093173986845438,6.431628458142854,0.49250287775281504,0.08310539379524418,-0.031968784180479846,0.05113660961476433,0.7731565260959409
1795.8955390199235,2,3.4093173986845438,6.6274393132906075,0.5074971222560734,0.0830578225539993,-0.03336424408848784,0.04969357846551145,0.7836042257710121
1803.8955390199235,1,3.4089337025495348,6.459934524676655,0.49467041888434754,0.08310035043871,-0.03213742144410221,0.05096292899460779,0.7741001940785299
1803.8955390199235,2,3.4089337025495348,6.599133246810694,0.5053295811286672,0.08305444949332408,-0.03327900737014244,0.04977544212318164,0.7845128047344772
1811.8955390199235,1,3.408519902801738,6.486923811487971,0.49673712741851983,0.08309543935825481,-0.0323009783348304,0.05079446102342441,0.7750498615700301
1811.8955390199235,2,3.408519902801738,6.572143960062163,0.5032628725993027,0.08305120508240371,-0.0331989570780893,0.04985224800431441,0.785414963894614
1819.8955390199235,1,3.408081010826846,6.511767944830021,0.49863957051607516,0.08309066717102809,-0.032455690319256526,0.05063497685177156,0.7760037513182718
1819.8955390199235,2,3.408081010826846,6.547299826785736,0.5013604295067725,0.08304807752174348,-0.03312804686202869,0.04992003065971479,0.786312576830944
1827.8955390199235,1,3.4076234446982214,6.53372533068271,0.5003209605078567,0.08308603989756325,-0.03259817522343682,0.05048786467412643,0.7769599662272025
1827.8955390199235,2,3.4076234446982214,6.525342440991172,0.499679039519442,0.08304505562715647,-0.03306988087660259,0.04997517475055388,0.7872076432511742
1835.8955390199235,1,3.407154918698512,6.552152963852926,0.5017320591783674,0.08308156269261868,-0.03272548610231795,0.05035607659030073,0.7779165459148067
1835.8955390199235,2,3.407154918698512,6.506914807860611,0.49826794085196785,0.08304212900761687,-0.03302764462085193,0.050014484386764944,0.7881022294588711
1843.8955390199235,1,3.4066841414751177,6.566521472230512,0.5028323297818438,0.08307723962978031,-0.03283517685439206,0.05024206277538825,0.7788715250403885
1843.8955390199235,2,3.4066841414751177,6.492546299495444,0.4971676702494425,0.08303928821819895,-0.03300402238135477,0.05003526583684418,0.7889984065249372
1851.8955390199235,1,3.4062203627451137,6.576442376790639,0.5035920244808725,0.08307307348336312,-0.03292542136667919,0.050147652116683934,0.7798230053432963
1851.8955390199235,2,3.4062203627451137,6.482625394915231,0.49640797554887556,0.08303652492482438,-0.03300106048917834,0.05003546443564604,0.7898981746403904
1859.8955390199235,1,3.4057728187472716,6.5817089293400075,0.5039953115027024,0.08306906548640391,-0.03299519359011773,0.05007387189628618,0.780769247913902
1859.8955390199235,2,3.4057728187472716,6.47735884231791,0.4960046885233738,0.08303383209626602,-0.03301996928123935,0.05001386281502668,0.7908033660997155
1867.8955390199235,1,3.405350138787172,6.582342035353416,0.5040437916870841,0.08306521508369347,-0.0330444725876119,0.050020742496081565,0.781708783469321
1867.8955390199235,2,3.405350138787172,6.476725736237368,0.4959562083338512,0.08303120420583987,-0.03306090154753201,0.04997030265830786,0.7917155290683344
1875.8955390199235,1,3.404959785990453,6.578625354293912,0.5037591862983545,0.08306151973780995,-0.033074403387686024,0.04998711635012393,0.782640527068073
1875.8955390199235,2,3.404959785990453,6.480442417223999,0.49624081371700074,0.0830286373932756,-0.033122779966925496,0.0499058574263501,0.7926358066774561
1883.8955390199235,1,3.4046076025555574,6.571112846458876,0.5031839149262634,0.08305797486439115,-0.033087339694460906,0.04997063516993024,0.7835638748036956
1883.8955390199235,2,3.4046076025555574,6.4879549249922155,0.49681608508397507,0.08302612952364719,-0.033203250930613944,0.04982287859303324,0.7935648352608833
1891.8955390199235,1,3.4042975047369275,6.5605989500802355,0.5023788117931184,0.08305457395496241,-0.03308672365690107,0.04996785029806134,0.7844787592357773
1891.8955390199235,2,3.4042975047369275,6.49846882131793,0.4976211882130672,0.08302368009558858,-0.03329881106383809,0.04972486903175049,0.7945026861017406
1899.8955390199235,1,3.404031335969685,6.548053292910554,0.5014181262840626,0.08305130889759127,-0.03307680867729195,0.04997450022029932,0.7853856491495571
1899.8955390199235,2,3.404031335969685,6.511014478451092,0.4985818737193265,0.08302128999021097,-0.033405098755560955,0.04961619123465001,0.7954488657422575
1907.8955390199235,1,3.4038088622601657,6.534532627431212,0.5003827793729272,0.08304817045161794,-0.03306227872240128,0.049985891729216664,0.786285493376071
1907.8955390199235,2,3.4038088622601657,6.524535143907969,0.4996172206287417,0.08301896109599394,-0.03351729286519449,0.04950166823079945,0.7964023751654705
1915.8955390199235,1,3.403627896542923,6.521087316122397,0.49935320271827915,0.08304514879950187,-0.033047838756222574,0.04999731004327929,0.7871796207571461
1915.8955390199235,2,3.403627896542923,6.5379804552045355,0.5006467972824518,0.08301669587266503,-0.033630539138705354,0.04938615673395967,0.797361815189465
1923.8955390199235,1,3.403484557176787,6.508676661988197,0.49840285508615656,0.08304223409781475,-0.03303783856088327,0.05000439553693148,0.7880696136446146
1923.8955390199235,2,3.403484557176787,6.550391109332678,0.5015971449141106,0.08301449691869589,-0.03374033903985934,0.04927415787883655,0.7983255197480115
1930.7578148250575,1,3.4033876844268205,6.499467027549333,0.4976976259993536,0.08303981199047161,-0.03303561404601077,0.05000419794446084,0.7888310308143246
1930.7578148250575,2,3.4033876844268205,6.559600743768795,0.5023023740007031,0.08301266529451379,-0.033828854993905866,0.04918381030060792,0.7991542109224403
1937.6200906301915,1,3.4033109840029057,6.491989869294614,0.49712506152647895,0.08303745625768766,-0.033041168797156045,0.04999628746053161,0.7895917182578329
1937.6200906301915,2,3.4033109840029057,6.567077902023062,0.5028749384735431,0.0830108853388527,-0.03391013920229045,0.049100746136562255,0.7999836052550855
1944.4823664353255,1,3.4032506324165066,6.486488230495317,0.49670377274112004,0.08303516213804496,-0.03305569355094661,0.04997946858709835,0.7903526592337894
1944.4823664353255,2,3.4032506324165066,6.572579540821941,0.50329622725887,0.08300915779521745,-0.03398293104012485,0.0490262267550926,0.8008126675402877
1951.3446422404595,1,3.403203018430972,6.483051876463417,0.4964406334350015,0.08303292563990716,-0.033079697865579,0.04995322777432816,0.7911146957825671
1951.3446422404595,2,3.403203018430972,6.576015894853956,0.5035593665649974,0.08300748289766524,-0.03404666406164941,0.04896081883601583,0.8016405113998812
1958.2069180455935,1,3.4031650268519122,6.481608050408799,0.49633007224641584,0.08303074363184137,-0.03311295892503749,0.049917784706803886,0.791878469968731
1958.2069180455935,2,3.4031650268519122,6.57745972090878,0.5036699277535989,0.08300586031139723,-0.03410152082879173,0.048904339482605495,0.8024664611915434
1965.0691938507275,1,3.4031342551859107,6.481922680783848,0.4963541651128101,0.08302861388397798,-0.03315451704074799,0.049874096843229986,0.7926443753560587
1965.0691938507275,2,3.4031342551859107,6.57714509053345,0.503645834887183,0.08300428911006108,-0.03414844147846277,0.04885584763159831,0.8032901030769612
1971.5950828690716,1,3.4031102504932096,6.483507235851079,0.4964755026458545,0.08302663577609781,-0.03320024572338683,0.04982639005271098,0.7933748206571106
1971.5950828690716,2,3.4031102504932096,6.575560535466371,0.5035244973541503,0.0830028412373105,-0.034187193332262535,0.048815647905047964,0.8040711168949983
1978.1209718874156,1,3.403090722830757,6.485912523305802,0.4966596878799649,0.08302470321160538,-0.033250122324477153,0.049774580887128224,0.7941071562637122
1978.1209718874156,2,3.403090722830757,6.5731552480117,0.5033403121200439,0.08300143677686123,-0.03422215432445276,0.048779282452408465,0.8048500838346982
1984.6468609057597,1,3.4030756869540513,6.488650366428732,0.4968693386123811,0.08302281622884422,-0.03330196507954305,0.04972085114930117,0.7948410198014522
1984.6468609057597,2,3.4030756869540513,6.570417404888647,0.5031306613876182,0.08300007369628393,-0.03425555425703788,0.04874451943924605,0.8056273862339515
1991.1727499241038,1,3.403065697707325,6.49121140691755,0.49706545065756425,0.08302097524526264,-0.03335347032653882,0.04966750491872382,0.7955758623531181
1991.1727499241038,2,3.403065697707325,6.567856462674743,0.5029345568678508,0.08299874974978394,-0.034289764392896036,0.048708985356887904,0.8064036029749417
1997.6986389424478,1,3.403061719886875,6.493107744673186,0.49721066299498706,0.08301918088471716,-0.033402405562189284,0.049616775322527874,0.7963109977794266
1997.6986389424478,2,3.403061719886875,6.5659600422188324,0.5027893381976426,0.08299746260231267,-0.03432709725718084,0.048670365345131826,0.80717945714999
2004.2245279607919,1,3.403065001103239,6.493912761431596,0.49727230726948707,0.08301743380247117,-0.03344679181934221,0.049570641983128966,0.797045662704446
2004.2245279607919,2,3.403065001103239,6.565155020474329,0.5027276935413316,0.08299620995270907,-0.034369621533402686,0.04862658841930638,0.8079557534992426
2010.8906515035396,1,3.403077316529632,6.493260526889105,0.4972223623152291,0.0830156985421393,-0.033485790268398506,0.0495299082737408,0.7977948196709304
2010.8906515035396,2,3.403077316529632,6.5658072444283055,0.5027776376847727,0.08299496376101789,-0.03442015556846533,0.04857480819255256,0.8087500410619004
2017.5567750462874,1,3.4031002601301936,6.490882243563903,0.49704024492623555,0.08301401347082127,-0.03351722457662073,0.04949678889420054,0.7985418897094984
2017.5567750462874,2,3.4031002601301936,6.568185527753595,0.502959755073773,0.08299374926314762,-0.03447910068610995,0.04851464857703767,0.8095464718640977
2024.2228985890351,1,3.403135400375701,6.486664918112751,0.4967173026209345,0.08301237854166477,-0.03354048560930019,0.04947189293236458,0.7992861859127243
2024.2228985890351,2,3.403135400375701,6.572402853204487,0.5032826973790541,0.08299256471262506,-0.03454713607315888,0.04844542863946618,0.8103457697745541
2030.889022131783,1,3.403184217345809,6.480611318865589,0.4962537473845907,0.0830107933257862,-0.03355548542443428,0.04945530790135192,0.8000271520756386
2030.889022131783,2,3.403184217345809,6.578456452451972,0.5037462526154226,0.08299140868970234,-0.0346244006668672,0.04836700802283514,0.8111485209569103
2037.5551456745306,1,3.403248029687303,6.47281952716201,0.4956570898099442,0.0830092570268377,-0.03356257070589761,0.04944668632094009,0.8007643777599319
2037.5551456745306,2,3.403248029687303,6.586248244155537,0.504342910190068,0.0829902800880955,-0.03471057807340571,0.04827970201468979,0.8119551580136748
2044.2212692172784,1,3.403327924396388,6.463456440800098,0.49494011011997907,0.08300776853015357,-0.03356240762552547,0.0494453609046281,0.8014975966539728
2044.2212692172784,2,3.403327924396388,6.595611330517723,0.5050598898800541,0.08298917807677153,-0.03480501208237061,0.048184165994400924,0.8127659617401134
2051.2317110076033,1,3.403430160698621,6.45214362898872,0.4940738299222283,0.08300625322010724,-0.0335553678885139,0.04945088533159334,0.8022642171104948
2051.2317110076033,2,3.403430160698621,6.606924142329647,0.5059261700778467,0.08298804716521513,-0.034912270002793566,0.04807577716242156,0.8136232963679488
2058.242152797928,1,3.4035515706764086,6.439586228275784,0.4931122451496524,0.08300478747388418,-0.0335423837462874,0.049462403727596777,0.8030262278254129
2058.242152797928,2,3.4035515706764086,6.6194815430435305,0.5068877548504952,0.08298694448107025,-0.03502654834892662,0.047960396132143625,0.8144854277607059
2065.252594588253,1,3.4036922226510127,6.426044928717215,0.4920753181809211,0.0830033693710206,-0.03352457864141774,0.04947879072960286,0.8037837041374691
2065.252594588253,2,3.4036922226510127,6.633022842603846,0.5079246818193602,0.082985869652493,-0.03514667811888013,0.047839191533612865,0.815352276980043
2072.263036378578,1,3.4038517517246594,6.411763656449608,0.49098172769516113,0.08300199693854449,-0.03350301844374534,0.049498978494799145,0.8045367970415558
2072.263036378578,2,3.4038517517246594,6.6473041148733385,0.5090182723052645,0.08298482238951888,-0.03527153567298919,0.04771328671652968,0.816223685426796
2079.273478168903,1,3.4040294166819796,6.396960806336285,0.4898481973105623,0.08300066820766716,-0.03347867153076431,0.04952199667690285,0.8052857087791985
2079.273478168903,2,3.4040294166819796,6.662106964990049,0.5101518026901227,0.08298380244111847,-0.035400086961241015,0.047583715479877456,0.8170994405017027
2086.2839199592277,1,3.4042242012198467,6.381823169774371,0.4886890306053277,0.08299938125753314,-0.03345238026096937,0.04954700099656378,0.8060306712192907
2086.2839199592277,2,3.4042242012198467,6.677244601556087,0.5113109693956732,0.08298280956201598,-0.03553142054576709,0.04745138901624889,0.8179792984187778
2093.2057560317357,1,3.404432197135886,6.366693574006471,0.4875304796250556,0.08299814977186237,-0.03342518204105284,0.04957296773080953,0.8067625773724025
2093.2057560317357,2,3.404432197135886,6.692374197327851,0.5124695203762413,0.0829818555290931,-0.035663088992587716,0.04731876653650538,0.8188518149439175
2100.127592104244,1,3.404654693755143,6.351479574076986,0.48636546538392417,0.08299695557834941,-0.03339721597135124,0.049599739606998164,0.8074910811747722
2100.127592104244,2,3.404654693755143,6.707588197261794,0.513634534617714,0.08298092732099693,-0.03579621471438177,0.047184712606615165,0.8197278604950533
2107.049428176752,1,3.404890843397583,6.336220982800095,0.48519703655392715,0.082995797179648,-0.03336868727171469,0.04962710990793331,0.8082163521851216
2107.049428176752,2,3.404890843397583,6.722846788544182,0.5148029634481318,0.08298002456287534,-0.03593053850565783,0.04704948605721751,0.8206072569227114
2113.97126424926,1,3.4051401963570807,6.320887595511197,0.4840228802085121,0.0829946732662572,-0.03333948000656266,0.049655193259694544,0.8089384835876443
2113.97126424926,2,3.4051401963570807,6.738180175840154,0.5159771197940887,0.08297914678562446,-0.03606613055091897,0.046913016234705486,0.8214899065575476
2120.893100321768,1,3.405402847919397,6.305369232163031,0.4828345592946525,0.0829935827465631,-0.03330910264486679,0.04968448010169631,0.8096574597770576
2120.893100321768,2,3.405402847919397,6.753698539195827,0.5171654407085231,0.08297829340753893,-0.03620344454093643,0.0467748488666025,0.8223758263436418
2127.814936394276,1,3.4056795277873064,6.289472501405064,0.48161726484176043,0.08299252476458996,-0.033276664035193006,0.04971586072939695,0.8103731283417938
2127.814936394276,2,3.4056795277873064,6.769595269963029,0.5183827351621223,0.0829774637252445,-0.03634334000966869,0.04663412371557581,0.8232651773384819
2134.679330815254,1,3.4059691210543326,6.273067912522287,0.4803610810796386,0.08299150708435032,-0.0332412085877207,0.049750298496629625,0.8110792888564814
2134.679330815254,2,3.4059691210543326,6.78599985885586,0.519638918925014,0.08297666352123656,-0.03648584666916176,0.0464908168520748,0.8241508556378458
2141.543725236232,1,3.4062757733076925,6.255702562865348,0.4790313269225249,0.08299052039557697,-0.03320093529364202,0.04978958510193495,0.8117814396705283
2141.543725236232,2,3.4062757733076925,6.803365208527692,0.5209686730832682,0.08297588491572494,-0.03663362799367329,0.04634225692205165,0.825040706551667
2148.40811965721,1,3.4066018307132353,6.23701723074353,0.4776004949175897,0.0829895644694787,-0.03315410140187591,0.04983546306760278,0.8124789819649401
2148.40811965721,2,3.4066018307132353,6.822050540670333,0.5223995050897979,0.08297512694246745,-0.03678839654391081,0.046186730398556634,0.8259353613919275
2155.272514078188,1,3.406949914347871,6.216642067438869,0.4760402638458579,0.08298863919629351,-0.03309888134376915,0.04988975785252436,0.8131711948758588
2155.272514078188,2,3.406949914347871,6.842425704003029,0.5239597361636764,0.08297438860283624,-0.036951941776141826,0.04602244682669441,0.8268355800128206
2162.136908499166,1,3.4073227457238078,6.194221660668652,0.4743234179604678,0.08298774453087088,-0.03303348461768926,0.049954259913181615,0.8138572661918425
2162.136908499166,2,3.4073227457238078,6.864846110811319,0.5256765820519821,0.08297366890359203,-0.03712600999409954,0.045847658909492495,0.8277422184204589
2169.001302920144,1,3.407722978089184,6.169436876059727,0.47242551950072004,0.08298688043977176,-0.03295626129345058,0.05003061914632118,0.8145363278049823
2169.001302920144,2,3.407722978089184,6.889630895472149,0.5275744805157044,0.08297296689243172,-0.03731219782795062,0.0456607690644811,0.8286561915157038
2175.855993367538,1,3.4081524096608407,6.142063501605994,0.4703293993998768,0.08298604801061771,-0.03286592942517422,0.05012011858544349,0.8152065502194055
2175.855993367538,2,3.4081524096608407,6.917004269993833,0.5296706006217511,0.08297228264607082,-0.0375115707804447,0.04546071186562611,0.8295771237776141
2182.7106838149316,1,3.408613633473035,6.111873138994875,0.46801756802417716,0.08298524585445577,-0.03276128074471902,0.05022396510973675,0.815868034993359
2182.7106838149316,2,3.408613633473035,6.94719463269486,0.5319824320043354,0.08297161438004874,-0.03772542292502197,0.04524619145502677,0.830507212036146
2189.5653742623253,1,3.4091081828403227,6.078752352615113,0.46548133902531186,0.08298447371311468,-0.03264158392767005,0.050342889785444635,0.8165199764172743
2189.5653742623253,2,3.4091081828403227,6.9803154191900685,0.534518661012041,0.08297096143189542,-0.037954415476758756,0.04501654595513666,0.8314473054877072
2196.420064709719,1,3.40963693809185,6.042681234559786,0.46271918795243416,0.08298373118514668,-0.03250655155615684,0.05047717962898984,0.8171616659894394
2196.420064709719,2,3.40963693809185,7.016386537389933,0.5372808120959867,0.08297032327221832,-0.03819877013709743,0.044771553135120885,0.832398150915573
2203.274755157113,1,3.4102000072647063,6.0037426980609085,0.4597374638982562,0.08298301770048955,-0.032356397086915706,0.05062662061357384,0.8177925311234971
2203.274755157113,2,3.4102000072647063,7.055325074061449,0.5402625361633845,0.0829696995151048,-0.03845822050029789,0.04451147901480691,0.8333603519593162
2210.1294456045066,1,3.410796664558134,5.962124578425294,0.456550550378516,0.08298233250534359,-0.03219185836668085,0.05079047413866274,0.8184121681636187
2210.1294456045066,2,3.410796664558134,7.096943193897077,0.5434494496984407,0.08296908992036922,-0.038731997719127616,0.044237092201241605,0.834334334344433
2216.7868576802357,1,3.411406882978989,5.919403638679036,0.45327918824958296,0.08298169322632276,-0.032019431064608236,0.050962262161714525,0.8190030165396381
2216.7868576802357,2,3.411406882978989,7.13966413372554,0.5467208118336686,0.08296851132593641,-0.039010462923595855,0.043958048402340556,0.8352917821221889
2223.444269755965,1,3.4120455214641465,5.874721865002481,0.44985767497934076,0.08298107876783156,-0.031835949881548815,0.05114512888628275,0.8195830240510027
2223.444269755965,2,3.4120455214641465,7.184345907604329,0.550142325119397,0.082967945988214,-0.03929995222883676,0.04366799375937724,0.8362606069625823
2230.101681831694,1,3.412710720375835,5.828363351823124,0.4463077651395911,0.08298048809105651,-0.03164272976718779,0.05133775832386873,0.8201522443787201
2230.101681831694,2,3.412710720375835,7.230704420994384,0.5536922349752809,0.08296739394840813,-0.0395991940418788,0.04336819990652933,0.8372407528441923
2236.759093907423,1,3.41340131206474,5.780493382380145,0.44264211531823716,0.08297992022252743,-0.03144053247062847,0.05153938775189896,0.8207107174727876
2236.759093907423,2,3.41340131206474,7.278574390658997,0.5573578848136065,0.08296685521894887,-0.03990746148329359,0.043059393735655274,0.8382321783007366
2243.416505983152,1,3.414117730882033,5.731032168156266,0.43885461569804873,0.0829793744189109,-0.031228924754437136,0.051750449664473765,0.8212582984098127
2243.416505983152,2,3.414117730882033,7.328035605130141,0.5611453844527292,0.08296632969294215,-0.04022516917934884,0.042741160513593314,0.8392350367450784
2250.073918058881,1,3.414863007863543,5.679520845536133,0.4349101287314315,0.08297885036027974,-0.031005579609036438,0.051973270751243306,0.8217944370930645
2250.073918058881,2,3.414863007863543,7.379546928057079,0.5650898714428401,0.08296581704802275,-0.040554508897708196,0.042411308150314554,0.8402499085908257
2256.1038535468256,1,3.415568321946237,5.630310200322363,0.4311418164693682,0.08297839469428592,-0.030789165260229352,0.052189229434056565,0.8222691844244454
2256.1038535468256,2,3.415568321946237,7.428757572799354,0.5688581836687985,0.08296536332646642,-0.04086656758555445,0.04209879574091197,0.8411805319191554
2262.13378903477,1,3.4163103501592884,5.577541381555854,0.4271010365537904,0.08297795786397177,-0.030553538097349908,0.05242441976662186,0.8227320709091754
2262.13378903477,2,3.4163103501592884,7.48152639194277,0.5728989636132381,0.08296491895863856,-0.041197052470473255,0.0417678664881653,0.8421236189218438
2268.1637245227143,1,3.4170997119201307,5.519733981681145,0.4226744265624038,0.08297754121341683,-0.030291032728557658,0.052686508484859174,0.8231808972963272
2268.1637245227143,2,3.4170997119201307,7.539333792390718,0.5773255736485207,0.08296448299522474,-0.04155296047354681,0.04141152252167793,0.8430814877703953
2274.1936600106587,1,3.417949763894368,5.455066695264372,0.417722519768658,0.08297714667982259,-0.029992101841869435,0.05298504483795315,0.823612707982242
2274.1936600106587,2,3.417949763894368,7.604001079701323,0.5822774805107117,0.0829640542716561,-0.04194288626299129,0.04102116800866481,0.8440572537694755
2280.223595498603,1,3.41887621726968,5.381448087521061,0.4120851642519798,0.08297677676566995,-0.029645617235431188,0.05333115953023876,0.8240237811041866
2280.223595498603,2,3.41887621726968,7.677619688858101,0.5879148361356263,0.0829636314587292,-0.04237666847851702,0.040586962980212186,0.8450548398439096
2286.2535309865475,1,3.4198965665451033,5.296611804782405,0.4055888136529739,0.08297643447576686,-0.02923929588018723,0.05373713859557963,0.8244096701341858
2286.2535309865475,2,3.4198965665451033,7.762455973846231,0.594411186906886,0.08296321313414623,-0.04286490684982702,0.04009830628431921,0.8460789327942138
2292.1589359379263,1,3.421004717468204,5.200412924530547,0.39822237050891224,0.08297612931672216,-0.028770934817352885,0.05420519449936927,0.8247582934983697
2292.1589359379263,2,3.421004717468204,7.858654856760961,0.6017776302548575,0.08296280642366405,-0.04340622532370753,0.039556581099956516,0.8471127187545446
2298.064340889305,1,3.422238382701911,5.089092331680299,0.38969798003942174,0.08297585741726543,-0.02822062565305942,0.054755231764206005,0.8250726630068542
2298.064340889305,2,3.422238382701911,7.969975454623215,0.6103020211081431,0.08296240139019417,-0.04401981525160375,0.038942586138590425,0.8481825738035693
2303.969745840684,1,3.4236145390605888,4.960711731585659,0.3798672170521423,0.08297562242004819,-0.027576827231241236,0.05539879518880696,0.8253472732975096
2303.969745840684,2,3.4236145390605888,8.098356062377187,0.6201327846819369,0.0829619969545492,-0.04471427402001165,0.03824772293453755,0.849294302010043
2309.875150792063,1,3.425148536629144,4.813662679043671,0.36860691462343737,0.08297542798689062,-0.026829353933686205,0.05614607405320441,0.8255765602864272
2309.875150792063,2,3.425148536629144,8.245405126316125,0.631393087983365,0.08296159230923372,-0.045496407732404785,0.03746518457682894,0.8504537701156224
2315.7805557434417,1,3.4268532609514746,4.646788931278054,0.3558285332957798,0.08297527766469681,-0.025970065465442997,0.057005212199253814,0.8257551407406131
2315.7805557434417,2,3.4268532609514746,8.412278890478454,0.6441714705666032,0.08296118699889554,-0.046370645547245175,0.03659054145165037,0.8516666552979886
2321.6859606948206,1,3.428738751335541,4.459440874225905,0.34148232877851437,0.08297517479140559,-0.024993256603784618,0.057981918187620975,0.8258780204459267
2321.6859606948206,2,3.428738751335541,8.599626970269021,0.6585176768250662,0.08296078096716641,-0.04733880076791738,0.03562198019924903,0.8529382260112548
2326.1957041262667,1,3.430305152388526,4.302440461546681,0.3294599995105665,0.0829751301280659,-0.024165943610866488,0.05880918651719941,0.8259315401568048
2326.1957041262667,2,3.430305152388526,8.756627343934952,0.6705400031055655,0.08296047060537504,-0.04814116674790879,0.03481930385746625,0.8539517627974303
2330.705447557713,1,3.4319843557607914,4.133383116046515,0.3165144088711275,0.08297511631322863,-0.023267053612555134,0.05970806270067349,0.8259481153518278
2330.705447557713,2,3.4319843557607914,8.925684699266132,0.6834855944978159,0.08296016029320974,-0.048997291510927764,0.033962868782281976,0.8550042324715159
2335.215190989159,1,3.433779407314805,3.9522894974670777,0.3026471388828985,0.08297513473574014,-0.02229569683119688,0.06067943790454326,0.8259260140265492
2335.215190989159,2,3.433779407314805,9.106778329846271,0.6973528654050003,0.0829598503941158,-0.04990628433331571,0.03305356606080009,0.8560974644472571
2339.724934420605,1,3.4356939673780427,3.7591237499230545,0.287855443876285,0.08297518689781125,-0.021250740783728028,0.06172444611408322,0.8258635312611583
2339.724934420605,2,3.4356939673780427,9.299944092017304,0.7121445615316792,0.08295954132500505,-0.05086743330339356,0.03209210802161149,0.8572332602875835
2344.2346778520514,1,3.437732621873148,3.5537562821101316,0.2721294003784492,0.08297527448653153,-0.020130617907608884,0.06284465657892264,0.8257589288229659
2344.2346778520514,2,3.437732621873148,9.505311577732359,0.7278706064003734,0.08295923353398127,-0.051880365694343296,0.031078867839637973,0.8584134573987426
2348.7444212834976,1,3.439900896860543,3.335976543221148,0.25545288543093436,0.08297539941885468,-0.018933402769646175,0.06404199664920851,0.8256104100726452
2348.7444212834976,2,3.439900896860543,9.723091338647963,0.7445471230345798,0.08295892749104095,-0.052944988081184356,0.03001393940985659,0.8596399554642837
2352.7385455272833,1,3.4419343933150985,3.1325581488966034,0.2398760925168699,0.08297554296750675,-0.017807206017939423,0.06516833694956733,0.8254407389288251
2352.7385455272833,2,3.4419343933150985,9.926509706397173,0.7601239139136342,0.08295865829898208,-0.053930943841373494,0.029027714457608586,0.8607664312384229
2356.732669771069,1,3.4440784531531996,2.91917656825865,0.22353636717241465,0.08297571907705326,-0.01661840874022862,0.06635731033682464,0.8252339928645473
2356.732669771069,2,3.4440784531531996,10.13989130492041,0.7764636406276576,0.08295839125048499,-0.05495682536453974,0.028001565885945247,0.8619320046919945
2360.726794014855,1,3.4463363257475543,2.695993060592464,0.2064460578506129,0.0829759293332959,-0.01536768729158031,0.06760824204171559,0.82498916590703
2360.726794014855,2,3.4463363257475543,10.363074833932092,0.7935539515839939,0.08295812678326353,-0.05602120402161429,0.02693692276164924,0.863137741555459
2364.7209182586407,1,3.4487094109954315,2.4635641351007846,0.18864777932401083,0.08297617515585376,-0.014058125389740116,0.06891804976611364,0.824705644364967
2364.7209182586407,2,3.4487094109954315,10.595503636216737,0.8113522206759994,0.08295786542103656,-0.05712107096891881,0.02583679445211775,0.8643842939514668
2368.7150425024265,1,3.4511959698436856,2.223069389229544,0.17023185943733582,0.08297645754904526,-0.012696581859848472,0.07027987568919679,0.82438348816206
2368.7150425024265,2,3.4511959698436856,10.83599838208776,0.8297681405626578,0.08295760780851502,-0.05825101356957167,0.02470659423894335,0.865671604141512
2372.7091667462123,1,3.453789569046991,1.9765822768859522,0.15135707322288874,0.08297677675082493,-0.011295313229416118,0.07168146352140882,0.8240237977240634
2372.7091667462123,2,3.453789569046991,11.082485494431303,0.8486429267771012,0.08295735474774446,-0.05940227510665709,0.02355507964108737,0.8669985167480981
2378.0100153693206,1,3.4573744288905353,1.645887572104814,0.1260340784600108,0.08297725529497146,-0.009408113689949864,0.07356914160502159,0.8234931573779336
2378.0100153693206,2,3.4573744288905353,11.413180199212633,0.8739659215399938,0.08295702764928414,-0.06094038878010723,0.022016638869176916,0.8688157625740482
2383.310863992429,1,3.4610743697498143,1.321809168765742,0.10121772793529189,0.0829777896020687,-0.007553156038157887,0.07542463356391081,0.8229124525557299
2383.310863992429,2,3.4610743697498143,11.737258602551757,0.8987822720647166,0.08295671315544517,-0.062449300529564974,0.020507412625880198,0.8706858532358879
2388.6117126155373,1,3.464816831564125,1.0196725318105537,0.07808157133927562,0.08297836565341843,-0.005821339292918224,0.0771570263605002,0.822299718789385
2388.6117126155373,2,3.464816831564125,12.039395239506742,0.9219184286607174,0.08295641450433244,-0.06387243390514598,0.019083980599186465,0.8725897641472127
2393.9125612386456,1,3.4685218332765193,0.7560953661301899,0.05789811182317769,0.08297896282408423,-0.004310550829308803,0.07866841199477544,0.8216785040781561
2393.9125612386456,2,3.4685218332765193,12.30297240518745,0.9421018881768417,0.08295613485829545,-0.06515022654427906,0.01780590831401639,0.874502653066441
2399.213409861754,1,3.47213103952077,0.5439688878592758,0.04165449612368469,0.08297955735125662,-0.003095957117072977,0.07988360023418364,0.8210735634049757
2399.213409861754,2,3.47213103952077,12.515098883457654,0.9583455038762803,0.08295587654742764,-0.06623769519472546,0.016718181352702186,0.8763984009663511
2403.532785386357,1,3.4749963601500826,0.41219479153587296,0.03156387567274958,0.08298002501100044,-0.0023425560495014186,0.08063746896149902,0.8206068134075823
2403.532785386357,2,3.4749963601500826,12.646872979783167,0.9684361243273769,0.08295568247808394,-0.06697307939420316,0.015982603083880775,0.877915537043323
2407.85216091096,1,3.47782327116535,0.3149364942474603,0.02411630751615969,0.08298046899283928,-0.0017872625752102427,0.08119320641762905,0.8201708451040588
2407.85216091096,2,3.47782327116535,12.744131277070055,0.9758836924838501,0.08295550281919972,-0.0675819301155555,0.015373572703644228,0.8794002087172723
2412.1715364355628,1,3.480665069475992,0.24699155250543262,0.01891341379266893,0.08298088527090375,-0.0013997853513692423,0.08158109991953451,0.8197682095808566
2412.1715364355628,2,3.480665069475992,12.81207621881205,0.9810865862073384,0.0829553366859157,-0.06808284273708694,0.014872493948828766,0.8808497203785982
2416.4909119601657,1,3.48359366933401,0.20193140912000815,0.015462926807342656,0.08298127293134172,-0.0011429984706941415,0.08183827446064758,0.8193984340204351
2416.4909119601657,2,3.48359366933401,12.857136362197467,0.984537073192664,0.08295518290180404,-0.06849865343746636,0.014456529464337675,0.8822645698360868
2420.8102874847687,1,3.486695435387799,0.17339593760003172,0.013277818955873271,0.08298163317330332,-0.000980381240599107,0.0820012519327042,0.8190591713660379
2420.8102874847687,2,3.486695435387799,12.885671833717364,0.9867221810441273,0.08295504020625266,-0.06885200740477525,0.014103032801477414,0.883647231970052
2425.1296630093716,1,3.4900699723824657,0.15596543683617012,0.011943075843340728,0.08298196837747529,-0.0008809445849174001,0.08210102379255789,0.8187471682078713
2425.1296630093716,2,3.4900699723824657,12.903102334481087,0.9880569241566493,0.08295490738840083,-0.06916237625350008,0.013792531134900754,0.8850011388102524
2428.5422343605583,1,3.4930043995801867,0.14729362745832103,0.011279030788233835,0.08298221737622669,-0.0008313655078711766,0.08215085186835551,0.8185176516128565
2428.5422343605583,2,3.4930043995801867,12.911774143859185,0.9887209692117752,0.08295480871659056,-0.069387229969857,0.01356757874673356,0.8860528904304893
2431.954805711745,1,3.496249115028903,0.14140035194034792,0.010827752364599572,0.08298245400333215,-0.0007975752694481643,0.08218487873388398,0.8183012821023088
2431.954805711745,2,3.496249115028903,12.91766741937698,0.9891722476353958,0.082954715047725,-0.06960051395650352,0.013354201091221485,0.887090771662956
2435.3673770629316,1,3.4998885020605925,0.1370918288390138,0.010497826586069098,0.08298267969608819,-0.000772802152835084,0.08220987754325311,0.8180964691825885
2435.3673770629316,2,3.4998885020605925,12.921975942478227,0.9895021734139197,0.08295462595651237,-0.069806763261704,0.013147862694808374,0.8881164595762366
2438.7799484141183,1,3.504036087318064,0.13353308096330577,0.010225314953690225,0.08298289575936568,-0.000752316939475452,0.08223057881989022,0.8179017992791042
2438.7799484141183,2,3.504036087318064,12.925534690354263,0.9897746850463237,0.08295454107164879,-0.07000925279555428,0.012945288276094508,0.8891314444051301
2442.192519765305,1,3.508863860444355,0.1303163637825279,0.009978994371156532,0.08298310321851865,-0.0007338095349523554,0.08224929368356629,0.8177161562156334
2442.192519765305,2,3.508863860444355,12.92875140753488,0.9900210056288451,0.08295446007939411,-0.07020972619546755,0.012744733883926565,0.8901369024800257
2445.6050911164916,1,3.514670010883349,0.12757090622015035,0.009768760561940258,0.08298330261145015,-0.0007179988905959822,0.08226530372085417,0.8175388922438911
2445.6050911164916,2,3.514670010883349,12.931496865097547,0.9902312394380834,0.08295438272982913,-0.07040796098434231,0.012546421745486827,0.8911335156307708
2448.0995333839455,1,3.5198489681566256,0.126215337796381,0.00966495771417905,0.08298344323914275,-0.0007101303786561866,0.08227331286048656,0.8174145480149896
2448.0995333839455,2,3.5198489681566256,12.932852433521203,0.990335042285836,0.08295432838464123,-0.07055027172834104,0.012404056656300191,0.8918564767876618
2450.5939756513994,1,3.5262759687229024,0.12566892101630656,0.009623115770355573,0.08298357942653833,-0.000706829941168946,0.0822767494853694,0.8172946577798635
2450.5939756513994,2,3.5262759687229024,12.933398850301831,0.9903768842297018,0.08295427581979187,-0.07068949499810102,0.012264780821690843,0.8925747341707136
2453.0884179188533,1,3.5347554294061263,0.12562439283270277,0.009619706018267327,0.08298371145856809,-0.0007063646218025938,0.08227734683676549,0.8171789172013617
2453.0884179188533,2,3.5347554294061263,12.933443378492655,0.990380293982343,0.08295422494764182,-0.07082676230907518,0.012127462638566636,0.8932886136526053
2455.5828601863072,1,3.5469898004772786,0.1239899205112493,0.009494546064274027,0.08298384121872893,-0.0006969707153019075,0.08228687050342702,0.8170656357219425
2455.5828601863072,2,3.5469898004772786,12.935077850987621,0.9905054539496231,0.08295417558559226,-0.07096973340146964,0.011984442184122618,0.8939998998333825
2456.830081320034,1,3.5556730049270198,0.1203855065642843,0.009218537545895585,0.08298390721176307,-0.000676611680341117,0.08230729553142196,0.8170081999425737
2456.830081320034,2,3.5556730049270198,12.938682264767717,0.9907814624552235,0.08295415133240525,-0.07105139299098874,0.011902758341416506,0.8943563936168782
2458.0773024537607,1,3.5674907358138905,0.1116170972921567,0.008547095339937643,0.0829839769791727,-0.000627236377171994,0.08235674060200071,0.8169476079513922
2458.0773024537607,2,3.5674907358138905,12.947450674214958,0.9914529046745907,0.0829541271759151,-0.07115197926495034,0.011802147910964761,0.8947162276977244
2458.3891077371927,1,3.571263210715575,0.0983824055340726,0.007533646907795155,0.08298400307997422,-0.0005528364012669505,0.08243116667870727,0.8169249736771692
2458.3891077371927,2,3.571263210715575,12.960685365783057,0.9924663530921851,0.08295412066092922,-0.07121732594326642,0.011736794717662799,0.894814104958908
2458.7009130206247,1,3.5754703222361983,0.08213144004412921,0.006289226879159068,0.08298403186233827,-0.00046149284729533077,0.08252253901504294,0.8169000353291375
2458.7009130206247,2,3.5754703222361983,12.976936331273219,0.9937107731208379,0.08295411400832808,-0.07129370693082662,0.011660407077501461,0.8949144187746
2459.0127183040568,1,3.580162001134509,0.06823666859509381,0.005225232749382551,0.08298405926201546,-0.00038339786417653394,0.08260066139783893,0.8168763157670259
2459.0127183040568,2,3.580162001134509,12.990831102722531,0.9947747672506356,0.08295410746567988,-0.0713616312986529,0.01159247616702698,0.8950134410823317
2459.324523587489,1,3.585458242882671,0.05653964165697773,0.004329531222830469,0.0829840853118311,-0.0003176592524203336,0.08266642605941077,0.8168537835110073
2459.324523587489,2,3.585458242882671,13.002528129660998,0.9956704687772145,0.08295410102972944,-0.07142166432021421,0.011532436709515231,0.8951112057192862
2459.636328870921,1,3.591537752071717,0.04534027360141706,0.003471937997059891,0.082984111222558,-0.00025472339183439885,0.0827293878307236,0.8168313896586925
2459.636328870921,2,3.591537752071717,13.013727497718008,0.9965280620030962,0.0829540946267846,-0.07147995031104247,0.011474144315742132,0.8952088231219922
2459.948134154353,1,3.5986504507753794,0.03382941407649012,0.002590492267050808,0.08298413760505774,-0.0001900442158587207,0.08279409338919902,0.8168086065833938
2459.948134154353,2,3.5986504507753794,13.025238357248451,0.9974095077335277,0.0829540882201858,-0.07153941859871109,0.011414669621474707,0.8953068523355406
2460.0742540139154,1,3.6018985576416425,0.029304044373672143,0.002243961428704338,0.08298414825234524,-0.00016461814975429534,0.08281953010259094,0.816799417212746
2460.0742540139154,2,3.6018985576416425,13.029763726943724,0.9977560385712964,0.08295408563727236,-0.0715630178791931,0.011391067758079257,0.8953464755970099
2460.200373873478,1,3.6054068430039385,0.02497361608657541,0.0019123582574115162,0.08298415879314813,-0.00014028833602229722,0.08284387045712584,0.8167903227379286
2460.200373873478,2,3.6054068430039385,13.034094155230928,0.9980876417425973,0.08295408306472929,-0.07158592187346628,0.011368161191263007,0.8953859979128247
2460.3264937330405,1,3.609217398216911,0.020821797825439692,0.001594432174643597,0.08298416923472285,-0.00011696295993959196,0.08286720627478325,0.8167813168070713
2460.3264937330405,2,3.609217398216911,13.038245973491996,0.9984055678253602,0.0829540805020672,-0.07160818863093153,0.011345891871135674,0.8954254262811118
2460.452613592603,1,3.6133830263999154,0.016861187337120973,0.0012911478546848854,0.08298417956300419,-9.471271834621808e-05,0.08288946684465798,0.8167724114604985
2460.452613592603,2,3.6133830263999154,13.042206583980308,0.9987088521453182,0.0829540779500686,-0.07162977175502654,0.011324306195042058,0.8954647481518877
2460.5787334521656,1,3.617971098346361,0.013171768890660296,0.0010086301044849803,0.08298418971326527,-7.398681964341815e-05,0.08291020289362185,0.8167636623858724
2460.5787334521656,2,3.617971098346361,13.04589600242707,0.9989913698955412,0.08295407541251443,-0.07165038140419451,0.011303694008319917,0.8955039045773553
2461.010250504916,1,3.638377697430509,0.0033958419420776482,0.00026003708699147665,0.08298422240978809,-1.9073272509598107e-05,0.0829651491372785,0.8167354981343251
2461.010250504916,2,3.638377697430509,13.055671979700588,0.999739966766674,0.08295406687903828,-0.07171064073591604,0.011243426143122237,0.8956360028078547
2461.163513253536,1,3.648434613503825,0.001840569069095263,0.0001409418421993217,0.08298423258100218,-1.0337592322081726e-05,0.0829738949886801,0.8167267426302197
2461.163513253536,2,3.648434613503825,13.057227202417556,0.999859058170762,0.08295406394323912,-0.07172512232009683,0.011228941623142294,0.8956815995023572
2461.1846166366267,1,3.6500000003312834,0.001683148830112383,0.00012888736467155868,0.08298423393797716,-9.453407846371695e-06,0.08297478053013078,0.8167255747381155
2461.1846166366267,2,3.6500000003312834,13.05738466506976,0.9998711158960883,0.08295406354194768,-0.07172691154957352,0.01122715199237416,0.8956878380710492
