t_s,V,I1,I2,Iapp
0.0,3.3627202960627876,12.363764576957275,12.4635757638284,24.827340340785675
0.08036302683567179,3.362722690123261,12.363819917399129,12.463520423386546,24.827340340785675
0.8839932951923896,3.3627467166396086,12.36437762344718,12.462962717338495,24.827340340785675
2.1439932951923897,3.362784703229215,12.36526787461289,12.462072466172785,24.827340340785675
3.4039932951923895,3.3628230779290402,12.366177624903207,12.461162715882468,24.827340340785675
4.663993295192389,3.3628618435979316,12.36710706280397,12.460233277981704,24.827340340785675
5.923993295192389,3.362901003102023,12.368056376711714,12.459283964073961,24.827340340785675
7.183993295192389,3.36294055931438,12.369025754877228,12.458314585908447,24.827340340785675
8.443993295192389,3.3629805151146073,12.370015385346315,12.45732495543936,24.827340340785675
9.703993295192388,3.363020873388468,12.371025455901247,12.456314884884428,24.827340340785675
10.963993295192388,3.363061637027475,12.372056153998594,12.45528418678708,24.827340340785675
12.223993295192388,3.363102808928475,12.373107666706112,12.454232674079563,24.827340340785675
13.483993295192388,3.363144391993225,12.374180180638554,12.453160160147121,24.827340340785675
14.743993295192388,3.36318638912795,12.375273881890228,12.452066458895446,24.827340340785675
16.003993295192387,3.363228803242893,12.376388955968448,12.450951384817227,24.827340340785675
17.26399329519239,3.3632716372518416,12.377525587720907,12.449814753064768,24.827340340785675
18.52399329519239,3.3633148940716584,12.378683961267345,12.44865637951833,24.827340340785675
19.783993295192392,3.3633585766217777,12.379864259923176,12.447476080862499,24.827340340785675
21.043993295192394,3.363402687823712,12.38106666612567,12.446273674660004,24.827340340785675
22.303993295192395,3.363447230600523,12.382291361357018,12.445048979428657,24.827340340785675
23.563993295192397,3.3634922078762868,12.3835385260645,12.443801814721175,24.827340340785675
24.8239932951924,3.363537622575555,12.38480833958055,12.442532001205125,24.827340340785675
26.0839932951924,3.363583477622782,12.386100980039933,12.441239360745742,24.827340340785675
27.3439932951924,3.3636297759417517,12.387416624293937,12.439923716491737,24.827340340785675
28.603993295192403,3.3636765204549883,12.388755447826545,12.43858489295913,24.827340340785675
29.863993295192405,3.363723714083144,12.390117624663446,12.437222716122228,24.827340340785675
31.123993295192406,3.3637713597443795,12.391503327283637,12.435837013502038,24.827340340785675
32.383993295192404,3.363819460353727,12.392912726525397,12.434427614260278,24.827340340785675
33.6439932951924,3.3638680188224344,12.394345991493568,12.432994349292107,24.827340340785675
34.9039932951924,3.363917038057297,12.395803289462933,12.431537051322742,24.827340340785675
36.1639932951924,3.3639665209599747,12.397284785779275,12.4300555550064,24.827340340785675
37.423993295192396,3.3640164704262854,12.398790643760305,12.42854969702537,24.827340340785675
38.683993295192394,3.3640668893454895,12.40032102459208,12.427019316193595,24.827340340785675
39.94399329519239,3.3641177805995612,12.401876087226375,12.4254642535593,24.827340340785675
41.20399329519239,3.364169147062425,12.403455988272642,12.423884352513033,24.827340340785675
42.46399329519239,3.3642209915991987,12.405060881890813,12.422279458894861,24.827340340785675
43.723993295192386,3.3642733170654013,12.40669091968103,12.420649421104645,24.827340340785675
44.983993295192384,3.3643261263061537,12.408346250569807,12.418994090215868,24.827340340785675
46.24399329519238,3.3643794221553565,12.41002702069724,12.417313320088434,24.827340340785675
47.50399329519238,3.3644332074348533,12.411733373298961,12.415606967486713,24.827340340785675
48.76399329519238,3.3644874849535746,12.413465448588607,12.413874892197068,24.827340340785675
50.023993295192376,3.3645422575066606,12.415223383636517,12.412116957149157,24.827340340785675
51.283993295192374,3.3645975278745768,12.417007312246296,12.410333028539378,24.827340340785675
52.54399329519237,3.3646532988221964,12.418817364831707,12.408522975953968,24.827340340785675
53.80399329519237,3.364709573097876,12.420653668287917,12.406686672497758,24.827340340785675
55.06399329519237,3.364766353432505,12.42251634586319,12.404823994922484,24.827340340785675
56.323993295192366,3.3648236425385414,12.42440551702814,12.402934823757535,24.827340340785675
57.583993295192364,3.364881443109028,12.426321297342312,12.401019043443362,24.827340340785675
58.84399329519236,3.3649397578165843,12.428263798318909,12.399076542466766,24.827340340785675
60.10399329519236,3.3649985893123864,12.430233127287973,12.397107213497701,24.827340340785675
61.36399329519236,3.365057940225126,12.43222938725635,12.395110953529326,24.827340340785675
62.623993295192356,3.365117813159943,12.43425267676783,12.393087664017845,24.827340340785675
63.883993295192354,3.365178210697351,12.436303089758812,12.391037251026862,24.827340340785675
65.14399329519236,3.3652391353921303,12.438380715413523,12.388959625372152,24.827340340785675
66.40399329519236,3.365300589772213,12.440485638017375,12.3868547027683,24.827340340785675
67.66399329519237,3.3653625763375365,12.442617936807032,12.384722403978643,24.827340340785675
68.92399329519237,3.3654250975588917,12.444777685820094,12.38256265496558,24.827340340785675
70.18399329519238,3.3654881558767356,12.44696495374227,12.380375387043404,24.827340340785675
71.44399329519239,3.3655517536999957,12.44917980375274,12.378160537032935,24.827340340785675
72.70399329519239,3.365615893404848,12.451422293367292,12.375918047418383,24.827340340785675
73.9639932951924,3.3656805773334804,12.453692474280286,12.373647866505388,24.827340340785675
75.2239932951924,3.365745807792831,12.455990392204995,12.37134994858068,24.827340340785675
76.4839932951924,3.365811587053309,12.458316086711418,12.369024254074256,24.827340340785675
77.74399329519241,3.3658779173474946,12.460669591063342,12.366670749722333,24.827340340785675
79.00399329519242,3.3659448008688213,12.463050932052726,12.36428940873295,24.827340340785675
80.26399329519242,3.3660122397702343,12.465460129833644,12.36188021095203,24.827340340785675
81.52399329519243,3.3660802361628313,12.467897197754414,12.35944314303126,24.827340340785675
82.78399329519243,3.3661487921144855,12.470362142186993,12.356978198598682,24.827340340785675
84.04399329519244,3.366217909648444,12.472854962356772,12.354485378428903,24.827340340785675
85.30399329519244,3.3662875907419108,12.475375650170106,12.351964690615569,24.827340340785675
86.56399329519245,3.366357837324606,12.477924190040525,12.34941615074515,24.827340340785675
87.82399329519245,3.3664286512773103,12.480500558712889,12.346839782072786,24.827340340785675
89.08399329519246,3.366500034430388,12.48310472508923,12.344235615696444,24.827340340785675
90.34399329519246,3.3665719885622885,12.485736650049265,12.34160369073641,24.827340340785675
91.60399329519247,3.3666445153980296,12.48839628627383,12.338944054511845,24.827340340785675
92.86399329519247,3.3667176166076667,12.49108357806432,12.336256762721355,24.827340340785675
94.12399329519248,3.3667912938047357,12.4937984611634,12.333541879622274,24.827340340785675
95.38399329519248,3.3668655485446837,12.496540862573186,12.330799478212489,24.827340340785675
96.64399329519249,3.3669403823232735,12.499310700374336,12.328029640411339,24.827340340785675
97.90399329519249,3.3670157965749836,12.502107883542866,12.325232457242809,24.827340340785675
99.1639932951925,3.3670917926713737,12.50493231176816,12.322408029017515,24.827340340785675
100.4239932951925,3.3671683719194467,12.507783875268107,12.319556465517568,24.827340340785675
101.68399329519251,3.3672455355599786,12.51066245460697,12.316677886178704,24.827340340785675
102.94399329519251,3.3673232847658503,12.513567920510331,12.313772420275344,24.827340340785675
104.20399329519252,3.3674016206403485,12.516500133680692,12.310840207104983,24.827340340785675
105.46399329519252,3.367480544215452,12.519458944614192,12.307881396171483,24.827340340785675
106.72399329519253,3.367560056450105,12.522444193415119,12.304896147370556,24.827340340785675
107.98399329519253,3.367640158228477,12.52545570961321,12.301884631172465,24.827340340785675
109.24399329519254,3.3677208503582032,12.528493311978847,12.298847028806827,24.827340340785675
110.50399329519254,3.3678021335686084,12.531556808339959,12.295783532445716,24.827340340785675
111.76399329519255,3.3678840085089226,12.534645995399126,12.292694345386549,24.827340340785675
113.02399329519255,3.367966475746481,12.537760658552,12.289579682233676,24.827340340785675
114.28399329519256,3.3680495357649085,12.540900571704945,12.28643976908073,24.827340340785675
115.54399329519256,3.368133188962289,12.544065497095058,12.283274843690617,24.827340340785675
116.80399329519257,3.368217435649329,12.547255185110561,12.280085155675113,24.827340340785675
118.06399329519257,3.3683022760475088,12.550469374112756,12.276870966672918,24.827340340785675
119.32399329519258,3.3683877102872133,12.55370779025912,12.273632550526555,24.827340340785675
120.58399329519258,3.368473738405865,12.556970147327624,12.270370193458051,24.827340340785675
121.84399329519259,3.3685603603460397,12.560256146542862,12.267084194242813,24.827340340785675
123.1039932951926,3.368647575953571,12.563565476404833,12.263774864380842,24.827340340785675
124.3639932951926,3.368735384975652,12.566897812518206,12.260442528267468,24.827340340785675
125.6239932951926,3.368823787058929,12.570252817424109,12.257087523361566,24.827340340785675
126.88399329519261,3.368912781747585,12.573630140435576,12.253710200350099,24.827340340785675
128.14399329519262,3.369002368481413,12.57702941747382,12.250310923311854,24.827340340785675
129.4039932951926,3.369092546593894,12.580450270907045,12.24689006987863,24.827340340785675
130.6639932951926,3.3691833153102646,12.583892309393338,12.243448031392337,24.827340340785675
131.9239932951926,3.3692746737455774,12.587355127726193,12.239985213059482,24.827340340785675
133.18399329519258,3.3693666209027637,12.590838306681258,12.236502034104417,24.827340340785675
134.44399329519257,3.369459155670694,12.594341412870556,12.23299892791512,24.827340340785675
135.70399329519256,3.369552276822234,12.597863998594958,12.229476342190717,24.827340340785675
136.96399329519255,3.369645983012303,12.601405601704801,12.225934739080873,24.827340340785675
138.22399329519254,3.369740272775928,12.60496574546233,12.222374595323345,24.827340340785675
139.48399329519253,3.3698351445263097,12.60854393840738,12.218796402378295,24.827340340785675
140.74399329519252,3.36993059655288,12.612139674230471,12.215200666555203,24.827340340785675
142.00399329519252,3.3700266270193726,12.615752431646795,12.21158790913888,24.827340340785675
143.2639932951925,3.370123233961891,12.61938167427762,12.207958666508056,24.827340340785675
144.5239932951925,3.3702204152869877,12.623026850533972,12.204313490251703,24.827340340785675
145.7839932951925,3.370318168769746,12.626687393509124,12.20065294727655,24.827340340785675
147.04399329519248,3.370416492051876,12.63036272087177,12.196977619913905,24.827340340785675
148.30399329519247,3.3705153826398195,12.63405223476899,12.193288106016684,24.827340340785675
149.56399329519246,3.3706148379028535,12.637755321731378,12.189585019054297,24.827340340785675
150.82399329519245,3.370714855071224,12.641471352587347,12.185868988198328,24.827340340785675
152.08399329519244,3.3708154312342855,12.645199682380575,12.1821406584051,24.827340340785675
153.34399329519243,3.370916563338643,12.648939650295928,12.178400690489747,24.827340340785675
154.60399329519242,3.3710182481863353,12.652690579591004,12.17464976119467,24.827340340785675
155.86399329519242,3.371120482433012,12.65645177753417,12.170888563251506,24.827340340785675
157.1239932951924,3.3712232625861405,12.660222535350478,12.167117805435197,24.827340340785675
158.3839932951924,3.371326585003233,12.664002128174875,12.1633382126108,24.827340340785675
159.6439932951924,3.3714304458900894,12.667789815011105,12.15955052577457,24.827340340785675
160.90399329519238,3.3715348412990744,12.67158483870057,12.155755502085105,24.827340340785675
162.16399329519237,3.371639767127402,12.675386425896379,12.151953914889296,24.827340340785675
163.42399329519236,3.371745219115465,12.679193787049226,12.14814655373645,24.827340340785675
164.68399329519235,3.371851192845176,12.683006116398008,12.144334224387666,24.827340340785675
165.94399329519234,3.371957683738349,12.686822591969692,12.140517748815983,24.827340340785675
167.20399329519233,3.3720646870551083,12.690642375589832,12.136697965195843,24.827340340785675
168.46399329519232,3.3721721978923194,12.694464612899957,12.132875727885718,24.827340340785675
169.72399329519232,3.3722802111820793,12.69828843338461,12.129051907401065,24.827340340785675
170.9839932951923,3.3723887216902124,12.702112950408962,12.125227390376713,24.827340340785675
172.2439932951923,3.3724977240148246,12.705937261263296,12.121403079522379,24.827340340785675
173.5039932951923,3.372607212584892,12.709760447220512,12.117579893565162,24.827340340785675
174.76399329519228,3.372717181658884,12.713581573601191,12.113758767184484,24.827340340785675
176.02399329519227,3.372827625323436,12.717399689849577,12.109940650936098,24.827340340785675
177.28399329519226,3.3729385374920677,12.721213829621048,12.106126511164627,24.827340340785675
178.54399329519225,3.373049911903934,12.7250230108771,12.102317329908574,24.827340340785675
179.80399329519224,3.3731617421226483,12.728826235995456,12.098514104790219,24.827340340785675
181.06399329519223,3.3732740215351327,12.73262249188668,12.094717848898995,24.827340340785675
182.32399329519222,3.3733867433505296,12.736410750125748,12.090929590659927,24.827340340785675
183.58399329519222,3.3734999005991724,12.740189967092034,12.08715037369364,24.827340340785675
184.8439932951922,3.3736134861316,12.743959084122537,12.083381256663138,24.827340340785675
186.1039932951922,3.3737274926176384,12.747717027676044,12.07962331310963,24.827340340785675
187.3639932951922,3.3738419125455374,12.751462709509438,12.075877631276237,24.827340340785675
188.62399329519218,3.373956738221171,12.755195026865813,12.072145313919862,24.827340340785675
189.88399329519217,3.3740719617672976,12.758912862674793,12.068427478110882,24.827340340785675
191.14399329519216,3.3741875751228934,12.762615085766308,12.064725255019367,24.827340340785675
192.40399329519215,3.3743035700425392,12.766300551093183,12.061039789692492,24.827340340785675
193.66399329519214,3.374419938095898,12.7699680999722,12.057372240813475,24.827340340785675
194.92399329519213,3.374536670667241,12.773616560332481,12.053723780453193,24.827340340785675
196.18399329519212,3.374653758955061,12.777244746979685,12.05009559380599,24.827340340785675
197.44399329519212,3.3747711939717613,12.780851461872944,12.046488878912731,24.827340340785675
198.7039932951921,3.374888966543416,12.784435494413392,12.042904846372283,24.827340340785675
199.9639932951921,3.375007067309613,12.787995621749225,12.03934471903645,24.827340340785675
201.2239932951921,3.375125486723385,12.791530609089364,12.035809731696311,24.827340340785675
202.48399329519208,3.3752442150512074,12.79503921003564,12.032301130750035,24.827340340785675
203.74399329519207,3.375363242373102,12.798520166924089,12.028820173861586,24.827340340785675
205.00399329519206,3.3754825585828225,12.801972211184415,12.02536812960126,24.827340340785675
206.26399329519205,3.3756021533881135,12.805394063708375,12.0219462770773,24.827340340785675
207.52399329519204,3.3757220163110913,12.808784435235902,12.018555905549773,24.827340340785675
208.78399329519203,3.3758421366886964,12.812142026753055,12.01519831403262,24.827340340785675
210.04399329519202,3.375962503673247,12.815465529904257,12.011874810881418,24.827340340785675
211.30399329519202,3.3760831062331,12.818753627419145,12.00858671336653,24.827340340785675
212.563993295192,3.3762039331534006,12.822004993552582,12.005335347233093,24.827340340785675
213.823993295192,3.3763249730369402,12.825218294539036,12.002122046246638,24.827340340785675
215.083993295192,3.3764462143051253,12.828392189061454,11.998948151724221,24.827340340785675
216.34399329519198,3.3765676451990307,12.831525328733754,11.99581501205192,24.827340340785675
217.60399329519197,3.3766892537805995,12.83461635859747,11.992723982188204,24.827340340785675
218.86399329519196,3.3768110279339116,12.837663917632073,11.989676423153602,24.827340340785675
220.12399329519195,3.3769329553665934,12.840666639280359,11.986673701505316,24.827340340785675
221.38399329519194,3.3770550236113346,12.843623151987536,11.983717188798138,24.827340340785675
222.64399329519193,3.377177220027515,12.846532079753576,11.980808261032099,24.827340340785675
223.90399329519192,3.3772995318029624,12.849392042699959,11.977948298085716,24.827340340785675
225.16399329519191,3.3774219459558177,12.852201657651301,11.975138683134373,24.827340340785675
226.4239932951919,3.377544449336532,12.854959538729274,11.972380802056401,24.827340340785675
227.6839932951919,3.377667028629987,12.85766429796143,11.969676042824245,24.827340340785675
228.9439932951919,3.377789670357734,12.860314545903442,11.967025794882233,24.827340340785675
230.20399329519188,3.3779123608803694,12.862908892274081,11.964431448511593,24.827340340785675
231.46399329519187,3.3780350864000357,12.86544594660581,11.961894394179865,24.827340340785675
232.72399329519186,3.3781578329630526,12.86792431890655,11.959416021879125,24.827340340785675
233.98399329519185,3.3782805864626884,12.87034262033579,11.956997720449884,24.827340340785675
235.24399329519184,3.378403332642055,12.872699463894191,11.954640876891483,24.827340340785675
236.50399329519183,3.3785260570971443,12.874993465124854,11.95234687566082,24.827340340785675
237.76399329519182,3.3786487452800085,12.877223242829738,11.950117097955937,24.827340340785675
239.02399329519181,3.3787713825020678,12.879387419795814,11.947952920989861,24.827340340785675
240.2839932951918,3.3788939539375673,12.881484623536208,11.945855717249467,24.827340340785675
241.5439932951918,3.379016444627172,12.883513487042494,11.94382685374318,24.827340340785675
242.8039932951918,3.379138839481706,12.885472649549442,11.941867691236233,24.827340340785675
244.06399329519178,3.379261123286038,12.887360757311429,11.939979583474246,24.827340340785675
245.32399329519177,3.379383280703104,12.889176464390957,11.938163876394718,24.827340340785675
246.58399329519176,3.3795052962780927,12.890918433458333,11.936421907327341,24.827340340785675
247.84399329519175,3.379627154442756,12.892585336602831,11.934755004182843,24.827340340785675
249.10399329519174,3.3797488395198925,12.894175856153895,11.93316448463178,24.827340340785675
250.36399329519173,3.379870335727957,12.895688685515651,11.931651655270024,24.827340340785675
251.62399329519172,3.379991627185839,12.897122530008069,11.930217810777606,24.827340340785675
252.88399329519171,3.380112697917778,12.898476107721269,11.928864233064406,24.827340340785675
254.1439932951917,3.3802335318584373,12.89974815037844,11.927592190407236,24.827340340785675
255.4039932951917,3.3803541128581256,12.900937404209074,11.9264029365766,24.827340340785675
256.6639932951917,3.380474424688171,12.902042630829966,11.925297709955709,24.827340340785675
257.9239932951917,3.3805944510464494,12.903062608135906,11.924277732649768,24.827340340785675
259.18399329519167,3.380714175563057,12.903996131200397,11.923344209585277,24.827340340785675
260.44399329519166,3.380833581806145,12.904842013181801,11.922498327603874,24.827340340785675
261.70399329519165,3.380952653287895,12.905599086238498,11.921741254547177,24.827340340785675
262.96399329519164,3.3810713734706543,12.90626620245233,11.921074138333346,24.827340340785675
264.22399329519163,3.381189725773216,12.906842234757852,11.920498106027823,24.827340340785675
265.4839932951916,3.3813076935772517,12.907326077878116,11.920014262907559,24.827340340785675
266.7439932951916,3.3814252602338892,12.907716649267707,11.919623691517968,24.827340340785675
268.0039932951916,3.3815424090704416,12.908012890060201,11.919327450725474,24.827340340785675
269.2639932951916,3.381659123397286,12.908213766021655,11.91912657476402,24.827340340785675
270.5239932951916,3.38177538651488,12.90831826850874,11.919022072276935,24.827340340785675
271.7839932951916,3.381891181720927,12.908325415430395,11.91901492535528,24.827340340785675
273.04399329519157,3.3820064923176822,12.90823425221526,11.919106088570414,24.827340340785675
274.30399329519156,3.382121301619401,12.908043852779105,11.91929648800657,24.827340340785675
275.56399329519155,3.3822355929599226,12.907753320499012,11.919587020286663,24.827340340785675
276.82399329519154,3.3823493497003896,12.90736178918551,11.919978551600165,24.827340340785675
278.08399329519153,3.3824625552371064,12.906868424059521,11.920471916726154,24.827340340785675
279.3439932951915,3.382575193009516,12.90627242272965,11.921067918056025,24.827340340785675
280.6039932951915,3.382687246508326,12.905573016167564,11.921767324618111,24.827340340785675
281.8639932951915,3.382798699283729,12.904769469687045,11.92257087109863,24.827340340785675
283.1239932951915,3.3829095349537748,12.90386108391863,11.923479256867045,24.827340340785675
284.3839932951915,3.383019737212839,12.902847195784691,11.924493145000984,24.827340340785675
285.6439932951915,3.3831292898402183,12.90172717947238,11.925613161313295,24.827340340785675
286.90399329519147,3.38323817670882,12.90050044740276,11.926839893382915,24.827340340785675
288.16399329519146,3.383346381793978,12.899166451196407,11.928173889589267,24.827340340785675
289.42399329519145,3.383453889182351,12.897724682635921,11.929615658149753,24.827340340785675
290.68399329519144,3.383560683080927,12.89617467462143,11.931165666164246,24.827340340785675
291.94399329519143,3.3836667478261115,12.894516002122307,11.932824338663368,24.827340340785675
293.2039932951914,3.3837720678929095,12.892748283120797,11.934592057664878,24.827340340785675
294.4639932951914,3.383876627904176,12.890871179548684,11.93646916123699,24.827340340785675
295.7239932951914,3.3839804126399535,12.888884398215245,11.93845594257043,24.827340340785675
296.9839932951914,3.3840834070468624,12.88678769172709,11.940552649058585,24.827340340785675
298.2439932951914,3.3841855962475664,12.884580859396618,11.942759481389057,24.827340340785675
299.5039932951914,3.3842869655502814,12.88226374814077,11.945076592644904,24.827340340785675
300.76399329519137,3.3843875004583377,12.879836253367165,11.94750408741851,24.827340340785675
302.02399329519136,3.384487186679781,12.877298319846863,11.950042020938811,24.827340340785675
303.28399329519135,3.384586010137003,12.874649942575592,11.952690398210082,24.827340340785675
304.54399329519134,3.3846839569763962,12.871891167617447,11.955449173168228,24.827340340785675
305.80399329519133,3.3847810135780354,12.869022092934737,11.958318247850938,24.827340340785675
307.0639932951913,3.3848771665653503,12.866042869200015,11.96129747158566,24.827340340785675
308.3239932951913,3.3849724028148076,12.86295370059083,11.964386640194844,24.827340340785675
309.5839932951913,3.3850667094655833,12.859754845565327,11.967585495220348,24.827340340785675
310.8439932951913,3.3851600739292125,12.856446617617422,11.970893723168253,24.827340340785675
312.1039932951913,3.3852524838992104,12.853029386011505,11.97431095477417,24.827340340785675
313.3639932951913,3.3853439273606565,12.849503576494154,11.97783676429152,24.827340340785675
314.62399329519127,3.3854343925997314,12.845869671983113,11.981470668802562,24.827340340785675
315.88399329519126,3.3855238682131903,12.842128213230433,11.985212127555242,24.827340340785675
317.14399329519125,3.3856123431177725,12.838279799460935,11.98906054132474,24.827340340785675
318.40399329519124,3.3856998065595243,12.834325088983144,11.99301525180253,24.827340340785675
319.66399329519123,3.385786248123039,12.830264799771566,11.997075541014109,24.827340340785675
320.9239932951912,3.3858716577405836,12.826099710019854,12.001240630765821,24.827340340785675
322.1839932951912,3.3859560257011263,12.821830658662607,12.005509682123067,24.827340340785675
323.4439932951912,3.386039342659221,12.81745854586541,12.009881794920265,24.827340340785675
324.7039932951912,3.3861215996437712,12.812984333481475,12.0143560073042,24.827340340785675
325.9639932951912,3.386202788066632,12.80840904547288,12.018931295312795,24.827340340785675
327.2239932951912,3.386282899731056,12.80373376829681,12.023606572488864,24.827340340785675
328.48399329519117,3.386361926839971,12.79895965125272,12.028380689532955,24.827340340785675
329.74399329519116,3.386439862004059,12.794087906792555,12.03325243399312,24.827340340785675
331.00399329519115,3.3865166982496464,12.78911981078983,12.038220529995845,24.827340340785675
332.26399329519114,3.3865924290263862,12.784056702766883,12.043283638018792,24.827340340785675
333.52399329519113,3.386667048214699,12.77889998608057,12.048440354705106,24.827340340785675
334.7839932951911,3.386740550133004,12.7736511280626,12.053689212723075,24.827340340785675
336.0439932951911,3.3868129295446763,12.768311660114792,12.059028680670883,24.827340340785675
337.3039932951911,3.3868841816647577,12.762883177757962,12.064457163027713,24.827340340785675
338.5639932951911,3.3869543021663904,12.757367340631877,12.069973000153798,24.827340340785675
339.8239932951911,3.387023287186958,12.751765872446347,12.075574468339328,24.827340340785675
341.0839932951911,3.3870911333339353,12.746080560880916,12.081259779904759,24.827340340785675
342.34399329519107,3.3871578376904226,12.740313257433266,12.087027083352408,24.827340340785675
343.60399329519106,3.3872233978203536,12.734465877213719,12.092874463571956,24.827340340785675
344.86399329519105,3.3872878117733727,12.728540398685622,12.098799942100053,24.827340340785675
346.12399329519104,3.3873510780893596,12.722538863349671,12.104801477436004,24.827340340785675
347.38399329519103,3.3874131958025977,12.716463375371157,12.110876965414517,24.827340340785675
348.643993295191,3.387474164445569,12.710316101150172,12.117024239635503,24.827340340785675
349.903993295191,3.3875339840523653,12.70409926883189,12.123241071953785,24.827340340785675
351.163993295191,3.387592655161715,12.697815167756207,12.129525173029467,24.827340340785675
352.423993295191,3.3876501788195936,12.691466147847672,12.135874192938003,24.827340340785675
353.683993295191,3.38770655658143,12.685054618941823,12.142285721843852,24.827340340785675
354.943993295191,3.387761790513883,12.678583050050271,12.148757290735404,24.827340340785675
356.20399329519097,3.3878158831961938,12.672053968559922,12.155286372225753,24.827340340785675
357.46399329519096,3.3878688377210864,12.665469959369341,12.161870381416334,24.827340340785675
358.72399329519095,3.387920657695225,12.658833663958987,12.168506676826688,24.827340340785675
359.98399329519094,3.387971347239213,12.652147779396337,12.175192561389338,24.827340340785675
361.24399329519093,3.388020910987122,12.645415057274183,12.181925283511491,24.827340340785675
362.5039932951909,3.3880693540855598,12.638638302582086,12.188702038203589,24.827340340785675
363.7639932951909,3.3881166821922513,12.631820372510587,12.195519968275088,24.827340340785675
365.0239932951909,3.388162901474141,12.624964175188632,12.202376165597043,24.827340340785675
366.2839932951909,3.388208018605006,12.61807266835327,12.209267672432405,24.827340340785675
367.5439932951909,3.388252040762583,12.611148857951223,12.216191482834452,24.827340340785675
368.8039932951909,3.388294975625197,12.604195796672908,12.223144544112767,24.827340340785675
370.06399329519087,3.3883368313678908,12.597216582420135,12.23012375836554,24.827340340785675
371.32399329519086,3.388377616658063,12.590214356705166,12.237125984080508,24.827340340785675
372.58399329519085,3.3884173406506046,12.583192302984111,12.244148037801564,24.827340340785675
373.84399329519084,3.388456012982531,12.576153644923508,12.251186695862167,24.827340340785675
375.10399329519083,3.388493643767128,12.569101644601433,12.258238696184241,24.827340340785675
376.3639932951908,3.3885302435875904,12.562039600643779,12.265300740141896,24.827340340785675
377.6239932951908,3.388565823490173,12.554970846296758,12.272369494488917,24.827340340785675
378.8839932951908,3.3886003949768533,12.547898747435767,12.279441593349908,24.827340340785675
380.1439932951908,3.3886339699975054,12.540826700513197,12.286513640272478,24.827340340785675
381.4039932951908,3.3886665609416,12.533758130445099,12.293582210340576,24.827340340785675
382.6639932951908,3.3886981806294227,12.52669648843953,12.300643852346145,24.827340340785675
383.92399329519077,3.388728842302837,12.519645249766109,12.307695091019566,24.827340340785675
385.18399329519076,3.3887585596155865,12.512607911471228,12.314732429314446,24.827340340785675
386.44399329519075,3.388787346623145,12.505587990037636,12.321752350748039,24.827340340785675
387.70399329519074,3.3888152177721373,12.498589018993542,12.328751321792133,24.827340340785675
388.96399329519073,3.388842187889327,12.49161454647044,12.335725794315234,24.827340340785675
390.2239932951907,3.3888682721701966,12.48466813271427,12.342672208071404,24.827340340785675
391.4839932951907,3.388893486167122,12.477753347550328,12.349586993235347,24.827340340785675
392.7439932951907,3.388917845777161,12.4708737678064,12.356466572979274,24.827340340785675
394.0039932951907,3.388941367229475,12.464032974694861,12.363307366090813,24.827340340785675
395.2639932951907,3.3889640670723873,12.457234551157944,12.37010578962773,24.827340340785675
396.5239932951907,3.3889859621601084,12.450482079178245,12.37685826160743,24.827340340785675
397.78399329519067,3.3890070696391352,12.44377913705778,12.383561203727895,24.827340340785675
399.04399329519066,3.389027406934349,12.43712929666912,12.390211044116555,24.827340340785675
400.30399329519065,3.3890469917348285,12.430536120680745,12.39680422010493,24.827340340785675
401.56399329519064,3.389065841979396,12.424003159761357,12.403337181024318,24.827340340785675
402.82399329519063,3.3890839758419222,12.417533949765366,12.40980639102031,24.827340340785675
404.0839932951906,3.389101411716405,12.411132008904087,12.416208331881588,24.827340340785675
405.3439932951906,3.389118168201847,12.40480083490559,12.422539505880085,24.827340340785675
406.6039932951906,3.3891342640869553,12.398543902166987,12.428796438618688,24.827340340785675
407.8639932951906,3.38914971833468,12.392364658903752,12.434975681881923,24.827340340785675
409.1239932951906,3.3891645500666243,12.38626652429854,12.441073816487135,24.827340340785675
410.3839932951906,3.389178778547339,12.38025288565479,12.447087455130884,24.827340340785675
411.64399329519057,3.3891924231685344,12.374327095557678,12.453013245227996,24.827340340785675
412.90399329519056,3.389205503433227,12.368492469048334,12.45884787173734,24.827340340785675
414.16399329519055,3.389218038939851,12.362752280813055,12.46458805997262,24.827340340785675
415.42399329519054,3.3892300493663527,12.357109762393222,12.470230578392453,24.827340340785675
416.68399329519053,3.3892415544543,12.35156809941948,12.475772241366196,24.827340340785675
417.9439932951905,3.3892525739930237,12.346130428874135,12.48120991191154,24.827340340785675
419.2039932951905,3.389263127803821,12.340799836385681,12.486540504399994,24.827340340785675
420.4639932951905,3.389273235724244,12.335579353560426,12.491760987225248,24.827340340785675
421.7239932951905,3.389282917592498,12.330471955353227,12.496868385432448,24.827340340785675
422.9839932951905,3.38929219323197,12.325480557483827,12.501859783301848,24.827340340785675
424.2439932951905,3.3893010824359187,12.320608013900799,12.506732326884876,24.827340340785675
425.50399329519047,3.3893096049523384,12.315857114297625,12.51148322648805,24.827340340785675
426.76399329519046,3.3893177804690375,12.311230581684919,12.516109759100756,24.827340340785675
428.02399329519045,3.389325628598931,12.306731070021943,12.520609270763732,24.827340340785675
429.28399329519044,3.38933316886559,12.302361161911472,12.524979178874203,24.827340340785675
430.54399329519043,3.389340420689057,12.298123366361594,12.529216974424081,24.827340340785675
431.8039932951904,3.3893474033719557,12.294020116617213,12.533320224168461,24.827340340785675
433.0639932951904,3.3893541360859043,12.290053768065313,12.537286572720362,24.827340340785675
434.3239932951904,3.389360637858268,12.28622659621687,12.541113744568804,24.827340340785675
435.5839932951904,3.3893669275592546,12.28254079476805,12.544799546017625,24.827340340785675
436.8439932951904,3.389373023889377,12.278998473744279,12.548341867041396,24.827340340785675
438.1039932951904,3.3893789453673024,12.275601657729668,12.551738683056007,24.827340340785675
439.36399329519037,3.3893847103180947,12.272352284183997,12.554988056601678,24.827340340785675
440.62399329519036,3.389390336861879,12.269252201849858,12.558088138935817,24.827340340785675
441.88399329519035,3.389395842902924,12.266303169253142,12.561037171532533,24.827340340785675
443.14399329519034,3.3894012461191756,12.263506853297464,12.56383348748821,24.827340340785675
444.40399329519033,3.3894065639522353,12.26086482795523,12.566475512830445,24.827340340785675
445.6639932951903,3.3894118135978046,12.258378573057263,12.568961767728412,24.827340340785675
446.9239932951903,3.3894170119966023,12.25604947318207,12.571290867603604,24.827340340785675
448.1839932951903,3.3894221758257608,12.253878816646303,12.573461524139372,24.827340340785675
449.4439932951903,3.3894273214907127,12.25186779459749,12.575472546188184,24.827340340785675
450.7039932951903,3.3894324651175722,12.25001750021051,12.577322840575166,24.827340340785675
451.9639932951903,3.3894376225460117,12.24832892798696,12.579011412798716,24.827340340785675
453.22399329519027,3.389442809322645,12.246802973160822,12.580537367624853,24.827340340785675
454.48399329519026,3.389448040694916,12.245440431207916,12.581899909577759,24.827340340785675
455.74399329519025,3.3894533316054916,12.244241997460708,12.583098343324966,24.827340340785675
457.00399329519024,3.38945869668716,12.243208266828919,12.584132073956756,24.827340340785675
458.26399329519023,3.389464150258244,12.24233973362431,12.585000607161366,24.827340340785675
459.5239932951902,3.3894697063185073,12.241636791490855,12.58570354929482,24.827340340785675
460.7839932951902,3.3894753785455687,12.241099733438208,12.586240607347467,24.827340340785675
462.0439932951902,3.3894811802918112,12.240728751979052,12.586611588806623,24.827340340785675
463.3039932951902,3.389487124581782,12.240523939368208,12.586816401417467,24.827340340785675
464.5639932951902,3.389493224110077,12.240485287943283,12.586855052842392,24.827340340785675
465.8239932951902,3.389499491239708,12.240612690565332,12.586727650220343,24.827340340785675
467.08399329519017,3.3895059380009314,12.240905941157482,12.586434399628192,24.827340340785675
468.34399329519016,3.3895125760905453,12.241364735340893,12.585975605444782,24.827340340785675
469.60399329519015,3.3895194168716354,12.241988671165641,12.585351669620033,24.827340340785675
470.86399329519014,3.3895264713737556,12.242777249934665,12.58456309085101,24.827340340785675
472.12399329519013,3.3895337502935434,12.24372987711908,12.583610463666595,24.827340340785675
473.3839932951901,3.389541263995751,12.24484586336251,12.582494477423165,24.827340340785675
474.6439932951901,3.389549022514671,12.24612442557154,12.581215915214134,24.827340340785675
475.9039932951901,3.3895570355559648,12.247564688090995,12.57977565269468,24.827340340785675
477.1639932951901,3.389565312498853,12.249165683960934,12.578174656824741,24.827340340785675
478.4239932951901,3.3895738623986778,12.250926356252371,12.576413984533303,24.827340340785675
479.6839932951901,3.3895826939897975,12.252845559479441,12.574494781306234,24.827340340785675
480.94399329519007,3.3895918156888256,12.254922061085635,12.57241827970004,24.827340340785675
482.20399329519006,3.3896012355981706,12.257154542999745,12.57018579778593,24.827340340785675
483.46399329519005,3.3896109615098795,12.259541603260809,12.567798737524866,24.827340340785675
484.72399329519004,3.3896210009097607,12.262081757706913,12.565258583078762,24.827340340785675
485.98399329519003,3.3896313609817676,12.264773441725476,12.562566899060199,24.827340340785675
487.24399329519,3.389642048612634,12.267615012063073,12.559725328722601,24.827340340785675
488.50399329519,3.389653070396736,12.270604748689907,12.556735592095768,24.827340340785675
489.76399329519,3.3896644326411636,12.273740856716522,12.553599484069153,24.827340340785675
491.02399329519,3.389676141370993,12.27702146836042,12.550318872425255,24.827340340785675
492.28399329519,3.3896882023347334,12.280444644957054,12.54689569582862,24.827340340785675
493.54399329519,3.389700621009935,12.284008379015225,12.54333196177045,24.827340340785675
494.80399329518997,3.389713402608944,12.287710596310454,12.53962974447522,24.827340340785675
496.06399329518996,3.3897265520847775,12.291549158015663,12.535791182770012,24.827340340785675
497.32399329518995,3.389740074137117,12.295521862863682,12.531818477921993,24.827340340785675
498.58399329518994,3.3897539732183946,12.299626449341494,12.527713891444181,24.827340340785675
499.84399329518993,3.3897682535399523,12.303860597909468,12.523479742876207,24.827340340785675
501.1039932951899,3.389782919078267,12.30822193324483,12.519118407540844,24.827340340785675
502.3639932951899,3.389797973581229,12.312708026506405,12.51463231427927,24.827340340785675
503.6239932951899,3.3898134205744404,12.317316397615961,12.510023943169713,24.827340340785675
504.8839932951899,3.3898292633675413,12.322044517554582,12.505295823231092,24.827340340785675
506.1439932951899,3.3898455050605354,12.326889810670508,12.500450530115167,24.827340340785675
507.4039932951899,3.3898621485501046,12.33184965699619,12.495490683789484,24.827340340785675
508.66399329518987,3.389879196535907,12.336921394571016,12.490418946214659,24.827340340785675
509.92399329518986,3.38989665152683,12.342102321766916,12.485238019018759,24.827340340785675
511.18399329518985,3.389914515847202,12.34738969961531,12.479950641170365,24.827340340785675
512.4439932951899,3.3899327916429414,12.352780754131103,12.474559586654571,24.827340340785675
513.7039932951899,3.38995148088764,12.35827267863322,12.469067662152455,24.827340340785675
514.9639932951899,3.3899705853885593,12.363862636056991,12.463477704728684,24.827340340785675
516.2239932951899,3.389990106792543,12.369547761257731,12.457792579527943,24.827340340785675
517.4839932951899,3.390010046591823,12.375325163302076,12.452015177483599,24.827340340785675
518.7439932951899,3.3900304061297235,12.381191927746265,12.44614841303941,24.827340340785675
520.0039932951898,3.390051186606243,12.387145118897001,12.440195221888674,24.827340340785675
521.2639932951898,3.3900723890835205,12.393181782055683,12.434158558729992,24.827340340785675
522.5239932951898,3.390094014491159,12.399298945740354,12.428041395045321,24.827340340785675
523.7839932951898,3.3901160636314267,12.405493623888335,12.42184671689734,24.827340340785675
525.0439932951898,3.3901385371843022,12.411762818032248,12.415577522753427,24.827340340785675
526.3039932951898,3.3901614357123826,12.41810351945204,12.409236821333634,24.827340340785675
527.5639932951898,3.3901847596656336,12.424512711299492,12.402827629486183,24.827340340785675
528.8239932951898,3.3902085093859875,12.430987370693419,12.396352970092256,24.827340340785675
530.0839932951898,3.3902326851117786,12.437524470784819,12.389815870000856,24.827340340785675
531.3439932951898,3.3902572869820196,12.444120982790311,12.383219357995364,24.827340340785675
532.6039932951898,3.3902823150405115,12.450773877992226,12.376566462793448,24.827340340785675
533.8639932951897,3.390307769239791,12.457480129704594,12.36986021108108,24.827340340785675
535.1239932951897,3.3903336494449063,12.464236715203596,12.36310362558208,24.827340340785675
536.3839932951897,3.390359955437032,12.471040617621469,12.356299723164206,24.827340340785675
537.6439932951897,3.390386686916905,12.477888827802177,12.349451512983498,24.827340340785675
538.9039932951897,3.3904138435081057,12.48477834611942,12.342561994666255,24.827340340785675
540.1639932951897,3.3904414247601635,12.491706184254527,12.335634156531148,24.827340340785675
541.4239932951897,3.390469430151497,12.498669366934298,12.328670973851377,24.827340340785675
542.6839932951897,3.3904978590921937,12.505664933627934,12.321675407157741,24.827340340785675
543.9439932951897,3.3905267109266255,12.512689940201751,12.314650400583924,24.827340340785675
545.2039932951897,3.390555984935901,12.519741460532517,12.307598880253158,24.827340340785675
546.4639932951897,3.390585680340163,12.526816588077148,12.300523752708527,24.827340340785675
547.7239932951896,3.390615796300731,12.533912437399085,12.29342790338659,24.827340340785675
548.9839932951896,3.3906463319220945,12.541026145651857,12.286314195133818,24.827340340785675
550.2439932951896,3.390677286253752,12.548154874017904,12.279185466767771,24.827340340785675
551.5039932951896,3.3907086582919095,12.555295809102033,12.272044531683642,24.827340340785675
552.7639932951896,3.3907404469810425,12.56244616428245,12.264894176503224,24.827340340785675
554.0239932951896,3.3907726512153133,12.569603181014616,12.25773715977106,24.827340340785675
555.2839932951896,3.390805269839868,12.576764130092183,12.250576210693492,24.827340340785675
556.5439932951896,3.3908383016519936,12.583926312860504,12.243414027925171,24.827340340785675
557.8039932951896,3.3908717454021664,12.591087062387597,12.236253278398078,24.827340340785675
559.0639932951896,3.390905599794973,12.598243744587602,12.229096596198072,24.827340340785675
560.3239932951896,3.3909398634899257,12.605393759300888,12.221946581484787,24.827340340785675
561.5839932951895,3.3909745351021656,12.612534541327294,12.21480579945838,24.827340340785675
562.8439932951895,3.3910096132030705,12.619663561416925,12.20767677936875,24.827340340785675
564.1039932951895,3.39104509632076,12.626778327213263,12.200562013572412,24.827340340785675
565.3639932951895,3.3910809829405175,12.633876384154483,12.193463956631192,24.827340340785675
566.6239932951895,3.3911172715051188,12.640955316328073,12.186385024457602,24.827340340785675
567.8839932951895,3.3911539604150827,12.648012747283262,12.179327593502412,24.827340340785675
569.1439932951895,3.3911910480288516,12.655046340798139,12.172293999987536,24.827340340785675
570.4039932951895,3.3912285326629017,12.662053801604822,12.165286539180853,24.827340340785675
571.6639932951895,3.3912664125917824,12.669032876070382,12.158307464715293,24.827340340785675
572.9239932951895,3.391304686048107,12.675981352835354,12.15135898795032,24.827340340785675
574.1839932951895,3.3913433512224866,12.682897063410685,12.14444327737499,24.827340340785675
575.4439932951894,3.3913824062634124,12.689777882731835,12.13756245805384,24.827340340785675
576.7039932951894,3.3914218492771004,12.696621729672374,12.1307186111133,24.827340340785675
577.9639932951894,3.391461678327303,12.703426567516269,12.123913773269406,24.827340340785675
579.2239932951894,3.391501891435073,12.710190404390046,12.117149936395629,24.827340340785675
580.4839932951894,3.391542486578517,12.716911293655093,12.110429047130582,24.827340340785675
581.7439932951894,3.3915834616925165,12.723587334261289,12.103753006524386,24.827340340785675
583.0039932951894,3.3916248146684325,12.730216671060685,12.09712366972499,24.827340340785675
584.2639932951894,3.391666543353799,12.73679749508456,12.090542845701115,24.827340340785675
585.5239932951894,3.3917086455520042,12.743328043782546,12.08401229700313,24.827340340785675
586.7839932951894,3.3917511190219694,12.749806601224773,12.077533739560902,24.827340340785675
588.0439932951894,3.3917939614778247,12.756231498268074,12.071108842517601,24.827340340785675
589.3039932951893,3.3918371705885906,12.762601112686845,12.06473922809883,24.827340340785675
590.5639932951893,3.391880743977865,12.768913869269108,12.058426471516567,24.827340340785675
591.8239932951893,3.3919246792235187,12.775168239878594,12.05217210090708,24.827340340785675
593.0839932951893,3.3919689738574093,12.781362743482426,12.04597759730325,24.827340340785675
594.3439932951893,3.3920136253651094,12.787495946148768,12.039844394636907,24.827340340785675
595.6039932951893,3.3920586311856535,12.793566461008814,12.033773879776861,24.827340340785675
596.8639932951893,3.392103988711316,12.799572948191608,12.027767392594066,24.827340340785675
598.1239932951893,3.392149695287401,12.805514114724948,12.021826226060726,24.827340340785675
599.3839932951893,3.3921957482120777,12.811388714408912,12.015951626376763,24.827340340785675
600.6439932951893,3.3922421447362323,12.817195547659756,12.010144793125919,24.827340340785675
601.9039932951893,3.392288882063363,12.822933461325254,12.00440687946042,24.827340340785675
603.1639932951892,3.3923359573495033,12.828601348473232,11.998738992312443,24.827340340785675
604.4239932951892,3.392383367703187,12.834198148153762,11.993142192631913,24.827340340785675
605.6839932951892,3.3924311101854507,12.839722845134263,11.987617495651412,24.827340340785675
606.9439932951892,3.3924791818098745,12.845174469611473,11.982165871174201,24.827340340785675
608.2039932951892,3.3925275795426693,12.850552096897882,11.976788243887793,24.827340340785675
609.4639932951892,3.3925763003028004,12.855854847084872,11.971485493700802,24.827340340785675
610.7239932951892,3.3926253409621596,12.861081884683895,11.96625845610178,24.827340340785675
611.9839932951892,3.392674698345784,12.866232418244781,11.961107922540894,24.827340340785675
613.2439932951892,3.392724369232109,12.871305699954794,11.95603464083088,24.827340340785675
614.5039932951892,3.3927743503532866,12.87630102521494,11.951039315570736,24.827340340785675
615.7639932951892,3.3928246383955285,12.8812177321996,11.946122608586075,24.827340340785675
617.0239932951891,3.392875229999513,12.886055201395443,11.941285139390232,24.827340340785675
618.2839932951891,3.39292612176083,12.89081285512265,11.936527485663024,24.827340340785675
619.5439932951891,3.3929773102304734,12.895490157040918,11.931850183744757,24.827340340785675
620.8039932951891,3.393028791915385,12.900086611637283,11.927253729148392,24.827340340785675
622.0639932951891,3.393080563279037,12.90460176369844,11.922738577087236,24.827340340785675
623.3239932951891,3.3931326207420693,12.909035197770322,11.918305143015353,24.827340340785675
624.5839932951891,3.3931849606829654,12.913386537601358,11.913953803184317,24.827340340785675
625.8439932951891,3.393237579438778,12.91765544557383,11.909684895211845,24.827340340785675
627.1039932951891,3.3932904733058917,12.921841622122244,11.90549871866343,24.827340340785675
628.3639932951891,3.3933436385408395,12.925944805141084,11.90139553564459,24.827340340785675
629.623993295189,3.393397071361153,12.929964769380291,11.897375571405384,24.827340340785675
630.883993295189,3.3934507679462604,12.933901325830455,11.89343901495522,24.827340340785675
632.143993295189,3.3935047244384173,12.937754321100321,11.889586019685353,24.827340340785675
633.403993295189,3.3935589369436854,12.941523636783836,11.885816704001838,24.827340340785675
634.663993295189,3.3936134015329427,12.945209188818751,11.882131151966924,24.827340340785675
635.923993295189,3.3936681142429337,12.948810926840109,11.878529413945566,24.827340340785675
637.183993295189,3.3937230710773543,12.95232883352428,11.875011507261394,24.827340340785675
638.443993295189,3.3937782680079716,12.955762923929399,11.871577416856276,24.827340340785675
639.703993295189,3.3938337009757715,12.959113244828714,11.86822709595696,24.827340340785675
640.963993295189,3.3938893658921465,12.96237987403943,11.864960466746245,24.827340340785675
642.223993295189,3.3939452586401004,12.965562919749292,11.861777421036383,24.827340340785675
643.483993295189,3.394001375075497,12.968662519836213,11.858677820949461,24.827340340785675
644.743993295189,3.3940577110283177,12.971678841189043,11.855661499596632,24.827340340785675
646.0039932951889,3.3941142623039573,12.97461207902316,11.852728261762515,24.827340340785675
647.2639932951889,3.3941710246845327,12.977462456195171,11.849877884590503,24.827340340785675
648.5239932951889,3.394227993930226,12.980230222517418,11.847110118268256,24.827340340785675
649.7839932951889,3.394285165780629,12.98291565407058,11.844424686715096,24.827340340785675
651.0439932951889,3.394342535956125,12.985519052517773,11.841821288267901,24.827340340785675
652.3039932951889,3.394400100159269,12.988040744417248,11.839299596368427,24.827340340785675
653.5639932951889,3.3944578540761983,12.990481080537547,11.836859260248128,24.827340340785675
654.8239932951889,3.394515793378043,12.992840435174394,11.834499905611281,24.827340340785675
656.0839932951889,3.394573913722359,12.995119205468537,11.832221135317138,24.827340340785675
657.3439932951889,3.3946322107545552,12.997317810726239,11.830022530059436,24.827340340785675
658.6039932951888,3.3946906801093517,12.999436691743739,11.827903649041936,24.827340340785675
659.8639932951888,3.3947493174122148,13.001476310133626,11.825864030652049,24.827340340785675
661.1239932951888,3.3948081182808236,13.003437147656342,11.823903193129333,24.827340340785675
662.3839932951888,3.3948670783265262,13.005319705555113,11.822020635230562,24.827340340785675
663.6439932951888,3.394926193155794,13.00712450389525,11.820215836890425,24.827340340785675
664.9039932951888,3.394985458371681,13.008852080909032,11.818488259876643,24.827340340785675
666.1639932951888,3.39504486957529,13.010502992345913,11.816837348439762,24.827340340785675
667.4239932951888,3.395104422367215,13.012077810827442,11.815262529958233,24.827340340785675
668.6839932951888,3.395164112348997,13.013577125209695,11.81376321557598,24.827340340785675
669.9439932951888,3.395223935124563,13.01500153995076,11.812338800834915,24.827340340785675
671.2039932951888,3.3952838863016686,13.01635167448523,11.810988666300444,24.827340340785675
672.4639932951887,3.395343961493314,13.017628162605856,11.809712178179819,24.827340340785675
673.7239932951887,3.395404156319168,13.018831651851974,11.808508688933701,24.827340340785675
674.9839932951887,3.3954644664069704,13.01996280290579,11.807377537879885,24.827340340785675
676.2439932951887,3.395524887393921,13.021022288995555,11.80631805179012,24.827340340785675
677.5039932951887,3.395585414928063,13.0220107953077,11.805329545477974,24.827340340785675
678.7639932951887,3.395646044669641,13.022929018406522,11.804411322379153,24.827340340785675
680.0239932951887,3.395706772292451,13.023777665662003,11.803562675123672,24.827340340785675
681.2839932951887,3.3957675934851648,13.024557454686066,11.802782886099608,24.827340340785675
682.5439932951887,3.3958285039526483,13.025269112778336,11.802071228007339,24.827340340785675
683.8039932951887,3.3958894994172484,13.025913376379554,11.80142696440612,24.827340340785675
685.0639932951887,3.3959505756200628,13.026490990535462,11.800849350250212,24.827340340785675
686.3239932951886,3.3960117283221987,13.027002708367618,11.800337632418056,24.827340340785675
687.5839932951886,3.3960729533059935,13.027449290555692,11.799891050229983,24.827340340785675
688.8439932951886,3.396134246376223,13.027831504827816,11.799508835957859,24.827340340785675
690.1039932951886,3.3961956033612912,13.028150125460767,11.799190215324908,24.827340340785675
691.3639932951886,3.396257020114378,13.028405932789386,11.798934407996288,24.827340340785675
692.6239932951886,3.396318492514582,13.028599712725704,11.79874062805997,24.827340340785675
693.8839932951886,3.396380016468026,13.028732256288816,11.798608084496859,24.827340340785675
695.1439932951886,3.3964415879089396,13.02880435914159,11.798535981644084,24.827340340785675
696.4039932951886,3.396503202800721,13.028816821141145,11.79852351964453,24.827340340785675
697.6639932951886,3.3965648571369607,13.028770445895109,11.798569894890566,24.827340340785675
698.9239932951886,3.396626546942445,13.028666040331482,11.798674300454193,24.827340340785675
700.1839932951885,3.3966882682741404,13.02850441427445,11.798835926511225,24.827340340785675
701.4439932951885,3.3967500172221268,13.028286380033272,11.799053960752403,24.827340340785675
702.7039932951885,3.3968117899105286,13.028012751999315,11.79932758878636,24.827340340785675
703.9639932951885,3.3968735824984018,13.027684346253727,11.799655994531948,24.827340340785675
705.2239932951885,3.3969353911805937,13.02730198018381,11.800038360601866,24.827340340785675
706.4839932951885,3.3969972121885803,13.026866472110104,11.80047386867557,24.827340340785675
707.7439932951885,3.397059041791268,13.026378640923168,11.800961699862507,24.827340340785675
709.0039932951885,3.3971208762957694,13.025839305729173,11.801501035056502,24.827340340785675
710.2639932951885,3.397182712048151,13.025249285507092,11.802091055278582,24.827340340785675
711.5239932951885,3.3972445454341504,13.02460939877182,11.802730942013854,24.827340340785675
712.7839932951885,3.3973063728798607,13.023920463251807,11.803419877533868,24.827340340785675
714.0439932951884,3.397368190852395,13.023183295571025,11.80415704521465,24.827340340785675
715.3039932951884,3.3974299958605116,13.022398710944108,11.804941629841567,24.827340340785675
716.5639932951884,3.397491784455216,13.021567522879057,11.805772817906618,24.827340340785675
717.8239932951884,3.3975535532303347,13.020690542889065,11.80664979789661,24.827340340785675
719.0839932951884,3.3976152988230575,13.01976858021392,11.807571760571754,24.827340340785675
720.3439932951884,3.397677017914449,13.018802441550902,11.808537899234773,24.827340340785675
721.6039932951884,3.3977387072299394,13.017792930792794,11.80954740999288,24.827340340785675
722.8639932951884,3.397800363539782,13.016740848777278,11.810599492008397,24.827340340785675
724.1239932951884,3.397861983659482,13.015646993041907,11.811693347743768,24.827340340785675
725.3839932951884,3.3979235644502017,13.014512157591254,11.812828183194421,24.827340340785675
726.6439932951884,3.3979851028191304,13.013337132668932,11.814003208116743,24.827340340785675
727.9039932951883,3.398046595719842,13.012122704540415,11.81521763624526,24.827340340785675
729.1639932951883,3.3981080401526085,13.010869655283756,11.816470685501919,24.827340340785675
730.4239932951883,3.3981694331647034,13.009578762586528,11.817761578199146,24.827340340785675
731.6839932951883,3.3982307718506615,13.00825079955359,11.819089541232085,24.827340340785675
732.9439932951883,3.3982920533525327,13.006886534520552,11.820453806265123,24.827340340785675
734.2039932951883,3.398353274860094,13.005486730875372,11.821853609910303,24.827340340785675
735.4639932951883,3.3984144336110482,13.004052146888801,11.823288193896873,24.827340340785675
736.7239932951883,3.398475526891191,13.002583535549693,11.824756805235982,24.827340340785675
737.9839932951883,3.3985365520345563,13.001081644410528,11.826258696375147,24.827340340785675
739.2439932951883,3.398597506423539,12.999547215438579,11.827793125347096,24.827340340785675
740.5039932951883,3.3986583874889966,12.997980984873093,11.829359355912581,24.827340340785675
741.7639932951882,3.3987191927103244,12.996383683092315,11.83095665769336,24.827340340785675
743.0239932951882,3.398779919615504,12.994756034484194,11.83258430630148,24.827340340785675
744.2839932951882,3.398840565781148,12.99309875732509,11.834241583460585,24.827340340785675
745.5439932951882,3.3989011288325006,12.9914125636659,11.835927777119775,24.827340340785675
746.8039932951882,3.3989616064434345,12.98969815922221,11.837642181563465,24.827340340785675
748.0639932951882,3.3990219963364177,12.987956243272544,11.83938409751313,24.827340340785675
749.3239932951882,3.3990822962824696,12.98618750856222,11.841152832223456,24.827340340785675
750.5839932951882,3.3991425041010883,12.9843926412121,11.842947699573575,24.827340340785675
751.8439932951882,3.399202617660164,12.982572320635391,11.844768020150283,24.827340340785675
753.1039932951882,3.3992626348758757,12.980727219456675,11.846613121329,24.827340340785675
754.3639932951882,3.399322553712567,12.978858003440214,11.84848233734546,24.827340340785675
755.6239932951881,3.3993823721826053,12.976965331420558,11.850375009365116,24.827340340785675
756.8839932951881,3.3994420883462237,12.975049855240337,11.852290485545337,24.827340340785675
758.1439932951881,3.399501700311355,12.973112219692142,11.854228121093533,24.827340340785675
759.4039932951881,3.399561206233431,12.971153062465467,11.856187278320208,24.827340340785675
760.6639932951881,3.39962060431519,12.969173014098896,11.858167326686779,24.827340340785675
761.9239932951881,3.3996798928064456,12.967172697936581,11.860167642849094,24.827340340785675
763.1839932951881,3.399739070003868,12.965152730089358,11.862187610696317,24.827340340785675
764.4439932951881,3.399798134250723,12.96311371940079,11.864226621384885,24.827340340785675
765.7039932951881,3.399857083936622,12.961056267416058,11.866284073369616,24.827340340785675
766.9639932951881,3.399915917497243,12.958980968357311,11.868359372428364,24.827340340785675
768.223993295188,3.3999746334140504,12.956888409100339,11.870451931685336,24.827340340785675
769.483993295188,3.4000332302139897,12.95477916915846,11.872561171627215,24.827340340785675
770.743993295188,3.4000917064691882,12.952653820666171,11.874686520119504,24.827340340785675
772.003993295188,3.400150060796631,12.95051292837069,11.876827412414984,24.827340340785675
773.263993295188,3.4002082918578296,12.94835704962369,11.878983291161985,24.827340340785675
774.523993295188,3.400266398358485,12.946186734378028,11.881153606407647,24.827340340785675
775.783993295188,3.4003243790481372,12.944002525188518,11.883337815597157,24.827340340785675
777.043993295188,3.400382232719806,12.9418049572139,11.885535383571774,24.827340340785675
778.303993295188,3.400439958209626,12.939594558223673,11.887745782562002,24.827340340785675
779.563993295188,3.400497554396469,12.937371848606915,11.88996849217876,24.827340340785675
780.823993295188,3.4005550202015593,12.935137341384895,11.89220299940078,24.827340340785675
782.083993295188,3.4006123545880866,12.93289154222535,11.894448798560324,24.827340340785675
783.3439932951879,3.4006695565608056,12.930634949460766,11.89670539132491,24.827340340785675
784.6039932951879,3.400726625165633,12.928368054107247,11.898972286678427,24.827340340785675
785.8639932951879,3.4007835594892395,12.926091339888872,11.901249000896803,24.827340340785675
787.1239932951879,3.4008403586586233,12.923805283261471,11.903535057524204,24.827340340785675
788.3839932951879,3.400897021840702,12.921510353440047,11.905829987345628,24.827340340785675
789.6439932951879,3.4009535482418785,12.919207012428787,11.908133328356888,24.827340340785675
790.9039932951879,3.401009937107604,12.91689571505253,11.910444625733145,24.827340340785675
792.1639932951879,3.4010661877219532,12.914576908989899,11.912763431795776,24.827340340785675
793.4239932951879,3.4011222994071773,12.912251034809898,11.915089305975776,24.827340340785675
794.6839932951879,3.401178271523261,12.909918526007683,11.917421814777992,24.827340340785675
795.9439932951879,3.4012341034674765,12.907579809045721,11.919760531739954,24.827340340785675
797.2039932951878,3.4012897946739318,12.905235303392958,11.922105037392717,24.827340340785675
798.4639932951878,3.40134534461312,12.902885421568325,11.92445491921735,24.827340340785675
799.7239932951878,3.401400752791461,12.900530569184134,11.92680977160154,24.827340340785675
800.9839932951878,3.4014560187508467,12.898171144991812,11.929169195793863,24.827340340785675
802.2439932951878,3.4015111420681787,12.895807540928578,11.931532799857097,24.827340340785675
803.5039932951878,3.4015661223549123,12.893440142165218,11.933900198620456,24.827340340785675
804.7639932951878,3.401620959256588,12.891069327155977,11.936271013629698,24.827340340785675
806.0239932951878,3.401675652452373,12.888695467688924,11.93864487309675,24.827340340785675
807.2839932951878,3.401730201654593,12.886318928937161,11.941021411848514,24.827340340785675
808.5439932951878,3.4017846066082744,12.883940069511745,11.94340027127393,24.827340340785675
809.8039932951878,3.401838867090673,12.8815592415153,11.945781099270375,24.827340340785675
811.0639932951877,3.4018929829108115,12.879176790596398,11.948163550189276,24.827340340785675
812.3239932951877,3.4019469539090146,12.876793056004615,11.95054728478106,24.827340340785675
813.5839932951877,3.4020007799564476,12.874408370647147,11.952931970138527,24.827340340785675
814.8439932951877,3.402054460954647,12.872023061145601,11.955317279640074,24.827340340785675
816.1039932951877,3.402107996835064,12.86963744789352,11.957702892892154,24.827340340785675
817.3639932951877,3.4021613875585976,12.867251845113952,11.960088495671723,24.827340340785675
818.6239932951877,3.4022146331151393,12.864866560919012,11.962473779866663,24.827340340785675
819.8839932951877,3.402267733523109,12.862481897368989,11.964858443416686,24.827340340785675
821.1439932951877,3.402320688829003,12.86009815053178,11.967242190253895,24.827340340785675
822.4039932951877,3.4023734991069317,12.857715610543151,11.969624730242524,24.827340340785675
823.6639932951877,3.4024261644581704,12.855334561667657,11.972005779118017,24.827340340785675
824.9239932951876,3.40247868501071,12.852955282359028,11.974385058426646,24.827340340785675
826.1839932951876,3.4025310609188004,12.850578045321827,11.976762295463848,24.827340340785675
827.4439932951876,3.402583292362509,12.848203117572726,11.979137223212948,24.827340340785675
828.7039932951876,3.402635379547274,12.845830760502315,11.98150958028336,24.827340340785675
829.9639932951876,3.4026873227034677,12.843461229936732,11.983879110848942,24.827340340785675
831.2239932951876,3.4027391220859466,12.841094776200306,11.986245564585369,24.827340340785675
832.4839932951876,3.4027907779736286,12.838731644176658,11.988608696609017,24.827340340785675
833.7439932951876,3.402842290669048,12.836372073372113,11.990968267413562,24.827340340785675
835.0039932951876,3.4028936604979356,12.834016297976724,11.99332404280895,24.827340340785675
836.2639932951876,3.4029448878087853,12.831664546928293,11.995675793857382,24.827340340785675
837.5239932951876,3.4029959729724353,12.829317043972274,11.9980232968134,24.827340340785675
838.7839932951875,3.4030469163816437,12.826974007726122,12.000366333059553,24.827340340785675
840.0439932951875,3.4030977184506788,12.824635651739964,12.00270468904571,24.827340340785675
841.3039932951875,3.4031483796148994,12.822302184560062,12.005038156225613,24.827340340785675
842.5639932951875,3.403198900330355,12.819973809789172,12.007366530996503,24.827340340785675
843.8239932951875,3.4032492810733674,12.817650726149193,12.009689614636482,24.827340340785675
845.0839932951875,3.403299522340145,12.815333127542443,12.012007213243232,24.827340340785675
846.3439932951875,3.4033496246463755,12.81302120311367,12.014319137672004,24.827340340785675
847.6039932951875,3.4033995885268364,12.810715137310272,12.016625203475403,24.827340340785675
848.8639932951875,3.4034494145350034,12.808415109943644,12.018925230842031,24.827340340785675
850.1239932951875,3.4034991032426705,12.80612129624984,12.021219044535835,24.827340340785675
851.3839932951875,3.403548655239564,12.803833866950013,12.023506473835662,24.827340340785675
852.6439932951874,3.403598071132967,12.801552988310508,12.025787352475167,24.827340340785675
853.9039932951874,3.403647351547352,12.799278822202023,12.028061518583652,24.827340340785675
855.1639932951874,3.4036964971240056,12.797011526159912,12.030328814625763,24.827340340785675
856.4239932951874,3.4037455085206716,12.794751253442474,12.0325890873432,24.827340340785675
857.6839932951874,3.403794386411189,12.792498153090609,12.034842187695066,24.827340340785675
858.9439932951874,3.403843131485135,12.790252369984383,12.037087970801291,24.827340340785675
860.2039932951874,3.4038917444474777,12.788014044903097,12.039326295882578,24.827340340785675
861.4639932951874,3.4039402260182317,12.785783314581375,12.0415570262043,24.827340340785675
862.7239932951874,3.4039885769321137,12.78356031176643,12.043780029019246,24.827340340785675
863.9839932951874,3.404036797938205,12.781345165275392,12.045995175510283,24.827340340785675
865.2439932951874,3.404084889799625,12.779138000050802,12.048202340734873,24.827340340785675
866.5039932951873,3.4041328532931963,12.776938937216752,12.050401403568923,24.827340340785675
867.7639932951873,3.4041806892091264,12.77474809413384,12.052592246651836,24.827340340785675
869.0239932951873,3.40422839835069,12.772565584454721,12.054774756330954,24.827340340785675
870.2839932951873,3.4042759815339063,12.77039151817753,12.056948822608145,24.827340340785675
871.5439932951873,3.4043234395872446,12.768226001700512,12.059114339085163,24.827340340785675
872.8039932951873,3.404370773351305,12.766069137874876,12.061271202910799,24.827340340785675
874.0639932951873,3.404417983678526,12.763921026058293,12.063419314727382,24.827340340785675
875.3239932951873,3.4044650714328877,12.76178176216612,12.065558578619555,24.827340340785675
876.5839932951873,3.404512037489622,12.759651438724887,12.067688902060787,24.827340340785675
877.8439932951873,3.4045588827349187,12.757530144921796,12.069810195863878,24.827340340785675
879.1039932951873,3.4046056080656553,12.755417966657012,12.071922374128663,24.827340340785675
880.3639932951872,3.4046522143891105,12.753314986593363,12.074025354192312,24.827340340785675
881.6239932951872,3.404698702622695,12.751221284205672,12.076119056580003,24.827340340785675
882.8839932951872,3.404745073693683,12.749136935830409,12.078203404955266,24.827340340785675
884.1439932951872,3.4047913285389475,12.747062014714853,12.080278326070822,24.827340340785675
885.4039932951872,3.4048374681047027,12.744996591063929,12.082343749721746,24.827340340785675
886.6639932951872,3.404883493346246,12.742940732089172,12.084399608696502,24.827340340785675
887.9239932951872,3.404929405227713,12.740894502054042,12.086445838731633,24.827340340785675
889.1839932951872,3.4049752047218265,12.73885796232262,12.088482378463056,24.827340340785675
890.4439932951872,3.4050208928096577,12.736831171403043,12.090509169382631,24.827340340785675
891.7039932951872,3.405066470480386,12.734814184995248,12.092526155790427,24.827340340785675
892.9639932951872,3.405111938731073,12.732807056033812,12.094533284751863,24.827340340785675
894.2239932951871,3.4051572985664276,12.73080983473318,12.096530506052495,24.827340340785675
895.4839932951871,3.405202550998583,12.72882256863147,12.098517772154205,24.827340340785675
896.7439932951871,3.405247697046881,12.72684530263311,12.100495038152564,24.827340340785675
898.0039932951871,3.4052927377376507,12.724878079051182,12.102462261734493,24.827340340785675
899.2639932951871,3.405337674104006,12.72292093765051,12.104419403135164,24.827340340785675
900.5239932951871,3.4053825071856267,12.720973915687912,12.106366425097763,24.827340340785675
901.7839932951871,3.405427238028566,12.719037047953988,12.108303292831687,24.827340340785675
903.0439932951871,3.4054718676850486,12.717110366812468,12.110229973973206,24.827340340785675
904.3039932951871,3.405516397213274,12.715193902241182,12.112146438544492,24.827340340785675
905.5639932951871,3.4055608276772276,12.713287681870261,12.114052658915414,24.827340340785675
906.823993295187,3.4056051601464956,12.711391731021815,12.11594860976386,24.827340340785675
908.083993295187,3.4056493956960807,12.709506072746514,12.11783426803916,24.827340340785675
909.343993295187,3.405693535406228,12.70763072786299,12.119709612922685,24.827340340785675
910.603993295187,3.405737580362244,12.705765714993227,12.121574625792448,24.827340340785675
911.863993295187,3.4057815316543327,12.703911050600162,12.123429290185513,24.827340340785675
913.123993295187,3.4058253903774247,12.702066749023437,12.125273591762237,24.827340340785675
914.383993295187,3.4058691576310163,12.700232822513817,12.127107518271858,24.827340340785675
915.643993295187,3.405912834519011,12.698409281269232,12.128931059516443,24.827340340785675
916.903993295187,3.4059564221495653,12.696596133468596,12.130744207317079,24.827340340785675
918.163993295187,3.4059999216349355,12.694793385305116,12.132546955480558,24.827340340785675
919.423993295187,3.4060433340913328,12.693001041020736,12.134339299764939,24.827340340785675
920.683993295187,3.4060866606387754,12.691219102937184,12.13612123784849,24.827340340785675
921.9439932951869,3.4061299024009553,12.689447571489437,12.137892769296238,24.827340340785675
923.2039932951869,3.406173060505095,12.687686445257132,12.139653895528543,24.827340340785675
924.4639932951869,3.406216136081817,12.685935720994983,12.141404619790691,24.827340340785675
925.7239932951869,3.4062591302650196,12.684195393664648,12.143144947121026,24.827340340785675
926.9839932951869,3.4063020441917415,12.682465456462868,12.144874884322807,24.827340340785675
928.2439932951869,3.406344879002048,12.6807459008535,12.146594439932175,24.827340340785675
929.5039932951869,3.4063876358389074,12.6790367165944,12.148303624191275,24.827340340785675
930.7639932951869,3.4064303158480804,12.677337891767229,12.150002449018446,24.827340340785675
932.0239932951869,3.406472920178002,12.675649412805141,12.151690927980534,24.827340340785675
933.2839932951869,3.4065154499796795,12.67397126451989,12.153369076265784,24.827340340785675
934.5439932951869,3.406557906406579,12.67230343012989,12.155036910655785,24.827340340785675
935.8039932951868,3.406600290614537,12.670645891285725,12.15669444949995,24.827340340785675
937.0639932951868,3.406642603761645,12.66899862809687,12.158341712688804,24.827340340785675
938.3239932951868,3.4066848470081688,12.66736161915725,12.159978721628425,24.827340340785675
939.5839932951868,3.4067270215164447,12.665734841569366,12.161605499216309,24.827340340785675
940.8439932951868,3.4067691284508013,12.664118270970047,12.163222069815628,24.827340340785675
942.1039932951868,3.406811168977465,12.6625118815544,12.164828459231275,24.827340340785675
943.3639932951868,3.406853144264481,12.660915646098813,12.166424694686862,24.827340340785675
944.6239932951868,3.406895055481633,12.65932953598487,12.168010804800804,24.827340340785675
945.8839932951868,3.406936903800368,12.6577535212212,12.169586819564476,24.827340340785675
947.1439932951868,3.4069786903937214,12.656187570466631,12.171152770319043,24.827340340785675
948.4039932951868,3.4070204164362425,12.654631651051375,12.1727086897343,24.827340340785675
949.6639932951867,3.4070620831039373,12.653085728998215,12.17425461178746,24.827340340785675
950.9239932951867,3.407103691574193,12.651549769044374,12.1757905717413,24.827340340785675
952.1839932951867,3.407145243025721,12.650023734660738,12.177316606124936,24.827340340785675
953.4439932951867,3.407186738638499,12.648507588071771,12.178832752713904,24.827340340785675
954.7039932951867,3.4072281795937114,12.647001290276457,12.180339050509218,24.827340340785675
955.9639932951867,3.4072695670737003,12.645504801065522,12.181835539720153,24.827340340785675
957.2239932951867,3.4073109022619104,12.644018079041457,12.183322261744218,24.827340340785675
958.4839932951867,3.4073521863428446,12.642541081636384,12.18479925914929,24.827340340785675
959.7439932951867,3.407393420502018,12.641073765128645,12.18626657565703,24.827340340785675
961.0039932951867,3.407434605925918,12.639616084661847,12.187724256123827,24.827340340785675
962.2639932951867,3.40747574380196,12.638167994260854,12.18917234652482,24.827340340785675
963.5239932951866,3.4075168353184546,12.636729446847985,12.19061089393769,24.827340340785675
964.7839932951866,3.407557881664571,12.635300394259486,12.192039946526188,24.827340340785675
966.0439932951866,3.4075988840303055,12.633880787261527,12.193459553524148,24.827340340785675
967.3039932951866,3.4076398436064594,12.632470575563968,12.194869765221707,24.827340340785675
968.5639932951866,3.4076807615845985,12.631069707837081,12.196270632948593,24.827340340785675
969.8239932951866,3.407721639157042,12.629678131723907,12.197662209061768,24.827340340785675
971.0839932951866,3.407762477516838,12.628295793855777,12.199044546929898,24.827340340785675
972.3439932951866,3.407803277857741,12.626922639865377,12.200417700920298,24.827340340785675
973.6039932951866,3.4078440413741995,12.62555861439902,12.201781726386654,24.827340340785675
974.8639932951866,3.4078847692613414,12.624203661130837,12.203136679654838,24.827340340785675
976.1239932951866,3.407925462714961,12.622857722773832,12.204482618011843,24.827340340785675
977.3839932951865,3.407966122931515,12.62152074109277,12.205819599692905,24.827340340785675
978.6439932951865,3.4080067511081076,12.620192656914787,12.207147683870888,24.827340340785675
979.9039932951865,3.4080473484424973,12.618873410141294,12.20846693064438,24.827340340785675
981.1639932951865,3.4080879161330877,12.617562939757986,12.209777401027688,24.827340340785675
982.4239932951865,3.4081284553789306,12.616261183846337,12.211079156939338,24.827340340785675
983.6839932951865,3.408168967379731,12.61496807959194,12.212372261193735,24.827340340785675
984.9439932951865,3.408209453335848,12.613683563295144,12.213656777490531,24.827340340785675
986.2039932951865,3.408249914448311,12.612407570380567,12.214932770405108,24.827340340785675
987.4639932951865,3.4082903519188217,12.6111400354042,12.216200305381475,24.827340340785675
988.7239932951865,3.4083307669497707,12.609880892064039,12.217459448721636,24.827340340785675
989.9839932951865,3.408371160744254,12.608630073206008,12.218710267579667,24.827340340785675
991.2439932951864,3.408411534506091,12.607387510832838,12.219952829952836,24.827340340785675
992.5039932951864,3.408451889439835,12.606153136111173,12.221187204674502,24.827340340785675
993.7639932951864,3.4084922267508087,12.604926879377738,12.222413461407937,24.827340340785675
995.0239932951864,3.4085325476451214,12.603708670146846,12.223631670638829,24.827340340785675
996.2839932951864,3.4085728533296957,12.602498437115369,12.224841903670306,24.827340340785675
997.5439932951864,3.4086131450122976,12.601296108169763,12.226044232615912,24.827340340785675
998.8039932951864,3.4086534239015673,12.600101610389885,12.22723873039579,24.827340340785675
1000.0639932951864,3.408693691207055,12.598914870055339,12.228425470730336,24.827340340785675
1001.3239932951864,3.4087339481392545,12.597735812649056,12.229604528136619,24.827340340785675
1002.5839932951864,3.408774195909641,12.59656436286234,12.230775977923335,24.827340340785675
1003.8439932951864,3.4088144357307146,12.595400444597567,12.231939896188107,24.827340340785675
1005.1039932951863,3.40885466881604,12.594243980972967,12.233096359812707,24.827340340785675
1006.3639932951863,3.4088948963802945,12.593094894324526,12.234245446461149,24.827340340785675
1007.6239932951863,3.408935119639313,12.591953106209496,12.235387234576178,24.827340340785675
1008.8839932951863,3.408975339810139,12.590818537408166,12.236521803377508,24.827340340785675
1010.1439932951863,3.4090155581110757,12.589691107926022,12.237649232859653,24.827340340785675
1011.4039932951863,3.409055775761745,12.588570736995145,12.23876960379053,24.827340340785675
1012.6639932951863,3.4090959939831365,12.587457343075826,12.239882997709849,24.827340340785675
1013.9239932951863,3.4091362139976726,12.586350843856447,12.240989496929227,24.827340340785675
1015.1839932951863,3.4091764370292705,12.58525115625486,12.242089184530816,24.827340340785675
1016.4439932951863,3.4092166643033996,12.584158196417366,12.243182144368308,24.827340340785675
1017.7039932951863,3.4092568970471557,12.583071879719368,12.244268461066307,24.827340340785675
1018.9639932951862,3.4092971364893265,12.581992120764122,12.245348220021553,24.827340340785675
1020.2239932951862,3.40933738386046,12.580918833381256,12.246421507404419,24.827340340785675
1021.4839932951862,3.4093776403929423,12.579851930625374,12.247488410160301,24.827340340785675
1022.7439932951862,3.4094179073210715,12.578791324774786,12.24854901601089,24.827340340785675
1024.0039932951863,3.4094581858811357,12.577736927328184,12.249603413457491,24.827340340785675
1025.2639932951863,3.4094984773114962,12.576688649002183,12.250651691783492,24.827340340785675
1026.5239932951863,3.409538782852672,12.57564639972874,12.251693941056935,24.827340340785675
1027.7839932951863,3.4095791037474186,12.574610088650171,12.252730252135503,24.827340340785675
1029.0439932951863,3.4096194412408254,12.573579624117457,12.253760716668218,24.827340340785675
1030.3039932951863,3.409659796580401,12.572554913683247,12.254785427102428,24.827340340785675
1031.5639932951863,3.409700171016172,12.571535864099006,12.255804476686668,24.827340340785675
1032.8239932951863,3.4097405658007762,12.570522381308416,12.256817959477258,24.827340340785675
1034.0839932951862,3.4097809821895595,12.569514370443322,12.257825970342353,24.827340340785675
1035.3439932951862,3.409821421440685,12.568511735816005,12.25882860496967,24.827340340785675
1036.6039932951862,3.4098618848152302,12.567514380913394,12.25982595987228,24.827340340785675
1037.8639932951862,3.4099023735773,12.566522208390207,12.260818132395467,24.827340340785675
1039.1239932951862,3.409942888994135,12.565535120061456,12.261805220724218,24.827340340785675
1040.3839932951862,3.409983432336221,12.56455301689434,12.262787323891335,24.827340340785675
1041.6439932951862,3.4100240048774126,12.56357579900056,12.263764541785115,24.827340340785675
1042.9039932951862,3.410064607895046,12.56260336562671,12.264736975158964,24.827340340785675
1044.1639932951862,3.4101052426700647,12.561635615145764,12.26570472563991,24.827340340785675
1045.4239932951862,3.41014591048714,12.560672445047068,12.266667895738607,24.827340340785675
1046.6839932951862,3.4101866126348046,12.559713751926129,12.267626588859546,24.827340340785675
1047.9439932951861,3.410227350405583,12.558759431474034,12.268580909311641,24.827340340785675
1049.2039932951861,3.4102681250961213,12.557809378466708,12.269530962318967,24.827340340785675
1050.4639932951861,3.4103089380073297,12.556863486752341,12.270476854033333,24.827340340785675
1051.7239932951861,3.410349790444522,12.55592164924005,12.271418691545625,24.827340340785675
1052.983993295186,3.41039068371756,12.554983757886788,12.272356582898887,24.827340340785675
1054.243993295186,3.4104316191410025,12.554049703684631,12.273290637101043,24.827340340785675
1055.503993295186,3.410472598034255,12.55311937664602,12.274220964139655,24.827340340785675
1056.763993295186,3.4105136217217256,12.552192665791111,12.275147674994564,24.827340340785675
1058.023993295186,3.4105546915329836,12.55126945913144,12.276070881654235,24.827340340785675
1059.283993295186,3.4105958088029196,12.550349643655352,12.276990697130323,24.827340340785675
1060.543993295186,3.4106369748719185,12.549433105311671,12.277907235474004,24.827340340785675
1061.803993295186,3.410678191086021,12.548519728993933,12.278820611791742,24.827340340785675
1063.063993295186,3.410719458797103,12.547609398522095,12.27973094226358,24.827340340785675
1064.323993295186,3.4107607793630508,12.546701996625838,12.280638344159836,24.827340340785675
1065.583993295186,3.4108021541479436,12.545797404925453,12.281542935860221,24.827340340785675
1066.843993295186,3.410843584522243,12.544895503914491,12.282444836871184,24.827340340785675
1068.103993295186,3.4108850718629813,12.543996172937412,12.283344167848263,24.827340340785675
1069.363993295186,3.4109266175539537,12.543099290171964,12.28424105061371,24.827340340785675
1070.623993295186,3.410968222985924,12.542204732606677,12.285135608178997,24.827340340785675
1071.883993295186,3.4110098895568215,12.541312376020308,12.286027964765367,24.827340340785675
1073.143993295186,3.411051618671959,12.540422094958656,12.28691824582702,24.827340340785675
1074.403993295186,3.411093411744237,12.53953376271225,12.287806578073425,24.827340340785675
1075.663993295186,3.4111352701943707,12.538647251292485,12.28869308949319,24.827340340785675
1076.923993295186,3.4111771954511054,12.537762431406613,12.289577909379062,24.827340340785675
1078.183993295186,3.4112191889514576,12.536879172433393,12.290461168352282,24.827340340785675
1079.443993295186,3.4112612521409345,12.535997342396408,12.291342998389267,24.827340340785675
1080.703993295186,3.4113033864737843,12.535116807937563,12.292223532848112,24.827340340785675
1081.963993295186,3.4113455934132406,12.534237434289787,12.293102906495887,24.827340340785675
1083.223993295186,3.4113878744317687,12.533359085247843,12.293981255537831,24.827340340785675
1084.4839932951859,3.411430231011329,12.53248162313961,12.294858717646065,24.827340340785675
1085.7439932951859,3.4114726646436337,12.53160490879567,12.295735431990005,24.827340340785675
1087.0039932951859,3.411515176830422,12.530728801518357,12.296611539267317,24.827340340785675
1088.2639932951859,3.4115577690837324,12.52985315904998,12.297487181735695,24.827340340785675
1089.5239932951858,3.4116004429261872,12.528977837539047,12.298362503246627,24.827340340785675
1090.7839932951858,3.4116431998912793,12.528102691507623,12.299237649278052,24.827340340785675
1092.0439932951858,3.4116860415236725,12.527227573815283,12.300112766970392,24.827340340785675
1093.3039932951858,3.4117289693794985,12.526352335624086,12.300988005161589,24.827340340785675
1094.5639932951858,3.411771985026674,12.52547682636047,12.301863514425206,24.827340340785675
1095.8239932951858,3.4118150900452133,12.524600893679104,12.302739447106571,24.827340340785675
1097.0839932951858,3.4118582860275604,12.523724383421197,12.303615957364478,24.827340340785675
1098.3439932951858,3.4119015745789136,12.522847139576642,12.304493201209032,24.827340340785675
1099.6039932951858,3.411944957317578,12.521969004241143,12.305371336544532,24.827340340785675
1100.8639932951858,3.411988435875309,12.52108981757387,12.306250523211805,24.827340340785675
1102.1239932951858,3.412032011897677,12.520209417753598,12.307130923032076,24.827340340785675
1103.3839932951857,3.4120756870444255,12.519327640933811,12.308012699851863,24.827340340785675
1104.6439932951857,3.4121194629898617,12.518444321195718,12.308896019589957,24.827340340785675
1105.9039932951857,3.4121633414232337,12.517559290500916,12.309781050284759,24.827340340785675
1107.1639932951857,3.412207324049133,12.516672378642035,12.31066796214364,24.827340340785675
1108.4239932951857,3.4122514125878953,12.515783413191704,12.311556927593971,24.827340340785675
1109.6839932951857,3.4122956087760237,12.514892219450983,12.312448121334691,24.827340340785675
1110.9439932951857,3.412339914366614,12.513998620396146,12.313341720389529,24.827340340785675
1112.2039932951857,3.412384331129793,12.513102436622237,12.314237904163438,24.827340340785675
1113.4639932951857,3.4124288608531694,12.512203486287463,12.315136854498212,24.827340340785675
1114.7239932951857,3.4124735053422954,12.51130158505396,12.316038755731714,24.827340340785675
1115.9839932951857,3.412518266421143,12.510396546028375,12.3169437947573,24.827340340785675
1117.2439932951856,3.4125631459325887,12.50948817969993,12.317852161085744,24.827340340785675
1118.5039932951856,3.412608145738912,12.508576293875416,12.318764046910259,24.827340340785675
1119.7639932951856,3.4126532677223134,12.507660693615977,12.319679647169698,24.827340340785675
1121.0239932951856,3.4126985137854327,12.506741181166866,12.320599159618808,24.827340340785675
1122.2839932951856,3.412743885851901,12.505817555890316,12.32152278489536,24.827340340785675
1123.5439932951856,3.4127893858668856,12.504889614192447,12.322450726593228,24.827340340785675
1124.8039932951856,3.4128350157976657,12.503957149450516,12.323383191335159,24.827340340785675
1126.0639932951856,3.412880777634221,12.5030199519359,12.324320388849774,24.827340340785675
1127.3239932951856,3.4129266733898294,12.502077808737502,12.325262532048173,24.827340340785675
1128.5839932951856,3.4129727051016894,12.501130503679402,12.326209837106273,24.827340340785675
1129.8439932951856,3.4130188748315566,12.500177817239653,12.327162523546022,24.827340340785675
1131.1039932951855,3.413065184666397,12.499219526463563,12.328120814322112,24.827340340785675
1132.3639932951855,3.413111636719061,12.498255404876502,12.329084935909172,24.827340340785675
1133.6239932951855,3.4131582331289736,12.49728522239257,12.330055118393105,24.827340340785675
1134.8839932951855,3.4132049760628527,12.496308745221437,12.331031595564237,24.827340340785675
1136.1439932951855,3.4132518677154313,12.495325735772244,12.33201460501343,24.827340340785675
1137.4039932951855,3.4132989103102203,12.494335952553536,12.333004388232139,24.827340340785675
1138.6639932951855,3.4133461061002786,12.493339150071368,12.334001190714307,24.827340340785675
1139.9239932951855,3.413393457369013,12.492335078724123,12.335005262061552,24.827340340785675
1141.1839932951855,3.4134409664310033,12.491323484692575,12.3360168560931,24.827340340785675
1142.4439932951855,3.413488635632844,12.490304109828754,12.33703623095692,24.827340340785675
1143.7039932951855,3.4135364673540174,12.489276691538995,12.33806364924668,24.827340340785675
1144.9639932951854,3.413584464007793,12.48824096266571,12.339099378119965,24.827340340785675
1146.2239932951854,3.4136326280421487,12.487196651362913,12.340143689422762,24.827340340785675
1147.4839932951854,3.41368096194073,12.486143480969734,12.341196859815941,24.827340340785675
1148.7439932951854,3.4137294682238237,12.485081169879097,12.342259170906578,24.827340340785675
1150.0039932951854,3.4137781494493793,12.484009431401761,12.343330909383914,24.827340340785675
1151.2639932951854,3.4138270082140485,12.482927973626827,12.344412367158847,24.827340340785675
1152.5239932951854,3.413876047154261,12.481836499277055,12.34550384150862,24.827340340785675
1153.7839932951854,3.4139252689473367,12.480734705559346,12.346605635226329,24.827340340785675
1155.0439932951854,3.413974676312631,12.479622284011706,12.347718056773969,24.827340340785675
1156.3039932951854,3.414024272012714,12.478498920342574,12.348841420443101,24.827340340785675
1157.5639932951854,3.4140740588545984,12.477364294267305,12.34997604651837,24.827340340785675
1158.8239932951853,3.414124039690989,12.476218079337555,12.35112226144812,24.827340340785675
1160.0839932951853,3.4141742174215852,12.475059942766539,12.352280398019136,24.827340340785675
1161.3439932951853,3.4142245949944305,12.473889545245665,12.35345079554001,24.827340340785675
1162.6039932951853,3.414275175407288,12.472706540758576,12.354633800027099,24.827340340785675
1163.8639932951853,3.4143259617090873,12.471510576385068,12.355829764400607,24.827340340785675
1165.1239932951853,3.4143769570013904,12.47030129210177,12.357039048683905,24.827340340785675
1166.3839932951853,3.4144281644399297,12.469078320572882,12.358262020212793,24.827340340785675
1167.6439932951853,3.414479587236188,12.467841286935716,12.359499053849959,24.827340340785675
1168.9039932951853,3.414531228659038,12.466589808577904,12.36075053220777,24.827340340785675
1170.1639932951853,3.4145830920364277,12.465323494906876,12.362016845878799,24.827340340785675
1171.4239932951853,3.414635180757134,12.464041947110658,12.363298393675016,24.827340340785675
1172.6839932951852,3.414687498272572,12.462744757911567,12.364595582874108,24.827340340785675
1173.9439932951852,3.4147400480986736,12.461431511309748,12.365908829475927,24.827340340785675
1175.2039932951852,3.4147928338178235,12.460101782316881,12.367238558468793,24.827340340785675
1176.4639932951852,3.4148458590808635,12.45875513668298,12.368585204102695,24.827340340785675
1177.7239932951852,3.414899127609188,12.457391130609938,12.369949210175736,24.827340340785675
1178.9839932951852,3.4149526431968837,12.456009310456789,12.371331030328886,24.827340340785675
1180.2439932951852,3.4150064097129693,12.454609212433096,12.372731128352578,24.827340340785675
1181.5039932951852,3.415060431103718,12.453190362280587,12.374149978505088,24.827340340785675
1182.7639932951852,3.4151147113950437,12.451752274944583,12.375588065841091,24.827340340785675
1184.0239932951852,3.415169254694998,12.450294454230129,12.377045886555546,24.827340340785675
1185.2839932951852,3.415224065196353,12.448816392448345,12.37852394833733,24.827340340785675
1186.5439932951851,3.4152791471792776,12.44731757004664,12.380022770739036,24.827340340785675
1187.8039932951851,3.415334505014114,12.445797455225618,12.381542885560057,24.827340340785675
1189.0639932951851,3.4153901431642697,12.444255503542047,12.383084837243628,24.827340340785675
1190.3239932951851,3.41544606618921,12.442691157494362,12.384649183291312,24.827340340785675
1191.583993295185,3.4155022787475695,12.441103846093577,12.386236494692097,24.827340340785675
1192.843993295185,3.4155587856003886,12.439492984416782,12.387847356368892,24.827340340785675
1194.103993295185,3.4156155916144715,12.437857973141734,12.389482367643941,24.827340340785675
1195.363993295185,3.4156727017658786,12.43619819806451,12.391142142721165,24.827340340785675
1196.623993295185,3.4157301211435636,12.43451302959649,12.392827311189185,24.827340340785675
1197.883993295185,3.4157878549531433,12.432801822241158,12.394538518544516,24.827340340785675
1199.143993295185,3.4158459085208355,12.431063914048885,12.39627642673679,24.827340340785675
1200.403993295185,3.4159042872975465,12.429298626050866,12.39804171473481,24.827340340785675
1201.663993295185,3.4159629968631307,12.427505261667115,12.39983507911856,24.827340340785675
1202.923993295185,3.4160220429308255,12.42568310609114,12.401657234694534,24.827340340785675
1204.183993295185,3.416081431351873,12.423831425648455,12.40350891513722,24.827340340785675
1205.443993295185,3.416141168120331,12.42194946712805,12.405390873657625,24.827340340785675
1206.703993295185,3.4162012593780973,12.42003645708304,12.407303883702635,24.827340340785675
1207.963993295185,3.416261711420137,12.418091601104303,12.409248739681372,24.827340340785675
1209.223993295185,3.4163225306999423,12.41611408306006,12.411226257725614,24.827340340785675
1210.483993295185,3.416383723835233,12.414103064303088,12.413237276482587,24.827340340785675
1211.743993295185,3.4164452976138926,12.41205768284203,12.415282657943644,24.827340340785675
1213.003993295185,3.4165072590001815,12.409977052476675,12.417363288309,24.827340340785675
1214.263993295185,3.4165696151412193,12.407860261893644,12.41948007889203,24.827340340785675
1215.523993295185,3.4166323733737576,12.405706373721625,12.42163396706405,24.827340340785675
1216.783993295185,3.4166955412312627,12.403514423541722,12.423825917243953,24.827340340785675
1218.043993295185,3.4167591264513195,12.401283418855199,12.426056921930476,24.827340340785675
1219.303993295185,3.4168231369833744,12.399012337999778,12.428328002785896,24.827340340785675
1220.563993295185,3.416887580996841,12.396700129017898,12.430640211767777,24.827340340785675
1221.823993295185,3.416952466889589,12.394345708469544,12.432994632316131,24.827340340785675
1223.0839932951849,3.4170178032968193,12.391947960189984,12.43539238059569,24.827340340785675
1224.3439932951849,3.4170835991003834,12.389505733985953,12.437834606799722,24.827340340785675
1225.6039932951849,3.4171595301188806,12.385479078568428,12.441861262217246,24.827340340785675
1226.8639932951849,3.4173266879975928,12.36697601138173,12.460364329403944,24.827340340785675
1228.1239932951848,3.4174952700054213,12.348307035670482,12.479033305115193,24.827340340785675
1229.3839932951848,3.4176652985506473,12.32946942949814,12.497870911287535,24.827340340785675
1230.6439932951848,3.417836796553272,12.31046040689277,12.516879933892906,24.827340340785675
1231.9039932951848,3.4180097874608864,12.291277115822083,12.536063224963591,24.827340340785675
1233.1639932951848,3.4181842952651436,12.271916636090182,12.555423704695492,24.827340340785675
1234.4239932951848,3.418360344518875,12.252375977150942,12.574964363634733,24.827340340785675
1235.6839932951848,3.4185379603538664,12.232652075837217,12.594688264948458,24.827340340785675
1236.9439932951848,3.4187171684993363,12.212741793998159,12.614598546787516,24.827340340785675
1238.2039932951848,3.418897995301143,12.192641916043362,12.634698424742313,24.827340340785675
1239.4639932951848,3.4190804677417588,12.172349146387011,12.654991194398663,24.827340340785675
1240.7239932951848,3.419264613461041,12.151860106790172,12.675480233995502,24.827340340785675
1241.9839932951847,3.4194504607778513,12.131171333591665,12.69616900719401,24.827340340785675
1243.2439932951847,3.4196380387125496,12.110279274827679,12.717061065957996,24.827340340785675
1244.5039932951847,3.419827377010417,12.089180287229505,12.73816005355617,24.827340340785675
1245.7639932951847,3.4200185061660417,12.067870633097655,12.75946970768802,24.827340340785675
1247.0239932951847,3.4202114574487417,12.046346477042105,12.78099386374357,24.827340340785675
1248.2839932951847,3.4204062629290233,12.024603882586547,12.802736458199128,24.827340340785675
1249.5439932951847,3.4206029555062027,12.002638808623438,12.824701532162237,24.827340340785675
1250.8039932951847,3.4208015689371774,11.98044710572017,12.846893235065505,24.827340340785675
1252.0639932951847,3.421002137866453,11.958024512261183,12.869315828524492,24.827340340785675
1253.3239932951847,3.4212046978574735,11.93536665042234,12.891973690363335,24.827340340785675
1254.5839932951847,3.4214092854253213,11.912469021966306,12.914871318819369,24.827340340785675
1255.8439932951846,3.421615938070868,11.889327003850935,12.93801333693474,24.827340340785675
1257.1039932951846,3.4218246943164465,11.865935843639782,12.961404497145892,24.827340340785675
1258.3639932951846,3.422035593743117,11.842290654704087,12.985049686081588,24.827340340785675
1259.6239932951846,3.4222486770296445,11.81838641120524,13.008953929580434,24.827340340785675
1260.8839932951846,3.4224639859932315,11.794217942846046,13.033122397939628,24.827340340785675
1262.1439932951846,3.4226815636321573,11.76977992937694,13.057560411408735,24.827340340785675
1263.4039932951846,3.422901454170378,11.745066894845658,13.082273445940016,24.827340340785675
1264.6639932951846,3.423123703104242,11.72007320157165,13.107267139214025,24.827340340785675
1265.9239932951846,3.4233483572513976,11.694793043836025,13.13254729694965,24.827340340785675
1267.1839932951846,3.423575464802057,11.669220441264578,13.158119899521097,24.827340340785675
1268.4439932951846,3.423805075372722,11.643349231889632,13.183991108896043,24.827340340785675
1269.7039932951845,3.4240372400625274,11.617173064871878,13.210167275913797,24.827340340785675
1270.9639932951845,3.4242720115123544,11.590685392861321,13.236654947924354,24.827340340785675
1272.2239932951845,3.4245094439668753,11.5638794639752,13.263460876810475,24.827340340785675
1273.4839932951845,3.4247495933396928,11.536748313373037,13.290592027412638,24.827340340785675
1274.7439932951845,3.4249925172817934,11.509284754400786,13.318055586384888,24.827340340785675
1276.0039932951845,3.4252382752534687,11.481481369280324,13.34585897150535,24.827340340785675
1277.2639932951845,3.4254869285999545,11.453330499315967,13.374009841469707,24.827340340785675
1278.5239932951845,3.425738540630997,11.424824234586735,13.40251610619894,24.827340340785675
1279.7839932951845,3.4259931767045995,11.3959544030945,13.431385937691175,24.827340340785675
1281.0439932951845,3.426250904315209,11.366712559330443,13.460627781455232,24.827340340785675
1282.3039932951845,3.42651179318663,11.33708997222631,13.490250368559364,24.827340340785675
1283.5639932951844,3.4267759153699586,11.307077612447403,13.520262728338272,24.827340340785675
1284.8239932951844,3.42704334534687,11.276666138986913,13.550674201798762,24.827340340785675
1286.0839932951844,3.427314160138614,11.245845885014393,13.581494455771281,24.827340340785675
1287.3439932951844,3.4275884394210863,11.214606842929502,13.612733497856173,24.827340340785675
1288.6039932951844,3.42786626564638,11.182938648566315,13.64440169221936,24.827340340785675
1289.8639932951844,3.4281477241712737,11.150830564492157,13.676509776293518,24.827340340785675
1291.1239932951844,3.4284329033931087,11.118271462339283,13.709068878446391,24.827340340785675
1292.3839932951844,3.428721894893567,11.085249804099684,13.742090536685991,24.827340340785675
1293.6439932951844,3.4290147935909174,11.051753622313603,13.775586718472072,24.827340340785675
1294.9039932951844,3.429311697901307,11.017770499071839,13.809569841713836,24.827340340785675
1296.1639932951844,3.4296127099097546,10.98328754374727,13.844052797038405,24.827340340785675
1297.4239932951843,3.4299179355515306,10.94829136936423,13.879048971421446,24.827340340785675
1298.6839932951843,3.4302274848046994,10.912768067505638,13.914572273280037,24.827340340785675
1299.9439932951843,3.4305414718946223,10.876703181651036,13.950637159134638,24.827340340785675
1301.2039932951843,3.430860015511336,10.840081678825722,13.987258661959952,24.827340340785675
1302.4639932951843,3.431183239040746,10.802887919437932,14.024452421347743,24.827340340785675
1303.7239932951843,3.4315112708107187,10.765105625160082,14.062234715625593,24.827340340785675
1304.9839932951843,3.4318442443531896,10.726717844708546,14.10062249607713,24.827340340785675
1306.2439932951843,3.432182298683559,10.68770691735296,14.139633423432715,24.827340340785675
1307.5039932951843,3.4325255785987223,10.648054433978656,14.179285906807019,24.827340340785675
1308.7639932951843,3.4328742349952233,10.607741195506053,14.219599145279622,24.827340340785675
1310.0239932951843,3.433228425209171,10.566747168450718,14.260593172334957,24.827340340785675
1311.2839932951842,3.4335883133796643,10.525051437393602,14.302288903392073,24.827340340785675
1312.5439932951842,3.433954070837706,10.48263215410142,14.344708186684255,24.827340340785675
1313.8039932951842,3.4343258765227134,10.439466483019418,14.387873857766257,24.827340340785675
1315.0639932951842,3.434703917428979,10.395530542825846,14.43180979795983,24.827340340785675
1316.3239932951842,3.4350883890846378,10.35079934370951,14.476540997076166,24.827340340785675
1317.5839932951842,3.4354794960659856,10.305246720001092,14.522093620784583,24.827340340785675
1318.8439932951842,3.4358774525502382,10.25884525774237,14.568495083043304,24.827340340785675
1320.1039932951842,3.436282482910176,10.211566216747787,14.615774124037888,24.827340340785675
1321.3639932951842,3.436694822354452,10.16337944665465,14.663960894131025,24.827340340785675
1322.6239932951842,3.4371147176177295,10.114253296413757,14.713087044371918,24.827340340785675
1323.8839932951842,3.4375424277052864,10.064154516611577,14.763185824174098,24.827340340785675
1325.1439932951841,3.4379782246971997,10.013048153947551,14.814292186838124,24.827340340785675
1326.4039932951841,3.4384223946177643,9.960897437120458,14.866442903665217,24.827340340785675
1327.6639932951841,3.4388752383764545,9.907663653294073,14.919676687491602,24.827340340785675
1328.9239932951841,3.4393370727874437,9.853306014218115,14.97403432656756,24.827340340785675
1330.183993295184,3.4398082316754053,9.797781510981158,15.029558829804516,24.827340340785675
1331.443993295184,3.440289067076349,9.741044756250577,15.086295584535097,24.827340340785675
1332.703993295184,3.4407799505430945,9.683047812725347,15.144292528060328,24.827340340785675
1333.963993295184,3.441281274566241,9.623740006375952,15.203600334409723,24.827340340785675
1335.223993295184,3.441793454122683,9.563067722883645,15.26427261790203,24.827340340785675
1336.483993295184,3.442316928365244,9.50097418549144,15.326366155294235,24.827340340785675
1337.743993295184,3.44285216246857,9.437399212270062,15.389941128515613,24.827340340785675
1339.003993295184,3.44339964964836,9.372278950557867,15.455061390227808,24.827340340785675
1340.263993295184,3.443959913373059,9.30554558604983,15.521794754735845,24.827340340785675
1341.523993295184,3.4445335097896064,9.237127023704922,15.590213317080753,24.827340340785675
1342.783993295184,3.445121030387507,9.16694653727274,15.660393803512935,24.827340340785675
1344.043993295184,3.445723104928663,9.094922383842297,15.732417956943378,24.827340340785675
1345.303993295184,3.4463404046738906,9.02096737934627,15.806372961439404,24.827340340785675
1346.563993295184,3.4469736459411333,8.944988430432629,15.882351910353046,24.827340340785675
1347.823993295184,3.4476235940349356,8.866886017511638,15.960454323274037,24.827340340785675
1349.083993295184,3.4482910675919864,8.786553623114171,16.0407867176715,24.827340340785675
1350.343993295184,3.448976943393474,8.703877098919152,16.123463241866524,24.827340340785675
1351.603993295184,3.449682161701739,8.618733963941343,16.20860637684433,24.827340340785675
1352.863993295184,3.4504077321863176,8.530992625386066,16.29634771539961,24.827340340785675
1354.123993295184,3.451154740513098,8.440511512569058,16.386828828216615,24.827340340785675
1355.383993295184,3.451924355679906,8.347138113071608,16.480202227714067,24.827340340785675
1356.643993295184,3.452717838192632,8.250707898933547,16.576632441852126,24.827340340785675
1357.903993295184,3.4535365491877816,8.151043129188231,16.676297211597443,24.827340340785675
1359.163993295184,3.4543819606202115,8.047951513451048,16.77938882733463,24.827340340785675
1360.423993295184,3.4552556666484553,7.941224719578359,16.886115621207317,24.827340340785675
1361.6839932951839,3.4561593963640758,7.830636706732352,16.996703634053322,24.827340340785675
1362.9439932951839,3.457095028025113,7.715941863598126,17.11139847718755,24.827340340785675
1364.2039932951839,3.4580646049657315,7.596872930207409,17.230467410578264,24.827340340785675
1365.4639932951839,3.459070353362446,7.473138681120868,17.354201659664806,24.827340340785675
1366.7239932951838,3.460114702038603,7.344421348094476,17.482918992691197,24.827340340785675
1367.9839932951838,3.461200304477905,7.210373762519315,17.61696657826636,24.827340340785675
1369.2439932951838,3.4623300631867218,7.0706162030421105,17.756724137743564,24.827340340785675
1370.5039932951838,3.463507156481301,6.924732943560178,17.902607397225495,24.827340340785675
1371.7639932951838,3.4647350676606834,6.77226851395409,18.055071826831586,24.827340340785675
1373.0239932951838,3.466017616329845,6.6127237145286575,18.21461662625702,24.827340340785675
1374.2839932951838,3.4673589913152427,6.445551471491931,18.381788869293743,24.827340340785675
1375.5439932951838,3.4687637840972534,6.270152694482127,18.557187646303547,24.827340340785675
1376.8039932951838,3.470237020864929,6.085872412865064,18.74146792792061,24.827340340785675
1378.0639932951838,3.4717841900149016,5.891996647722292,18.935343693063384,24.827340340785675
1379.3239932951838,3.473411259919368,5.687750755387948,19.139589585397726,24.827340340785675
1380.5839932951837,3.4751246786986494,5.472300408026233,19.355039932759443,24.827340340785675
1381.8439932951837,3.4769313429813713,5.24475703505637,19.582583305729305,24.827340340785675
1383.1039932951837,3.4788385153749983,5.004190551200879,19.823149789584797,24.827340340785675
1384.3639932951837,3.4808536593905544,4.749653706543425,20.077686634242248,24.827340340785675
1385.6239932951837,3.482984144229663,4.480224631387456,20.347115709398217,24.827340340785675
1386.8839932951837,3.4852367481861846,4.195077374015978,20.632262966769698,24.827340340785675
1388.1439932951837,3.48761685674982,3.8935946564627306,20.933745684322943,24.827340340785675
1389.4039932951837,3.490127210308543,3.575542602599325,21.25179773818635,24.827340340785675
1390.6639932951837,3.492766014177952,3.2413327309598596,21.586007609825813,24.827340340785675
1391.9239932951837,3.4955242061367784,2.8923984487111696,21.934941892074505,24.827340340785675
1393.1839932951837,3.498381748407869,2.5317026420869344,22.29563769869874,24.827340340785675
1394.4439932951836,3.501303105852934,2.164351315488257,22.662989025297417,24.827340340785675
1395.7039932951836,3.504232802869011,1.7981866248807339,23.02915371590494,24.827340340785675
1396.9639932951836,3.5070932903069014,1.4440485559407414,23.383291784844932,24.827340340785675
1398.2119191871693,3.5097642310011787,1.1181647755034685,23.709175565282205,24.827340340785675
1399.3569578417896,3.5119897160663696,0.852339261262524,23.97500107952315,24.827340340785675
1400.4308926093845,3.5138240789279003,0.6395996949573953,24.187740645828278,24.827340340785675
1401.4609096710408,3.515326610914128,0.4723219979797246,24.355018342805952,24.827340340785675
1402.4694104547484,3.5165542315187595,0.3431843917823124,24.484155949003362,24.827340340785675
1403.475597667254,3.5175600118443033,0.24539030357287694,24.5819500372128,24.827340340785675
1404.496593731694,3.51839210816409,0.1728303721534655,24.65450996863221,24.827340340785675
1405.5482956389885,3.5190932114865885,0.12017241231002289,24.707167928475652,24.827340340785675
1406.6461147763152,3.519700509572489,0.08288325790626964,24.744457082879403,24.827340340785675
1407.805708482937,3.520246068099612,0.05719836809743225,24.770141972688243,24.827340340785675
1409.0437853694089,3.520757508173653,0.040058952502163445,24.78728138828351,24.827340340785675
1410.3037853694088,3.5212315763052153,0.029508238880146937,24.797832101905527,24.827340340785675
1411.5637853694088,3.5216783438016956,0.02320790648245789,24.804132434303217,24.827340340785675
1412.8237853694088,3.52211013058063,0.019460645715148203,24.807879695070525,24.827340340785675
1414.0837853694088,3.522534494476087,0.017230491409245197,24.81010984937643,24.827340340785675
1415.3437853694088,3.522956014706291,0.01589409791308188,24.81144624287259,24.827340340785675
1416.6037853694088,3.523377445676115,0.015080331814610597,24.812260008971066,24.827340340785675
1417.8637853694088,3.523800439724684,0.014570070075557084,24.812770270710118,24.827340340785675
1419.1237853694088,3.524225990704386,0.01423486147646725,24.813105479309208,24.827340340785675
1420.3837853694088,3.5246547024674455,0.013999893345724584,24.813340447439952,24.827340340785675
1421.6437853694088,3.525086949722279,0.013821859559588113,24.813518481226087,24.827340340785675
1422.9037853694088,3.5255229736256553,0.013675841531564335,24.81366449925411,24.827340340785675
1424.1637853694087,3.5259629381969946,0.013547586350849523,24.813792754434825,24.827340340785675
1425.4237853694087,3.526406963404024,0.013428990874780094,24.813911349910896,24.827340340785675
1426.6837853694087,3.5268551444543474,0.013315476903322085,24.814024863882352,24.827340340785675
1427.9437853694087,3.5273075629832378,0.013204474683137088,24.81413586610254,24.827340340785675
1429.2037853694087,3.5277642935099474,0.013094551989870447,24.814245788795805,24.827340340785675
1430.4637853694087,3.5282254071484354,0.012984916975675363,24.81435542381,24.827340340785675
1431.7237853694087,3.528690973734683,0.012875136106090842,24.814465204679585,24.827340340785675
1432.9837853694087,3.529161063046642,0.012764975120562046,24.814575365665114,24.827340340785675
1434.2437853694087,3.5296357455076817,0.012654309925831504,24.814686030859843,24.827340340785675
1435.5037853694087,3.530115092598161,0.012543076991900685,24.814797263793775,24.827340340785675
1436.7637853694087,3.530599177103402,0.012431245920842096,24.814909094864834,24.827340340785675
1438.0237853694086,3.5310880732708836,0.012318804379273119,24.8150215364064,24.827340340785675
1439.2837853694086,3.5315818569177377,0.012205749879703184,24.81513459090597,24.827340340785675
1440.5437853694086,3.5320806055115868,0.012092085330143552,24.815248255455533,24.827340340785675
1441.8037853694086,3.532584398237566,0.011977816642285454,24.81536252414339,24.827340340785675
1443.0637853694086,3.533093316058661,0.011862951457116733,24.815477389328557,24.827340340785675
1444.3237853694086,3.5336074417733108,0.01174749847195276,24.815592842313723,24.827340340785675
1445.5837853694086,3.534126860072458,0.011631467089304789,24.81570887369637,24.827340340785675
1446.8437853694086,3.534651657597279,0.011514867236573113,24.8158254735491,24.827340340785675
1448.1037853694086,3.5351819229982846,0.01139770927561638,24.815942631510058,24.827340340785675
1449.3637853694086,3.535717746996201,0.011280003959465951,24.816060336826208,24.827340340785675
1450.6237853694086,3.5362592224449094,0.011161762413361398,24.816178578372313,24.827340340785675
1451.8837853694085,3.536806444396629,0.0110429961282988,24.816297344657375,24.827340340785675
1453.1437853694085,3.537359510169495,0.010923716961322681,24.816416623824352,24.827340340785675
1454.4037853694085,3.5379185194176554,0.010803937138712872,24.81653640364696,24.827340340785675
1455.6637853694085,3.5384835742040224,0.010683669261051711,24.816656671524623,24.827340340785675
1456.9237853694085,3.5390547790758276,0.010562926309353259,24.81677741447632,24.827340340785675
1458.1837853694085,3.53963224114305,0.010441721651055443,24.81689861913462,24.827340340785675
1459.4437853694085,3.54021607015993,0.010320069046950684,24.817020271738723,24.827340340785675
1460.7037853694085,3.540806378609643,0.010197982657800997,24.817142358127875,24.827340340785675
1461.9637853694085,3.5414032817923338,0.010075477051068912,24.817264863734607,24.827340340785675
1463.2237853694085,3.5420068979166284,0.009952567207965831,24.81738777357771,24.827340340785675
1464.4837853694085,3.5426173481948173,0.009829268530340654,24.817511072255336,24.827340340785675
1465.7437853694084,3.543234756941876,0.009705596847568995,24.817634743938108,24.827340340785675
1467.0037853694084,3.5438592516784895,0.00958156842365549,24.81775877236202,24.827340340785675
1468.2637853694084,3.5444909632383177,0.009457199964171643,24.817883140821504,24.827340340785675
1469.5237853694084,3.5451300258796445,0.009332508623336396,24.818007832162337,24.827340340785675
1470.7837853694084,3.5457765774017016,0.009207512011089184,24.818132828774587,24.827340340785675
1472.0437853694084,3.5464307592658235,0.009082228200091597,24.818258112585582,24.827340340785675
1473.3037853694084,3.5470927167217297,0.008956675732726758,24.81838366505295,24.827340340785675
1474.5637853694084,3.5477625989391712,0.008830873628353282,24.818509467157323,24.827340340785675
1475.8237853694084,3.5484405591451997,0.008704841390086595,24.818635499395587,24.827340340785675
1477.0837853694084,3.549126754767376,0.008578599012094821,24.81876174177358,24.827340340785675
1478.3437853694084,3.5498213475831926,0.008452166986416813,24.81888817379926,24.827340340785675
1479.6037853694083,3.5505245038760553,0.00832556631006133,24.81901477447561,24.827340340785675
1480.8637853694083,3.551236394598152,0.00819881849205013,24.819141522293624,24.827340340785675
1482.1237853694083,3.5519571955405835,0.008071945560273549,24.8192683952254,24.827340340785675
1483.3837853694083,3.552687087511127,0.007944970068579508,24.819395370717096,24.827340340785675
1484.6437853694083,3.5534262565200514,0.007817915103607546,24.819522425682067,24.827340340785675
1485.9037853694083,3.5541748939744187,0.007690804291823952,24.819649536493852,24.827340340785675
1487.1637853694083,3.554933196881327,0.0075636618064942335,24.81977667897918,24.827340340785675
1488.4237853694083,3.555701368060593,0.007436512374608368,24.819903828411068,24.827340340785675
1489.6837853694083,3.5564796163673904,0.007309381284019781,24.820030959501654,24.827340340785675
1490.9437853694083,3.5572681569253928,0.0071822943905096226,24.820158046395164,24.827340340785675
1492.2037853694083,3.558067211371041,0.007055278125091616,24.820285062660584,24.827340340785675
1493.4637853694082,3.5588770081095213,0.006928359501354593,24.82041198128432,24.827340340785675
1494.7237853694082,3.559697782583173,0.006801566123200791,24.820538774662474,24.827340340785675
1495.9837853694082,3.560529777552998,0.00667492619280674,24.820665414592867,24.827340340785675
1497.2437853694082,3.561373243394076,0.006548468519028303,24.820791872266646,24.827340340785675
1498.5037853694082,3.562228438405672,0.0064222225263301305,24.820918118259346,24.827340340785675
1499.7637853694082,3.5630956291369142,0.006296218264540686,24.821044122521133,24.827340340785675
1501.0237853694082,3.5639750907289973,0.006170486419486801,24.82116985436619,24.827340340785675
1502.2837853694082,3.56486710727487,0.006045058324771401,24.821295282460902,24.827340340785675
1503.5437853694082,3.565771972197499,0.005919965975265837,24.82142037481041,24.827340340785675
1504.8037853694082,3.5666899886478487,0.0057952420425114665,24.82154509874316,24.827340340785675
1506.0637853694082,3.567621469923773,0.005670919892550764,24.821669420893123,24.827340340785675
1507.3237853694081,3.568566739911172,0.0055470336072933136,24.821793307178382,24.827340340785675
1508.5837853694081,3.5695261335487793,0.005423618009893269,24.821916722775782,24.827340340785675
1509.8437853694081,3.5704999973180946,0.005300708695387987,24.822039632090288,24.827340340785675
1511.1037853694081,3.571488689760089,0.005178342068542647,24.82216199871713,24.827340340785675
1512.363785369408,3.5724925820204048,0.005056555390563504,24.82228378539511,24.827340340785675
1513.623785369408,3.5735120584248943,0.004935386837300355,24.822404953948375,24.827340340785675
1514.883785369408,3.574547517087533,0.004814875573324664,24.82252546521235,24.827340340785675
1516.143785369408,3.57559937055279,0.004695061845620306,24.822645278940055,24.827340340785675
1517.403785369408,3.5766680464747904,0.00457598710480308,24.82276435368087,24.827340340785675
1518.663785369408,3.5777539883357052,0.004457694162494638,24.82288264662318,24.827340340785675
1519.923785369408,3.5788576562059675,0.004340227398176748,24.823000113387497,24.827340340785675
1521.183785369408,3.5799795275491326,0.0042236330341060445,24.82311670775157,24.827340340785675
1522.443785369408,3.581120098074272,0.0041079595054421296,24.82323238128023,24.827340340785675
1523.703785369408,3.5822798826389923,0.003993257964907972,24.823347082820767,24.827340340785675
1524.963785369408,3.583459416206237,0.00387958298133034,24.823460757804344,24.827340340785675
1526.223785369408,3.584659254857958,0.003766993522296705,24.823573347263377,24.827340340785675
1527.483785369408,3.5858799768686835,0.003655554361715775,24.82368478642396,24.827340340785675
1528.743785369408,3.587122183841323,0.003545338135945569,24.823795002649728,24.827340340785675
1530.003785369408,3.588386501906627,0.0034364284150782682,24.823903912370596,24.827340340785675
1531.263785369408,3.589673582985365,0.003328924404384895,24.82401141638129,24.827340340785675
1532.523785369408,3.590984106108017,0.003222948342669486,24.824117392443004,24.827340340785675
1533.7734457998333,3.5923077328108763,0.0031188566797505633,24.824221484105923,24.827340340785675
1534.9912269260583,3.593621152085862,0.0030173250026480584,24.824323015783026,24.827340340785675
1536.1824666478194,3.5949291073425234,0.0029190938370252,24.82442124694865,24.827340340785675
1537.3525980097147,3.5962368446204627,0.002824083037611603,24.824516257748062,24.827340340785675
1538.501581836286,3.597543741241524,0.0027320453495216475,24.824608295436153,24.827340340785675
1539.6285385051983,3.5988481664294603,0.002642883024502647,24.82469745776117,24.827340340785675
1540.7337032978821,3.600149717590552,0.002556571899241342,24.824783768886434,24.827340340785675
1541.8177032348826,3.601448460625077,0.0024730669881671773,24.82486727379751,24.827340340785675
1542.8809457268592,3.6027442200016524,0.0023922974112563305,24.82494804337442,24.827340340785675
1543.9236827172042,3.6040366368363226,0.0023141912091834797,24.82502614957649,24.827340340785675
1544.9461918096922,3.6053253832449763,0.0022386839811949916,24.82510165680448,24.827340340785675
1545.9487994701,3.6066101955500804,0.0021657138865368744,24.825174626899138,24.827340340785675
1546.9318322904255,3.607890816100318,0.0020952172905699816,24.825245123495105,24.827340340785675
1547.895597767466,3.6091669682571923,0.002027129140589187,24.825313211645085,24.827340340785675
1548.8403960547246,3.6104383708713206,0.001961384774692152,24.825378956010983,24.827340340785675
1549.766530581581,3.6117047527122286,0.0018979205086559004,24.825442420277017,24.827340340785675
1550.6743073388948,3.612965852435848,0.0018366731986633412,24.82550366758701,24.827340340785675
1551.5640309441267,3.614221413891051,0.0017775798978163808,24.82556276088786,24.827340340785675
1552.4360039770468,3.615471185628448,0.001720577992123609,24.82561976279355,24.827340340785675
1553.290528687206,3.616714923795697,0.0016656054967930658,24.82567473528888,24.827340340785675
1554.1279081112211,3.6179523943833782,0.0016126011968036987,24.82572773958887,24.827340340785675
1554.9484458511774,3.6191833736001198,0.0015615046357568558,24.82577883614992,24.827340340785675
1555.7524455311882,3.6204076477240013,0.0015122561117559092,24.82582808467392,24.827340340785675
1556.5402106973822,3.621625013567077,0.0014647967552823284,24.825875544030392,24.827340340785675
1557.3120450028964,3.6228352793715533,0.001419068640838222,24.825921272144836,24.827340340785675
1558.0682522328136,3.62403826546944,0.001375014865284885,24.82596532592039,24.827340340785675
1558.809136052111,3.62523380448916,0.0013325795849154609,24.82600776120076,24.827340340785675
1559.5349996647997,3.62642174137282,0.0012917080460108788,24.826048632739663,24.827340340785675
1560.2461455475855,3.6276019334607956,0.0012523466334814382,24.826087994152193,24.827340340785675
1560.942875238138,3.628774250620391,0.0012144429281283847,24.826125897857548,24.827340340785675
1561.625489080127,3.629938575258404,0.00117794575145651,24.826162395034217,24.827340340785675
1562.2942858920203,3.6310948021520346,0.0011428051912412763,24.826197535594435,24.827340340785675
1562.9495626096875,3.6322428381728393,0.0011089726188211458,24.826231368166855,24.827340340785675
1563.5916139563697,3.6333826019940707,0.0010764007082290693,24.826263940077446,24.827340340785675
1564.2207321461074,3.6345140237960707,0.0010450434576771686,24.826295297328,24.827340340785675
1564.8372065917422,3.6356370449217406,0.0010148562043660258,24.826325484581307,24.827340340785675
1565.4413236014923,3.6367516174527377,0.000985795627667511,24.826354545158008,24.827340340785675
1566.033366079257,3.6378577037327195,0.0009578197441954341,24.82638252104148,24.827340340785675
1566.6136132524762,3.6389552758833177,0.0009308879018337996,24.82640945288384,24.827340340785675
1567.1823404340328,3.6400443153298245,0.0009049607741183536,24.826435380011556,24.827340340785675
1567.7398188069833,3.641124812320427,0.0008800003514859739,24.82646034043419,24.827340340785675
1568.2863152213713,3.642196765421786,0.0008559699253799126,24.826484370860296,24.827340340785675
1568.822092005979,3.6432601809989587,0.0008328340663014333,24.826507506719373,24.827340340785675
1569.3474068057867,3.6443150727041567,0.0008105586001687638,24.826529782185506,24.827340340785675
1569.8625124500256,3.645361460988965,0.0007891105857238518,24.82655123019995,24.827340340785675
1570.3676568449691,3.646399372633457,0.000768458290918878,24.826571882494754,24.827340340785675
1570.8630828839184,3.647428840281051,0.0007485711660697439,24.826591769619604,24.827340340785675
1571.349028371737,3.6484499019769423,0.0007294198126978313,24.82661092097298,24.827340340785675
1571.8257259683307,3.649462600722418,0.0007109759508339028,24.82662936483484,24.827340340785675
1572.076185989916,3.6500000000000004,0.0006326877789623557,24.82670765300671,24.827340340785675
