design,design_NP,LLI,dLAMp,model,M_peak,M_rms,qex_norm,peak_recipient,status,endpoint_V,duration_s,applied_current_Apm2,cap1_Ahm2,cap2_Ahm2,endpoint_I1_Apm2,endpoint_I2_Apm2,endpoint_xp1,endpoint_xp2,endpoint_xn1,endpoint_xn2,lithium_error_relative,protocol_sha256,rtol,atol,max_step_s,rejected_steps
NP_1.20,1.1999999999999997,0.0,0.0,MP-SPMe,4.4562297406755674e-13,3.3268479146995106e-14,1.740923570776151e-14,1,voltage_cutoff,2.500000000610377,3397.804591438474,-26.915042710100934,13.457521355050467,13.457521355050467,-13.457521339660863,-13.457521339663712,0.9598731751996871,0.9598731751996826,0.051032562590635544,0.05103256259063709,4.097384431609869e-11,5e83fb6ee1a3d25c9a1dfff5eea87eacccf65d449f42ccaf4df9199243601e36,1e-05,1e-07,2.5,0
NP_1.20,1.1999999999999997,0.0,0.025,MP-SPMe,0.008925338706139,0.002302995463477687,0.0015560047131386433,1,voltage_cutoff,2.5000000000273306,3443.2018478782165,-26.578612595957736,13.457521355050467,13.121091240907267,-13.212593590434352,-13.366018999350915,0.9608434604016212,0.9844226575985543,0.050223991594501916,0.051083465962796476,4.74036489436352e-11,5e83fb6ee1a3d25c9a1dfff5eea87eacccf65d449f42ccaf4df9199243601e36,1e-05,1e-07,2.5,0
NP_1.20,1.1999999999999997,0.0,0.05,MP-SPMe,0.37339771776229896,0.006127645271402221,0.0028798700994402938,1,voltage_cutoff,2.4999999990774073,3456.6704218271243,-26.24217499029491,13.457521355050467,12.784653635244442,-18.020471636204007,-8.221703385709008,0.9536457557999809,0.9999929473943396,0.05622207882135044,0.05926579198213021,1.3374190709664188e-10,5e83fb6ee1a3d25c9a1dfff5eea87eacccf65d449f42ccaf4df9199243601e36,1e-05,1e-07,2.5,0
NP_1.20,1.1999999999999997,0.0,0.07500000000000001,MP-SPMe,1.0000000025563265,0.04692398665408979,0.006849958827870587,1,voltage_cutoff,2.500000003213907,3423.540550818456,-25.905736886232646,13.457521355050467,12.44821553118218,-25.90573677646592,0.0,0.9365201169126169,0.9999980587444564,0.07049344462609608,0.08009503841104973,1.99389981431484e-10,5e83fb6ee1a3d25c9a1dfff5eea87eacccf65d449f42ccaf4df9199243601e36,1e-05,1e-07,2.5,2
NP_1.20,1.1999999999999997,0.0,0.1,MP-SPMe,1.0000000096662718,0.09642939041587298,0.01582921180527314,1,voltage_cutoff,2.4999999999440288,3406.3479069573673,-25.56929868775004,13.457521355050467,12.111777332699576,-25.569298689172886,0.0,0.9282707714404228,0.9999980427620738,0.07736789920464927,0.10092834332877293,2.148469864301418e-10,5e83fb6ee1a3d25c9a1dfff5eea87eacccf65d449f42ccaf4df9199243601e36,1e-05,1e-07,2.5,1
NP_1.20,1.1999999999999997,0.0,0.125,MP-SPMe,1.00000000775446,0.1377548565014785,0.026632623072982052,1,voltage_cutoff,2.499999999814182,3395.087572980727,-25.23286047704901,13.457521355050467,11.775339121998543,-25.232860481683446,0.0,0.9233499015825803,0.9999980462837941,0.08146862406796605,0.12176163330541294,1.9505088917626105e-10,5e83fb6ee1a3d25c9a1dfff5eea87eacccf65d449f42ccaf4df9199243601e36,1e-05,1e-07,2.5,7
NP_1.20,1.1999999999999997,0.0,0.15000000000000002,MP-SPMe,1.0000000070410549,0.17540251733973766,0.03880773414985522,1,voltage_cutoff,2.500000007341635,3387.595814581316,-24.896422277368387,13.457521355050467,11.438900922317918,-24.896422033007877,0.0,0.9205220262212169,0.9999980770495551,0.08382518685129094,0.14259490411832226,1.7250502347266e-10,5e83fb6ee1a3d25c9a1dfff5eea87eacccf65d449f42ccaf4df9199243601e36,1e-05,1e-07,2.5,1
NP_1.20,1.1999999999999997,0.0,0.17500000000000002,MP-SPMe,1.0000000070813473,0.2098814937514438,0.05226778797083109,1,voltage_cutoff,2.4999999999767373,3382.6952933667926,-24.559984087869804,13.457521355050467,11.102462732819337,-24.55998408844358,0.0,0.9191118717994746,0.9999980207781572,0.0850003155216519,0.163428236057587,1.5556503199141078e-10,5e83fb6ee1a3d25c9a1dfff5eea87eacccf65d449f42ccaf4df9199243601e36,1e-05,1e-07,2.5,0
NP_1.20,1.1999999999999997,0.0,0.2,MP-SPMe,1.000000004273906,0.24137016497405392,0.06644272669550537,1,voltage_cutoff,2.4999999999680305,3379.582630665508,-24.223545892395727,13.457521355050467,10.766024537345258,-24.223545893055753,0.0,0.9186636311125568,0.9999980627887114,0.08537384940052363,0.18426150014223866,1.322446540575879e-10,5e83fb6ee1a3d25c9a1dfff5eea87eacccf65d449f42ccaf4df9199243601e36,1e-05,1e-07,2.5,2
NP_1.20,1.1999999999999997,0.0,0.225,MP-SPMe,1.000000009207663,0.26992548594926624,0.08146933665702599,1,voltage_cutoff,2.4999999999579434,3377.667441776407,-23.88710767635414,13.457521355050467,10.429586321303674,-23.88710767739051,0.0,0.9188490491393413,0.9999980555680457,0.08521933436103356,0.20509479778244122,1.3480645694896726e-10,5e83fb6ee1a3d25c9a1dfff5eea87eacccf65d449f42ccaf4df9199243601e36,1e-05,1e-07,2.5,1
NP_1.20,1.1999999999999997,0.0,0.25,MP-SPMe,1.0000000074285142,0.29638834902656297,0.09721855423305902,1,voltage_cutoff,2.500000002135488,3376.5490652794483,-23.550669438380798,13.457521355050467,10.09314808333033,-23.550669299409275,0.0,0.9194483549193183,0.9999981508582767,0.08471991286321717,0.22592803103180437,1.1339941543803761e-10,5e83fb6ee1a3d25c9a1dfff5eea87eacccf65d449f42ccaf4df9199243601e36,1e-05,1e-07,2.5,1
NP_1.20,1.1999999999999997,0.025,0.0,MP-SPMe,1.5945454761929562e-14,3.1950392346286265e-15,1.989925563569234e-15,2,voltage_cutoff,2.500000000565647,3336.172304748802,-26.736499386265884,13.368249693132942,13.368249693132942,-13.36824959009684,-13.36824959009682,0.9365945736644763,0.936594573664476,0.050479124721414165,0.05047912472141409,4.555285017178696e-11,5e83fb6ee1a3d25c9a1dfff5eea87eacccf65d449f42ccaf4df9199243601e36,1e-05,1e-07,2.5,0
NP_1.20,1.1999999999999997,0.025,0.025,MP-SPMe,0.008102300320493855,0.0022454258348726555,0.0015219134810070696,1,voltage_cutoff,2.499999999993767,3369.3929130616266,-26.48933444832761,13.368249693132942,13.121084755194671,-13.181922328815723,-13.307412119705898,0.9373373270744783,0.9606102095950195,0.04986016359517799,0.050478807520230706,1.0426217953485219e-10,5e83fb6ee1a3d25c9a1dfff5eea87eacccf65d449f42ccaf4df9199243601e36,1e-05,1e-07,2.5,0
NP_1.20,1.1999999999999997,0.025,0.05,MP-SPMe,0.010745231591955711,0.0036619140220532985,0.0027186472140871302,2,voltage_cutoff,2.5000000036768144,3415.0833399571657,-26.152902873510655,13.368249693132942,12.784653180377713,-12.94460939599511,-13.208293292487733,0.9382885113981096,0.9857999070580366,0.04906751003379123,0.05054967644848032,1.590220800863681e-10,5e83fb6ee1a3d25c9a1dfff5eea87eacccf65d449f42ccaf4df9199243601e36,1e-05,1e-07,2.5,0
NP_1.20,1.1999999999999997,0.025,0.07500000000000001,MP-SPMe,0.4533437038740645,0.0069544628197743055,0.0037299355319824895,1,voltage_cutoff,2.499999997705009,3422.4122534482462,-25.81646520441889,13.368249693132942,12.44821551128595,-18.76009861900756,-7.056366662300395,0.9295911882381807,0.9999960755299199,0.056315279398742486,0.060144294680261536,2.3386362804728563e-10,5e83fb6ee1a3d25c9a1dfff5eea87eacccf65d449f42ccaf4df9199243601e36,1e-05,1e-07,2.5,0
NP_1.20,1.1999999999999997,0.025,0.1,MP-SPMe,1.0000000094666948,0.051805347438704234,0.008093844069151522,1,voltage_cutoff,2.4999999999169455,3389.971838309875,-25.480027085778378,13.368249693132942,12.111777392645436,-25.48002708802488,0.0,0.9133605312862116,0.9999980840507504,0.06984082683421768,0.08097603987640149,2.1326659546482518e-10,5e83fb6ee1a3d25c9a1dfff5eea87eacccf65d449f42ccaf4df9199243601e36,1e-05,1e-07,2.5,1
NP_1.20,1.1999999999999997,0.025,0.125,MP-SPMe,1.0000000000101459,0.10048541399584586,0.017198518879666922,1,voltage_cutoff,2.4999999999871836,3372.609730788643,-25.143588881059262,13.368249693132942,11.77533918792632,-25.14358888131437,0.0,0.9054078206128148,0.9999980470301869,0.07646808571002907,0.10180936026451305,1.846024746227066e-10,5e83fb6ee1a3d25c9a1dfff5eea87eacccf65d449f42ccaf4df9199243601e36,1e-05,1e-07,2.5,2
NP_1.20,1.1999999999999997,0.025,0.15000000000000002,MP-SPMe,1.0000000076769506,0.1423833727088191,0.028242316700015146,1,voltage_cutoff,2.4999999999426734,3361.0923102034385,-24.80715066600932,13.368249693132942,11.43890097287638,-24.80715066767101,0.0,0.9006879544626967,0.9999991670846035,0.08040130747554501,0.12264185952431346,1.6681385446632096e-10,5e83fb6ee1a3d25c9a1dfff5eea87eacccf65d449f42ccaf4df9199243601e36,1e-05,1e-07,2.5,3
NP_1.20,1.1999999999999997,0.025,0.17500000000000002,MP-SPMe,1.0000000075297286,0.18061791022381024,0.04095836569278166,1,voltage_cutoff,2.500000003350498,3353.3641730492354,-24.470712461967487,13.368249693132942,11.102462768834547,-24.470712350891613,0.0,0.8980439022437036,0.9999980719707853,0.08260468432480654,0.14347592837513037,1.4914436630055177e-10,5e83fb6ee1a3d25c9a1dfff5eea87eacccf65d449f42ccaf4df9199243601e36,1e-05,1e-07,2.5,3
NP_1.20,1.1999999999999997,0.025,0.2,MP-SPMe,1.0000000099672848,0.2156473946396658,0.05462557641559325,1,voltage_cutoff,2.500000000011131,3348.188407490242,-24.13427426726311,13.368249693132942,10.766024574130167,-24.13427426707225,0.0,0.8967777285871366,0.9999980537507642,0.08365982901163624,0.16430923367103498,1.216199063598172e-10,5e83fb6ee1a3d25c9a1dfff5eea87eacccf65d449f42ccaf4df9199243601e36,1e-05,1e-07,2.5,1
NP_1.20,1.1999999999999997,0.025,0.225,MP-SPMe,1.0000000076701545,0.24743279102201762,0.0692698474518754,1,voltage_cutoff,2.5000000025043807,3344.7303571608586,-23.797836065865443,13.368249693132942,10.429586372732501,-23.79783590277294,0.0,0.89642719111508,0.9999980317544569,0.08395194356050038,0.18514254065631822,1.149006211140993e-10,5e83fb6ee1a3d25c9a1dfff5eea87eacccf65d449f42ccaf4df9199243601e36,1e-05,1e-07,2.5,1
NP_1.20,1.1999999999999997,0.025,0.25,MP-SPMe,1.0000000072733186,0.27656674633258077,0.08475100753364347,1,voltage_cutoff,2.4999999999833693,3342.431961051804,-23.461397844076938,13.368249693132942,10.093148150943996,-23.461397844227093,0.0,0.8966862057497176,0.9999980817604808,0.08373609801552823,0.20597580172799912,1.0981906186833513e-10,5e83fb6ee1a3d25c9a1dfff5eea87eacccf65d449f42ccaf4df9199243601e36,1e-05,1e-07,2.5,1
NP_1.20,1.1999999999999997,0.05,0.0,MP-SPMe,4.1015175114635957e-14,6.354189071844325e-15,3.964695793806449e-15,1,voltage_cutoff,2.4999999999938796,3332.028453746291,-26.115777176728955,13.057888588364477,13.057888588364477,-13.057888588460274,-13.057888588460404,0.9140827939665275,0.9140827939665297,0.04928666875778213,0.04928666875778267,1.7776850038517912e-10,5e83fb6ee1a3d25c9a1dfff5eea87eacccf65d449f42ccaf4df9199243601e36,1e-05,1e-07,2.5,0
NP_1.20,1.1999999999999997,0.05,0.025,MP-SPMe,0.007977640684189378,0.0022769288927863437,0.0015345628615615922,1,voltage_cutoff,2.4999999999936793,3334.3138576954184,-26.102636242664722,13.057888588364477,13.044747654300245,-12.999102904712315,-13.103533338144082,0.9143260623767577,0.9371973243707921,0.04908394508288137,0.04954950434511274,1.781166339914918e-10,5e83fb6ee1a3d25c9a1dfff5eea87eacccf65d449f42ccaf4df9199243601e36,1e-05,1e-07,2.5,0
NP_1.20,1.1999999999999997,0.05,0.05,MP-SPMe,0.010022724510156051,0.0037369887427395393,0.0027046319547935644,2,voltage_cutoff,2.5000000040119708,3370.1194697668834,-25.842536393644746,13.057888588364477,12.784647805280269,-12.807090871685501,-13.035445322660316,0.9150936264805442,0.9618930360258571,0.04844430835421147,0.0495236768953068,2.0833759385863754e-10,5e83fb6ee1a3d25c9a1dfff5eea87eacccf65d449f42ccaf4df9199243601e36,1e-05,1e-07,2.5,0
NP_1.20,1.1999999999999997,0.05,0.07500000000000001,MP-SPMe,0.015394507468482496,0.004925459223031328,0.0037441288899986215,2,voltage_cutoff,2.4999999999935336,3416.8446688517765,-25.506103679692494,13.057888588364477,12.448215091328017,-12.58684533153746,-12.919258348344771,0.916012918370902,0.9877574898635254,0.04767823177756025,0.04962593197147447,2.0665340494937474e-10,5e83fb6ee1a3d25c9a1dfff5eea87eacccf65d449f42ccaf4df9199243601e36,1e-05,1e-07,2.5,0
NP_1.20,1.1999999999999997,0.05,0.1,MP-SPMe,0.5636419832815998,0.008066767058413707,0.00467916275266283,1,voltage_cutoff,2.4999999943750564,3416.5181529224656,-25.1696659534728,13.057888588364477,12.111777365108322,-19.67817328746954,-5.4914928509187755,0.9053934917504831,0.9999974529863863,0.05652775393365998,0.06102424065968286,1.8144751337635876e-10,5e83fb6ee1a3d25c9a1dfff5eea87eacccf65d449f42ccaf4df9199243601e36,1e-05,1e-07,2.5,0
NP_1.20,1.1999999999999997,0.05,0.125,MP-SPMe,1.0000000006860836,0.05817716541444447,0.009463132310109333,1,voltage_cutoff,2.4999999922122345,3385.6800810001987,-24.83322782150382,13.057888588364477,11.77533923313934,-24.83322783854149,0.0,0.8904603018134567,0.9999980473025196,0.0689720788611777,0.0818570875580827,1.6145992234903007e-10,5e83fb6ee1a3d25c9a1dfff5eea87eacccf65d449f42ccaf4df9199243601e36,1e-05,1e-07,2.5,1
NP_1.20,1.1999999999999997,0.05,0.15000000000000002,MP-SPMe,1.0000000000000007,0.1064691330153916,0.018954847032358536,1,voltage_cutoff,2.499999999996368,3368.819075605542,-24.496789611138105,13.057888588364477,11.43890102277363,-24.496789610974293,0.0,0.8830232382542895,0.9999980606110069,0.07516963180950108,0.1026903707768568,1.528105922808442e-10,5e83fb6ee1a3d25c9a1dfff5eea87eacccf65d449f42ccaf4df9199243601e36,1e-05,1e-07,2.5,1
NP_1.20,1.1999999999999997,0.05,0.17500000000000002,MP-SPMe,1.0000000071819635,0.14868602245924534,0.03071982592754219,1,voltage_cutoff,2.499999999953634,3357.595030234423,-24.160351392162916,13.057888588364477,11.10246280379844,-24.16035139329184,0.0,0.8786314185556195,0.9999981001106774,0.0788294815637896,0.12352363652819372,1.3287469662502028e-10,5e83fb6ee1a3d25c9a1dfff5eea87eacccf65d449f42ccaf4df9199243601e36,1e-05,1e-07,2.5,1
NP_1.20,1.1999999999999997,0.05,0.2,MP-SPMe,1.0000000019816624,0.1873562691366047,0.04373589552941269,1,voltage_cutoff,2.499999999968811,3350.086855013264,-23.823913184121388,13.057888588364477,10.766024595756912,-23.823913184714083,0.0,0.8762228304435504,0.9999980269264966,0.08083663830051285,0.14435697905638706,1.093233655692405e-10,5e83fb6ee1a3d25c9a1dfff5eea87eacccf65d449f42ccaf4df9199243601e36,1e-05,1e-07,2.5,2
NP_1.20,1.1999999999999997,0.05,0.225,MP-SPMe,1.0000000083142684,0.2226726000000663,0.058063591012308124,1,voltage_cutoff,2.500000000010877,3345.094580604988,-23.487474984569307,13.057888588364477,10.42958639620483,-23.487474984381077,0.0,0.8751381460926897,0.9999980332196163,0.08174054191855784,0.1651902672137165,1.0190886046458047e-10,5e83fb6ee1a3d25c9a1dfff5eea87eacccf65d449f42ccaf4df9199243601e36,1e-05,1e-07,2.5,1
NP_1.20,1.1999999999999997,0.05,0.25,MP-SPMe,1.000000008325386,0.2550123598976153,0.07334845300084471,1,voltage_cutoff,2.499999999982221,3341.809655768469,-23.151036777657236,13.057888588364477,10.093148189292759,-23.151036777936415,0.0,0.8749386419861038,0.9999980503944123,0.08190679532694231,0.18602354883004116,9.362479291684771e-11,5e83fb6ee1a3d25c9a1dfff5eea87eacccf65d449f42ccaf4df9199243601e36,1e-05,1e-07,2.5,2
NP_1.20,1.1999999999999997,0.07500000000000001,0.0,MP-SPMe,4.3028963436140354e-14,5.90005845727695e-15,3.478298174501635e-15,2,voltage_cutoff,2.50000000065492,3330.775654663746,-25.47149832081257,12.735749160406286,12.735749160406286,-12.73574914439846,-12.735749144398424,0.8915517552661802,0.8915517552661794,0.04811026185418773,0.048110261854187604,1.793011272766854e-10,5e83fb6ee1a3d25c9a1dfff5eea87eacccf65d449f42ccaf4df9199243601e36,1e-05,1e-07,2.5,0
NP_1.20,1.1999999999999997,0.07500000000000001,0.025,MP-SPMe,0.008023582828847131,0.002298966734663528,0.0015738227361118816,1,voltage_cutoff,2.5000000001397074,3331.439096145027,-25.47142633659248,12.735749160406286,12.735677176186195,-12.678987410286156,-12.792438812202393,0.8917579494985087,0.9141450273543821,0.04793843332935193,0.0483272231857109,1.8199934159610894e-10,5e83fb6ee1a3d25c9a1dfff5eea87eacccf65d449f42ccaf4df9199243601e36,1e-05,1e-07,2.5,0
NP_1.20,1.1999999999999997,0.07500000000000001,0.05,MP-SPMe,0.009605435680161365,0.0037548700103811963,0.002698467441878939,2,voltage_cutoff,2.500000000162266,3333.980472413099,-25.45672993838327,12.735749160406286,12.720980777976981,-12.622622625414246,-12.834107182329756,0.891995229151172,0.9378745522038706,0.04774070028979451,0.04858603741473615,1.8745652158638717e-10,5e83fb6ee1a3d25c9a1dfff5eea87eacccf65d449f42ccaf4df9199243601e36,1e-05,1e-07,2.5,0
NP_1.20,1.1999999999999997,0.07500000000000001,0.07500000000000001,MP-SPMe,0.013372675278369611,0.004986148900713967,0.00371012526807959,2,voltage_cutoff,2.499999999961317,3372.4892600284697,-25.183959763634178,12.735749160406286,12.44821060322789,-12.423591424526625,-12.760368340669231,0.8927839603816633,0.9632870544922956,0.04708342425348056,0.04853628672931002,1.7364255022814706e-10,5e83fb6ee1a3d25c9a1dfff5eea87eacccf65d449f42ccaf4df9199243601e36,1e-05,1e-07,2.5,0
NP_1.20,1.1999999999999997,0.07500000000000001,0.1,MP-SPMe,0.019680064876076625,0.006426696871789297,0.004862584915058713,2,voltage_cutoff,2.4999999999798876,3420.2447098917773,-24.84752614710466,12.735749160406286,12.111776986698372,-12.227023769139908,-12.620502378701328,0.893648554913576,0.9898341839508695,0.046362928789388504,0.04869441992963496,1.5837181208871363e-10,5e83fb6ee1a3d25c9a1dfff5eea87eacccf65d449f42ccaf4df9199243601e36,1e-05,1e-07,2.5,0
NP_1.20,1.1999999999999997,0.07500000000000001,0.125,MP-SPMe,0.6821112094129355,0.009211516831541226,0.005584298350152187,1,voltage_cutoff,2.499999998926922,3411.917900323209,-24.51108836909313,12.735749160406286,11.775339208686843,-20.615188250281296,-3.8959001188118436,0.8811385193716328,0.9999978583490183,0.05678795839593354,0.06190495283601287,1.4494813652208992e-10,5e83fb6ee1a3d25c9a1dfff5eea87eacccf65d449f42ccaf4df9199243601e36,1e-05,1e-07,2.5,0
NP_1.20,1.1999999999999997,0.07500000000000001,0.15000000000000002,MP-SPMe,1.000000001776548,0.06493849965347738,0.011034209838688252,1,voltage_cutoff,2.499999998606428,3382.9089015356412,-24.174650224674266,12.735749160406286,11.438901064267982,-24.174650267621693,0.0,0.8675709786780679,0.9999980901530066,0.06809424228894648,0.08273807734675988,1.3310905870529594e-10,5e83fb6ee1a3d25c9a1dfff5eea87eacccf65d449f42ccaf4df9199243601e36,1e-05,1e-07,2.5,2
NP_1.20,1.1999999999999997,0.07500000000000001,0.17500000000000002,MP-SPMe,1.0000000045332487,0.11284187871920287,0.021239549479309085,1,voltage_cutoff,2.4999999999765037,3366.5241954559338,-23.838212008932413,12.735749160406286,11.102462848526127,-23.838212009310023,0.0,0.8606182260237913,0.9999980465720393,0.07388820283844263,0.10357140084154182,1.1669132239431045e-10,5e83fb6ee1a3d25c9a1dfff5eea87eacccf65d449f42ccaf4df9199243601e36,1e-05,1e-07,2.5,2
NP_1.20,1.1999999999999997,0.07500000000000001,0.2,MP-SPMe,1.0000000097667423,0.15544629460313578,0.03312653456604968,1,voltage_cutoff,2.4999999957886394,3355.689666864502,-23.501773786145854,12.735749160406286,10.766024625739568,-23.501773787201508,0.0,0.8565852262726004,0.9999981783720301,0.07724903595045951,0.12440460559258788,9.711514863548142e-11,5e83fb6ee1a3d25c9a1dfff5eea87eacccf65d449f42ccaf4df9199243601e36,1e-05,1e-07,2.5,4
NP_1.20,1.1999999999999997,0.07500000000000001,0.225,MP-SPMe,1.0000000099698925,0.19445563536261165,0.04683914861345603,1,voltage_cutoff,2.4999999999589586,3348.484749218693,-23.165335574160707,12.735749160406286,10.429586413754421,-23.165335575102592,0.0,0.8544381183488131,0.9999984011134344,0.07903829254488827,0.14523775711490175,8.603261499197876e-11,5e83fb6ee1a3d25c9a1dfff5eea87eacccf65d449f42ccaf4df9199243601e36,1e-05,1e-07,2.5,2
NP_1.20,1.1999999999999997,0.07500000000000001,0.25,MP-SPMe,1.000000009450446,0.23040918409489083,0.061774602980970234,1,voltage_cutoff,2.5000000000109135,3343.7256658633805,-22.828897369815728,12.735749160406286,10.09314820940944,-22.82889736963466,0.0,0.8535439299112164,0.9999980769892088,0.07978344956435061,0.16607125971226222,7.988011679977343e-11,5e83fb6ee1a3d25c9a1dfff5eea87eacccf65d449f42ccaf4df9199243601e36,1e-05,1e-07,2.5,2
NP_1.20,1.1999999999999997,0.1,0.0,MP-SPMe,3.956658384592618e-14,6.5475784759262884e-15,4.1513275313213026e-15,2,voltage_cutoff,2.4999999999935407,3329.71149884804,-24.827145452171248,12.413572726085624,12.413572726085624,-12.413572726177375,-12.413572726177309,0.8690376739971011,0.8690376739971007,0.04691972372983369,0.04691972372983338,1.4456172556970252e-10,5e83fb6ee1a3d25c9a1dfff5eea87eacccf65d449f42ccaf4df9199243601e36,1e-05,1e-07,2.5,0
NP_1.20,1.1999999999999997,0.1,0.025,MP-SPMe,0.00759013128339303,0.002273749230095947,0.0015833607472322251,1,voltage_cutoff,2.500000004822642,3330.341312334626,-24.827112580447405,12.413572726085624,12.41353985436178,-12.375785158402424,-12.451327187536231,0.8691915283794167,0.8910867418912682,0.04679151174737299,0.04710980760668969,1.482087724463114e-10,5e83fb6ee1a3d25c9a1dfff5eea87eacccf65d449f42ccaf4df9199243601e36,1e-05,1e-07,2.5,0
NP_1.20,1.1999999999999997,0.1,0.05,MP-SPMe,0.009491518301441113,0.0036759881412389934,0.0027334974834421176,1,voltage_cutoff,2.5000000004041842,3331.02413448123,-24.827038387741194,12.413572726085624,12.41346566165557,-12.32088923600113,-12.506149132318075,0.8693934322485897,0.914271179687231,0.046623258523661906,0.04731976814172286,1.489816458042577e-10,5e83fb6ee1a3d25c9a1dfff5eea87eacccf65d449f42ccaf4df9199243601e36,1e-05,1e-07,2.5,0
NP_1.20,1.1999999999999997,0.1,0.07500000000000001,MP-SPMe,0.013872139219107347,0.0048908149098461605,0.003693370065858005,2,voltage_cutoff,2.5000000000136917,3333.88205828704,-24.810424025746762,12.413572726085624,12.396851299661138,-12.26682649217717,-12.543597511350608,0.8696254582777495,0.938650652100316,0.04642990350027542,0.04757457440011918,1.5015718585709374e-10,5e83fb6ee1a3d25c9a1dfff5eea87eacccf65d449f42ccaf4df9199243601e36,1e-05,1e-07,2.5,0
NP_1.20,1.1999999999999997,0.1,0.1,MP-SPMe,0.017062155315595347,0.006471230726320383,0.0048608836705224395,2,voltage_cutoff,2.499999999961422,3375.1989445575714,-24.525345950216398,12.413572726085624,12.111773224130772,-12.059459380637472,-12.465886571122233,0.8704384980703945,0.9648243394227112,0.04575237032576786,0.047499530822542414,1.3870934413035228e-10,5e83fb6ee1a3d25c9a1dfff5eea87eacccf65d449f42ccaf4df9199243601e36,1e-05,1e-07,2.5,0
NP_1.20,1.1999999999999997,0.1,0.125,MP-SPMe,0.023327137544780992,0.007740312457364171,0.005988356194498692,2,voltage_cutoff,2.5000000000072276,3423.898795747002,-24.188911608243956,12.413572726085624,11.775338882158334,-11.898178986517525,-12.29073262153742,0.8712208598716898,0.9920466359347875,0.045100402150298334,0.04775044668068402,1.3035218433460023e-10,5e83fb6ee1a3d25c9a1dfff5eea87eacccf65d449f42ccaf4df9199243601e36,1e-05,1e-07,2.5,0
NP_1.20,1.1999999999999997,0.1,0.15000000000000002,MP-SPMe,0.808407400196637,0.010358617693729031,0.0064626506565390734,1,voltage_cutoff,2.499999999778193,3407.068465411372,-23.852473782782894,12.413572726085624,11.438901056697269,-21.567495050890418,-2.2849787318924535,0.8568048292119528,0.9999980018647812,0.057113761016418546,0.06278586738713254,1.193974104914037e-10,5e83fb6ee1a3d25c9a1dfff5eea87eacccf65d449f42ccaf4df9199243601e36,1e-05,1e-07,2.5,0
NP_1.20,1.1999999999999997,0.1,0.17500000000000002,MP-SPMe,1.0000000077612368,0.07198311930250928,0.012891832131199306,1,voltage_cutoff,2.4999999999866795,3380.149443288502,-23.516035626310938,12.413572726085624,11.102462900225314,-23.516035626598207,0.0,0.8446828010509939,0.9999980661582534,0.06721545114982921,0.08361911487609118,1.0021061027517175e-10,5e83fb6ee1a3d25c9a1dfff5eea87eacccf65d449f42ccaf4df9199243601e36,1e-05,1e-07,2.5,1
NP_1.20,1.1999999999999997,0.1,0.2,MP-SPMe,1.000000009615908,0.11966080129598934,0.023316059015413317,1,voltage_cutoff,2.4999999999714695,3364.310434430042,-23.17959740502934,12.413572726085624,10.766024678943719,-23.179597405704982,0.0,0.8382358538989516,0.9999980197353164,0.07258790710351735,0.10445243885081038,9.081278185885026e-11,5e83fb6ee1a3d25c9a1dfff5eea87eacccf65d449f42ccaf4df9199243601e36,1e-05,1e-07,2.5,4
NP_1.20,1.1999999999999997,0.1,0.225,MP-SPMe,1.000000009964694,0.16247547511902696,0.036005690277705144,1,voltage_cutoff,2.499999999972039,3353.7747683973143,-22.84315917812036,12.413572726085624,10.429586452034734,-22.843159178776897,0.0,0.8345091736783937,0.9999981869696957,0.07569347394205761,0.1252856229166121,7.534866039339833e-11,5e83fb6ee1a3d25c9a1dfff5eea87eacccf65d449f42ccaf4df9199243601e36,1e-05,1e-07,2.5,2
NP_1.20,1.1999999999999997,0.1,0.25,MP-SPMe,1.0000000086231513,0.20217695388988435,0.05028700922564075,1,voltage_cutoff,2.4999999999995515,3346.8289946374684,-22.506720961825597,12.413572726085624,10.093148235739973,-22.506720961496118,0.0,0.8325966017902943,0.9999981281429081,0.07728728384312095,0.14611895523865023,6.798201846903358e-11,5e83fb6ee1a3d25c9a1dfff5eea87eacccf65d449f42ccaf4df9199243601e36,1e-05,1e-07,2.5,1
NP_1.20,1.1999999999999997,0.125,0.0,MP-SPMe,2.7839629598687444e-14,5.5170555507150225e-15,3.4165621290646284e-15,2,voltage_cutoff,2.5000000002656018,3328.8140537108047,-24.182765785232867,12.091382892616434,12.091382892616434,-12.091382886301208,-12.091382886301224,0.8464924109749272,0.8464924109749283,0.04575517041209981,0.04575517041209986,1.2444918824458047e-10,5e83fb6ee1a3d25c9a1dfff5eea87eacccf65d449f42ccaf4df9199243601e36,1e-05,1e-07,2.5,0
NP_1.20,1.1999999999999997,0.125,0.025,MP-SPMe,0.006557267612671232,0.002126279996923552,0.0014777889804527828,2,voltage_cutoff,2.500000000153206,3329.491334260205,-24.18274676591126,12.091382892616434,12.091363873294828,-12.058473713783119,-12.124273045641587,0.8466206380070229,0.8680127704686326,0.045648314552734576,0.045905136883915766,1.2540120427473741e-10,5e83fb6ee1a3d25c9a1dfff5eea87eacccf65d449f42ccaf4df9199243601e36,1e-05,1e-07,2.5,0
NP_1.20,1.1999999999999997,0.125,0.05,MP-SPMe,0.008966944593913577,0.0034401797052941467,0.002574442078012136,1,voltage_cutoff,2.4999999999937064,3330.144148978864,-24.1827134976058,12.091382892616434,12.091330604989366,-12.019873738723579,-12.162839759060926,0.8467733114228609,0.8906259158787646,0.04552108670630966,0.04608666281821042,1.2554399001814736e-10,5e83fb6ee1a3d25c9a1dfff5eea87eacccf65d449f42ccaf4df9199243601e36,1e-05,1e-07,2.5,0
NP_1.20,1.1999999999999997,0.125,0.07500000000000001,MP-SPMe,0.010608386172702195,0.004573383547523631,0.0034430791347385917,2,voltage_cutoff,2.5000000027811486,3330.8387281377945,-24.18263694996297,12.091382892616434,12.091254057346537,-11.967280504146544,-12.215356311770709,0.8469695000992082,0.9144334209592124,0.04535759614122419,0.04628975090030287,1.2359397328434325e-10,5e83fb6ee1a3d25c9a1dfff5eea87eacccf65d449f42ccaf4df9199243601e36,1e-05,1e-07,2.5,0
NP_1.20,1.1999999999999997,0.125,0.1,MP-SPMe,0.01635744558876765,0.006208198754825882,0.004582875717235437,2,voltage_cutoff,2.500000000021085,3334.0951038402495,-24.163589232875342,12.091382892616434,12.072206340258909,-11.915385794401352,-12.248203437505873,0.8471962400454963,0.9394995303887381,0.0451686461821572,0.04654086509940013,1.241272955301487e-10,5e83fb6ee1a3d25c9a1dfff5eea87eacccf65d449f42ccaf4df9199243601e36,1e-05,1e-07,2.5,0
NP_1.20,1.1999999999999997,0.125,0.125,MP-SPMe,0.01971565595559912,0.007626960044983094,0.00575658205494526,2,voltage_cutoff,2.499999997982957,3378.3185993241814,-23.866718626467808,12.091382892616434,11.775335733851376,-11.701382162928935,-12.165336567714766,0.8480369207438827,0.9664858122171788,0.044468078926301384,0.04643627480903902,1.1494185700047048e-10,5e83fb6ee1a3d25c9a1dfff5eea87eacccf65d449f42ccaf4df9199243601e36,1e-05,1e-07,2.5,0
NP_1.20,1.1999999999999997,0.125,0.15000000000000002,MP-SPMe,0.02564552252522294,0.008729641924955157,0.006791783988509538,2,voltage_cutoff,2.4999999997255893,3427.7661293544734,-23.530283693481415,12.091382892616434,11.438900800864982,-11.602625744831387,-11.92765791818734,0.8486883906708702,0.9943410015305911,0.04392518730728543,0.04684063679203073,1.044705137244235e-10,5e83fb6ee1a3d25c9a1dfff5eea87eacccf65d449f42ccaf4df9199243601e36,1e-05,1e-07,2.5,0
NP_1.20,1.1999999999999997,0.125,0.17500000000000002,MP-SPMe,0.9439355872693784,0.01192657071328403,0.007354637805095466,1,voltage_cutoff,2.5000000005588126,3402.084835885669,-23.19384582371969,12.091382892616434,11.10246293110326,-22.54367115118399,-0.6501746725357236,0.8323914196933098,0.9999980367575703,0.057505996452411536,0.06366686258740105,8.759197260873447e-11,5e83fb6ee1a3d25c9a1dfff5eea87eacccf65d449f42ccaf4df9199243601e36,1e-05,1e-07,2.5,1
NP_1.20,1.1999999999999997,0.125,0.2,MP-SPMe,1.000000008573426,0.0790925215615875,0.014526368790295247,1,voltage_cutoff,2.4999999999825464,3377.499052631544,-22.85740765484357,12.091382892616434,10.766024762227135,-22.85740765511628,0.0,0.8217762330589216,0.9999980399133459,0.06635198530830982,0.08450015290721169,8.005231887882701e-11,5e83fb6ee1a3d25c9a1dfff5eea87eacccf65d449f42ccaf4df9199243601e36,1e-05,1e-07,2.5,1
NP_1.20,1.1999999999999997,0.125,0.225,MP-SPMe,1.000000000008058,0.12665868410992967,0.025712362084752013,1,voltage_cutoff,2.4999999999799267,3362.141380660654,-22.520969427153368,12.091382892616434,10.429586534536936,-22.520969427334844,0.0,0.815792062083616,0.9999980271257378,0.07133879444299103,0.10533345365641578,6.46506188711728e-11,5e83fb6ee1a3d25c9a1dfff5eea87eacccf65d449f42ccaf4df9199243601e36,1e-05,1e-07,2.5,4
NP_1.20,1.1999999999999997,0.125,0.25,MP-SPMe,1.0000000089398986,0.17025945165525816,0.03915136953499145,1,voltage_cutoff,2.499999999906077,3352.0922103459584,-22.184531195114108,12.091382892616434,10.093148302497674,-22.1845311973754,0.0,0.8124516840587923,0.9999981438907491,0.07412244279417213,0.126166672904068,6.05020015888999e-11,5e83fb6ee1a3d25c9a1dfff5eea87eacccf65d449f42ccaf4df9199243601e36,1e-05,1e-07,2.5,2
NP_1.20,1.1999999999999997,0.15000000000000002,0.0,MP-SPMe,2.777164405045747e-14,5.2485888738243856e-15,3.2932911542589947e-15,1,voltage_cutoff,2.4999999981629064,3328.439302511787,-23.538373014993475,11.769186507496737,11.769186507496737,-11.769186563176763,-11.769186563176795,0.8239312736964817,0.8239312736964829,0.04460384563639559,0.044603845636395745,9.659523233516324e-11,5e83fb6ee1a3d25c9a1dfff5eea87eacccf65d449f42ccaf4df9199243601e36,1e-05,1e-07,2.5,0
NP_1.20,1.1999999999999997,0.15000000000000002,0.025,MP-SPMe,0.006392762154372524,0.001914685498495179,0.0013302964424307254,2,voltage_cutoff,2.5000000046729816,3329.168248921469,-23.538360724297306,11.769186507496737,11.769174216800566,-11.745997341753087,-11.79236315974952,0.8240362847596521,0.8449255531543738,0.044516336417631676,0.0447112284455972,9.733856881781474e-11,5e83fb6ee1a3d25c9a1dfff5eea87eacccf65d449f42ccaf4df9199243601e36,1e-05,1e-07,2.5,0
NP_1.20,1.1999999999999997,0.15000000000000002,0.05,MP-SPMe,0.008183666931294202,0.003060999106910582,0.002278633790127305,2,voltage_cutoff,2.500000000861237,3329.8169618599563,-23.538341636736636,11.769186507496737,11.769155129239898,-11.717412113562537,-11.820929482255652,0.8241517643229089,0.8669718211711592,0.044420103448632696,0.044860548622226694,9.78605988136902e-11,5e83fb6ee1a3d25c9a1dfff5eea87eacccf65d449f42ccaf4df9199243601e36,1e-05,1e-07,2.5,0
NP_1.20,1.1999999999999997,0.15000000000000002,0.07500000000000001,MP-SPMe,0.009969159314051408,0.004098955373927769,0.0031345832626182594,2,voltage_cutoff,2.5000000000947584,3330.490605927998,-23.53830796308197,11.769186507496737,11.76912145558523,-11.677735869907869,-11.86057208946814,0.8243043955808884,0.8901811905382265,0.04429291073470202,0.04503190601028676,9.929969002854946e-11,5e83fb6ee1a3d25c9a1dfff5eea87eacccf65d449f42ccaf4df9199243601e36,1e-05,1e-07,2.5,0
NP_1.20,1.1999999999999997,0.15000000000000002,0.1,MP-SPMe,0.014618501618939734,0.005662704163783202,0.004197040354548758,2,voltage_cutoff,2.4999999999937237,3331.1881414359873,-23.53822889725231,11.769186507496737,11.769042389755574,-11.628051079173362,-11.910177818252178,0.8244943574484974,0.9146474777223949,0.044134609174780216,0.04522763209180787,9.678812669757361e-11,5e83fb6ee1a3d25c9a1dfff5eea87eacccf65d449f42ccaf4df9199243601e36,1e-05,1e-07,2.5,0
NP_1.20,1.1999999999999997,0.15000000000000002,0.125,MP-SPMe,0.020650196133268496,0.007052890324310908,0.005210362282949241,2,voltage_cutoff,2.5000000001215,3334.9682539794885,-23.515983931592473,11.769186507496737,11.746797424095735,-11.577993799772313,-11.937990126168815,0.8247171355751762,0.9404416955105557,0.043948960735274316,0.04547450407615404,9.997216735766246e-11,5e83fb6ee1a3d25c9a1dfff5eea87eacccf65d449f42ccaf4df9199243601e36,1e-05,1e-07,2.5,0
NP_1.20,1.1999999999999997,0.15000000000000002,0.15000000000000002,MP-SPMe,0.022911096625832354,0.008393295429170616,0.006338659085177648,2,voltage_cutoff,2.500000002023549,3382.149100610485,-23.2080847089261,11.769186507496737,11.438898201429366,-11.357394163689982,-11.850690448479908,0.8255833012377876,0.9682914132319427,0.0432271560091396,0.045340156003253404,8.622138379417603e-11,5e83fb6ee1a3d25c9a1dfff5eea87eacccf65d449f42ccaf4df9199243601e36,1e-05,1e-07,2.5,0
NP_1.20,1.1999999999999997,0.15000000000000002,0.17500000000000002,MP-SPMe,0.02952343246387318,0.009635847807828285,0.007296000312308265,2,voltage_cutoff,2.499999999955408,3431.780415369436,-22.871649287647926,11.769186507496737,11.102462780151189,-11.38069492784511,-11.490954359887205,0.8259814348641296,0.9966227717121457,0.04289537798469074,0.046035084812574546,8.018483431072319e-11,5e83fb6ee1a3d25c9a1dfff5eea87eacccf65d449f42ccaf4df9199243601e36,1e-05,1e-07,2.5,0
NP_1.20,1.1999999999999997,0.15000000000000002,0.2,MP-SPMe,1.0000000029961218,0.022537786827663272,0.008061242935729072,1,voltage_cutoff,2.5000000000598908,3398.3706300139224,-22.535211375088526,11.769186507496737,10.766024867591788,-22.535211373704527,0.0,0.8084445782660297,0.9999980848638993,0.05750942514156658,0.06454785044487543,6.896050476989823e-11,5e83fb6ee1a3d25c9a1dfff5eea87eacccf65d449f42ccaf4df9199243601e36,1e-05,1e-07,2.5,1
NP_1.20,1.1999999999999997,0.15000000000000002,0.225,MP-SPMe,1.000000000006695,0.0865795519193129,0.016444517536773968,1,voltage_cutoff,2.4999999999869233,3375.3487622640687,-22.1987731921976,11.769186507496737,10.429586684700862,-22.19877319234622,0.0,0.7989158380060774,0.9999980302595024,0.0654500420201408,0.08538117913875529,6.251129485364023e-11,5e83fb6ee1a3d25c9a1dfff5eea87eacccf65d449f42ccaf4df9199243601e36,1e-05,1e-07,2.5,2
NP_1.20,1.1999999999999997,0.15000000000000002,0.25,MP-SPMe,1.0000000078315874,0.1345786785774148,0.02848471699447877,1,voltage_cutoff,2.5000000020334614,3360.619968048085,-21.862334956009985,11.769186507496737,10.093148448513247,-21.862334764248455,0.0,0.7934484033017495,0.9999985013830482,0.07000623759628569,0.10621417698622768,5.173077638799726e-11,5e83fb6ee1a3d25c9a1dfff5eea87eacccf65d449f42ccaf4df9199243601e36,1e-05,1e-07,2.5,2
NP_1.20,1.1999999999999997,0.17500000000000002,0.0,MP-SPMe,2.2889223743499654e-14,5.234370051277652e-15,3.7068914955510614e-15,1,voltage_cutoff,2.499999992752632,3329.054929960632,-22.893972879787704,11.446986439893852,11.446986439893852,-11.446986496654167,-11.446986496654253,0.8013547161171894,0.8013547161171907,0.04346537111574197,0.04346537111574233,7.328714111389124e-11,5e83fb6ee1a3d25c9a1dfff5eea87eacccf65d449f42ccaf4df9199243601e36,1e-05,1e-07,2.5,0
NP_1.20,1.1999999999999997,0.17500000000000002,0.025,MP-SPMe,0.005843524890490342,0.0017742133904973924,0.0012753772583090869,2,voltage_cutoff,2.50000000248291,3329.7760720273072,-22.893964430537352,11.446986439893852,11.446977990643498,-11.418663854191193,-11.475300458943702,0.8014452828814111,0.8217910241324926,0.0433898988127261,0.04355576077211705,7.399132774141715e-11,5e83fb6ee1a3d25c9a1dfff5eea87eacccf65d449f42ccaf4df9199243601e36,1e-05,1e-07,2.5,0
NP_1.20,1.1999999999999997,0.17500000000000002,0.05,MP-SPMe,0.007237774141975129,0.0027339664168605027,0.002154872192931182,2,voltage_cutoff,2.500000000004668,3330.5029990680105,-22.89395216049458,11.446986439893852,11.44696572060073,-11.395304841518996,-11.498647318792539,0.8015472431872297,0.8432928565194795,0.04330493189094879,0.043654123135465336,7.362322218799781e-11,5e83fb6ee1a3d25c9a1dfff5eea87eacccf65d449f42ccaf4df9199243601e36,1e-05,1e-07,2.5,0
NP_1.20,1.1999999999999997,0.17500000000000002,0.07500000000000001,MP-SPMe,0.007620876261359423,0.0036019454074814614,0.0028664818498319593,2,voltage_cutoff,2.4999999985086805,3331.1038624064863,-22.893933005080704,11.446986439893852,11.446946565186854,-11.371362631908182,-11.52257047357334,0.8016488161508925,0.8658917641124866,0.04322028775561981,0.04380273304233562,7.511007301323366e-11,5e83fb6ee1a3d25c9a1dfff5eea87eacccf65d449f42ccaf4df9199243601e36,1e-05,1e-07,2.5,0
NP_1.20,1.1999999999999997,0.17500000000000002,0.1,MP-SPMe,0.011693378998801258,0.005040903488960127,0.00396484796070647,2,voltage_cutoff,2.5000000045024446,3331.7844446117033,-22.893898915340866,11.446986439893852,11.446912475447014,-11.330340536850017,-11.563558165545855,0.8018007662729392,0.8897302030734515,0.043093662652089096,0.04396331557349803,7.254265994920806e-11,5e83fb6ee1a3d25c9a1dfff5eea87eacccf65d449f42ccaf4df9199243601e36,1e-05,1e-07,2.5,0
NP_1.20,1.1999999999999997,0.17500000000000002,0.125,MP-SPMe,0.015159256776913502,0.006277834020736746,0.004866271889574173,2,voltage_cutoff,2.500000001019643,3332.4628627588863,-22.893817148024954,11.446986439893852,11.446830708131102,-11.283937684683883,-11.609879415121707,0.8019819816977931,0.9148917559458845,0.04294264979773044,0.04415239583694305,7.434042975766187e-11,5e83fb6ee1a3d25c9a1dfff5eea87eacccf65d449f42ccaf4df9199243601e36,1e-05,1e-07,2.5,0
NP_1.20,1.1999999999999997,0.17500000000000002,0.15000000000000002,MP-SPMe,0.020787637740094483,0.007593147618826395,0.005802097412306824,2,voltage_cutoff,2.500000003617546,3336.95680548232,-22.86720013541791,11.446986439893852,11.420213695524058,-11.234801886402328,-11.632398077423309,0.8022014863305598,0.9414585906968245,0.04275972927314519,0.04439446613448308,7.592634531835426e-11,5e83fb6ee1a3d25c9a1dfff5eea87eacccf65d449f42ccaf4df9199243601e36,1e-05,1e-07,2.5,0
NP_1.20,1.1999999999999997,0.17500000000000002,0.17500000000000002,MP-SPMe,0.024130308305376293,0.00915426134714397,0.006969374438851275,2,voltage_cutoff,2.5000000033145677,3387.082693471387,-22.549447151061862,11.446986439893852,11.102460711168009,-11.009442333624067,-11.540004660567371,0.8030884714413439,0.9702247883743457,0.04202057500545522,0.04423142586599921,6.385874729512054e-11,5e83fb6ee1a3d25c9a1dfff5eea87eacccf65d449f42ccaf4df9199243601e36,1e-05,1e-07,2.5,0
NP_1.20,1.1999999999999997,0.17500000000000002,0.2,MP-SPMe,0.03013550796728277,0.010057874348261024,0.007736732839453136,2,voltage_cutoff,2.499999999989959,3435.412636473372,-22.213011319625345,11.446986439893852,10.766024879731495,-11.327918941436938,-10.885092378455267,0.8029293248004498,0.998587691787702,0.042153197203365876,0.0455358400075036,6.002267216601205e-11,5e83fb6ee1a3d25c9a1dfff5eea87eacccf65d449f42ccaf4df9199243601e36,1e-05,1e-07,2.5,0
NP_1.20,1.1999999999999997,0.17500000000000002,0.225,MP-SPMe,1.0000000023533588,0.03479646436132548,0.009392291071768612,1,voltage_cutoff,2.5000000041003836,3396.264361772939,-21.876573363326123,11.446986439893852,10.429586923432273,-21.876573224111713,0.0,0.784903375911165,0.9999980409244218,0.05717482127323024,0.06542889976256291,5.390546874123995e-11,5e83fb6ee1a3d25c9a1dfff5eea87eacccf65d449f42ccaf4df9199243601e36,1e-05,1e-07,2.5,1
NP_1.20,1.1999999999999997,0.17500000000000002,0.25,MP-SPMe,1.0000000041813013,0.09456737877206689,0.01870052846120616,1,voltage_cutoff,2.499999999953698,3374.045021396582,-21.540135162702367,11.446986439893852,10.093148722808515,-21.540135163751643,0.0,0.7760756027482438,0.9999980460763546,0.06453129889914441,0.08626218905492256,3.9612873240478746e-11,5e83fb6ee1a3d25c9a1dfff5eea87eacccf65d449f42ccaf4df9199243601e36,1e-05,1e-07,2.5,0
NP_1.20,1.1999999999999997,0.2,0.0,MP-SPMe,2.818274733264332e-14,4.874969127723706e-15,3.308768666724758e-15,1,voltage_cutoff,2.499999997957506,3331.486478654221,-22.249568393993606,11.124784196996803,11.124784196996803,-11.124784243043958,-11.12478424304392,0.7788237162578044,0.7788237162578027,0.04228893183295977,0.042288931832959537,5.5084166285341264e-11,5e83fb6ee1a3d25c9a1dfff5eea87eacccf65d449f42ccaf4df9199243601e36,1e-05,1e-07,2.5,0
NP_1.20,1.1999999999999997,0.2,0.025,MP-SPMe,0.005273155350468925,0.0017665387095026639,0.0012790850131661328,1,voltage_cutoff,2.500000004265738,3332.0943809819355,-22.249562364135095,11.124784196996803,11.124778167138293,-11.113210011316513,-11.136352153272595,0.7788736008419032,0.7986904730444546,0.042247361346290674,0.042372686032672274,5.5323859439979546e-11,5e83fb6ee1a3d25c9a1dfff5eea87eacccf65d449f42ccaf4df9199243601e36,1e-05,1e-07,2.5,0
NP_1.20,1.1999999999999997,0.2,0.05,MP-SPMe,0.006008602683444436,0.0026495371081784965,0.0021229561228718508,2,voltage_cutoff,2.50000000094354,3332.753713034145,-22.249553958805,11.124784196996803,11.124769761808196,-11.088963177275904,-11.160590737391782,0.7789529157335631,0.8195956336023749,0.0421812656037696,0.04246215211244398,5.596473086552301e-11,5e83fb6ee1a3d25c9a1dfff5eea87eacccf65d449f42ccaf4df9199243601e36,1e-05,1e-07,2.5,0
NP_1.20,1.1999999999999997,0.2,0.07500000000000001,MP-SPMe,0.006263605403229207,0.003336422386317684,0.0026592977207242573,2,voltage_cutoff,2.5000000000422475,3333.453622352612,-22.249541707474584,11.124784196996803,11.12475751047778,-11.065125714275588,-11.184415980159606,0.7790514602388325,0.8416289262556564,0.04209914518378614,0.04255306472388058,5.7518753553902966e-11,5e83fb6ee1a3d25c9a1dfff5eea87eacccf65d449f42ccaf4df9199243601e36,1e-05,1e-07,2.5,0
NP_1.20,1.1999999999999997,0.2,0.1,MP-SPMe,0.00977475543269009,0.0046160709156751216,0.0036654255851932436,2,voltage_cutoff,2.4999999968417272,3333.9901446083904,-22.249522481929866,11.124784196996803,11.124738284933063,-11.045848393378899,-11.203674131975616,0.7791401117884019,0.8648124057926303,0.04202526889083342,0.04269939103568238,5.5150425873405925e-11,5e83fb6ee1a3d25c9a1dfff5eea87eacccf65d449f42ccaf4df9199243601e36,1e-05,1e-07,2.5,0
NP_1.20,1.1999999999999997,0.2,0.125,MP-SPMe,0.011769633067497018,0.005701694424990886,0.004528206362730785,2,voltage_cutoff,2.5000000037228993,3334.6623008240285,-22.24948796231584,11.124784196996803,11.124703765319037,-11.003654061409717,-11.245833726470229,0.7792917028601879,0.889317714781248,0.0418989429971574,0.042847861687367206,5.6381659366377976e-11,5e83fb6ee1a3d25c9a1dfff5eea87eacccf65d449f42ccaf4df9199243601e36,1e-05,1e-07,2.5,0
NP_1.20,1.1999999999999997,0.2,0.15000000000000002,MP-SPMe,0.016995909745960307,0.006831605301149068,0.005302955587909724,2,voltage_cutoff,2.500000000435517,3335.3003801986233,-22.249403286146197,11.124784196996803,11.124619089149395,-10.9609826798749,-11.288420586113837,0.7794634935332152,0.9152172522283732,0.04175578410516416,0.04302980838417731,5.756256453836102e-11,5e83fb6ee1a3d25c9a1dfff5eea87eacccf65d449f42ccaf4df9199243601e36,1e-05,1e-07,2.5,0
NP_1.20,1.1999999999999997,0.2,0.17500000000000002,MP-SPMe,0.022454048027008573,0.008375191647983662,0.006387601379893116,2,voltage_cutoff,2.5000000000116005,3340.823852515482,-22.216603456080627,11.124784196996803,11.091819259083824,-10.911110166087841,-11.305493289478417,0.7796843735292404,0.9426109226908327,0.041571717440211015,0.043263686030098454,5.526882415371819e-11,5e83fb6ee1a3d25c9a1dfff5eea87eacccf65d449f42ccaf4df9199243601e36,1e-05,1e-07,2.5,0
NP_1.20,1.1999999999999997,0.2,0.2,MP-SPMe,0.024988273228881547,0.009772574092305194,0.00749899238563937,2,voltage_cutoff,2.500000000190082,3393.783401206554,-21.89080756658255,11.124784196996803,10.766023369585746,-10.681536369245142,-11.209271191365643,0.7805870766423848,0.9723491097198016,0.04081946484431454,0.043075955562162635,5.2921677816946736e-11,5e83fb6ee1a3d25c9a1dfff5eea87eacccf65d449f42ccaf4df9199243601e36,1e-05,1e-07,2.5,0
NP_1.20,1.1999999999999997,0.2,0.225,MP-SPMe,0.09126669403161809,0.010932686149612628,0.008526858993418075,1,voltage_cutoff,2.5000000000225393,3437.24389294247,-21.55437138302921,11.124784196996803,10.429587186032407,-11.76078380018648,-9.793587582127689,0.7791410456189753,0.9996864366823891,0.04202449069092334,0.0456778716802488,4.493848367791005e-11,5e83fb6ee1a3d25c9a1dfff5eea87eacccf65d449f42ccaf4df9199243601e36,1e-05,1e-07,2.5,0
NP_1.20,1.1999999999999997,0.2,0.25,MP-SPMe,1.0000000086657803,0.04517452801251178,0.011154434684527467,1,voltage_cutoff,2.4999999970230555,3395.461221255483,-21.21793337851996,11.124784196996803,10.093149181523156,-21.21793356238991,0.0,0.7613935131238583,0.9999980468177609,0.056814101098141424,0.06630991610256953,3.828917108220788e-11,5e83fb6ee1a3d25c9a1dfff5eea87eacccf65d449f42ccaf4df9199243601e36,1e-05,1e-07,2.5,1
NP_1.20,1.1999999999999997,0.225,0.0,MP-SPMe,2.1294745857562402e-14,4.533622682847908e-15,2.8995571699491298e-15,1,voltage_cutoff,2.500000000197211,3335.699372930263,-21.605161408455032,10.802580704227516,10.802580704227516,-10.80258069978575,-10.802580699785723,0.7562522614816896,0.7562522614816887,0.041146204986425676,0.041146204986425565,4.4229213138708796e-11,5e83fb6ee1a3d25c9a1dfff5eea87eacccf65d449f42ccaf4df9199243601e36,1e-05,1e-07,2.5,0
NP_1.20,1.1999999999999997,0.225,0.025,MP-SPMe,0.005856485014830799,0.0017927479298286595,0.0012671041282101409,1,voltage_cutoff,2.500000000385212,3336.294070908391,-21.605157002439547,10.802580704227516,10.802576298212033,-10.787608571223352,-10.817548408830044,0.7563031588104059,0.7755629936146282,0.04110379054428205,0.04121149057215982,4.1898436005393406e-11,5e83fb6ee1a3d25c9a1dfff5eea87eacccf65d449f42ccaf4df9199243601e36,1e-05,1e-07,2.5,0
NP_1.20,1.1999999999999997,0.225,0.05,MP-SPMe,0.007015587826013915,0.002749817453048474,0.002112263612322509,2,voltage_cutoff,2.4999999961992283,3336.876395454073,-21.605151015126356,10.802580704227516,10.80257031089884,-10.77408907503931,-10.831061959691615,0.756357208577259,0.7958798044643908,0.04105874907097849,0.0412849110187422,4.204365518373882e-11,5e83fb6ee1a3d25c9a1dfff5eea87eacccf65d449f42ccaf4df9199243601e36,1e-05,1e-07,2.5,0
NP_1.20,1.1999999999999997,0.225,0.07500000000000001,MP-SPMe,0.006853589840471436,0.003402551414243098,0.0027027354901377303,2,voltage_cutoff,2.5000000033790286,3337.459391044029,-21.605142647396203,10.802580704227516,10.802561943168687,-10.754543905485408,-10.850598585298856,0.7564257108130215,0.8172782790109017,0.04100166387584577,0.04137108281432929,4.254530448916565e-11,5e83fb6ee1a3d25c9a1dfff5eea87eacccf65d449f42ccaf4df9199243601e36,1e-05,1e-07,2.5,0
NP_1.20,1.1999999999999997,0.225,0.1,MP-SPMe,0.009386524933419545,0.004547156089604077,0.003607363269917687,2,voltage_cutoff,2.5000000003106755,3338.097688091858,-21.605130409386348,10.802580704227516,10.802549705158832,-10.730451245749856,-10.87467914940344,0.7565182752273831,0.8398648317349913,0.04092452686417625,0.04145779908339539,4.2972759657260684e-11,5e83fb6ee1a3d25c9a1dfff5eea87eacccf65d449f42ccaf4df9199243601e36,1e-05,1e-07,2.5,0
NP_1.20,1.1999999999999997,0.225,0.125,MP-SPMe,0.011447431339299909,0.005515603956559787,0.00430538231227521,2,voltage_cutoff,2.5000000001922467,3338.5547476438956,-21.605111108130913,10.802580704227516,10.802530403903395,-10.715254748890349,-10.889856349038133,0.7565952258285261,0.8636658337381217,0.040860401362483596,0.04160008578518169,4.185388223950823e-11,5e83fb6ee1a3d25c9a1dfff5eea87eacccf65d449f42ccaf4df9199243601e36,1e-05,1e-07,2.5,0
NP_1.20,1.1999999999999997,0.225,0.15000000000000002,MP-SPMe,0.012764167209047054,0.006430393127234755,0.004995236000731861,2,voltage_cutoff,2.4999999970213516,3339.195662414536,-21.605076141162595,10.802580704227516,10.802495436935079,-10.672398925446934,-10.93267725558789,0.7567448409215183,0.88887543136518,0.04073572211775745,0.04173632567025272,4.334149333475392e-11,5e83fb6ee1a3d25c9a1dfff5eea87eacccf65d449f42ccaf4df9199243601e36,1e-05,1e-07,2.5,0
NP_1.20,1.1999999999999997,0.225,0.17500000000000002,MP-SPMe,0.016623185624235873,0.0077910405214180346,0.005972594122124975,2,voltage_cutoff,2.500000003699566,3339.7660909904635,-21.604988320503477,10.802580704227516,10.80240761627596,-10.633911280222087,-10.971076868561795,0.7569050940512858,0.9155562675318274,0.04060217784303105,0.04191148895765747,4.1189676934701163e-11,5e83fb6ee1a3d25c9a1dfff5eea87eacccf65d449f42ccaf4df9199243601e36,1e-05,1e-07,2.5,0
NP_1.20,1.1999999999999997,0.225,0.2,MP-SPMe,0.021284803243689726,0.009182004507587814,0.007019894334227175,2,voltage_cutoff,2.499999996312144,3346.785861701369,-21.563495971033472,10.802580704227516,10.760915266805956,-10.581230739390742,-10.982265240669113,0.7571337456552094,0.9438376601099214,0.04041163484122595,0.042131316146425735,4.3336273646700423e-11,5e83fb6ee1a3d25c9a1dfff5eea87eacccf65d449f42ccaf4df9199243601e36,1e-05,1e-07,2.5,0
NP_1.20,1.1999999999999997,0.225,0.225,MP-SPMe,0.026087893861683132,0.010786813386397774,0.008514999502212397,2,voltage_cutoff,2.500000003366302,3402.362921598214,-21.23216699206683,10.802580704227516,10.429586287839312,-10.351950361917453,-10.880216474041324,0.7580489254949554,0.9746102868730404,0.03964898497218631,0.04192061261005992,3.9513970652099227e-11,5e83fb6ee1a3d25c9a1dfff5eea87eacccf65d449f42ccaf4df9199243601e36,1e-05,1e-07,2.5,0
NP_1.20,1.1999999999999997,0.225,0.25,MP-SPMe,0.2166666241771471,0.012438292947079413,0.00961075093068957,1,voltage_cutoff,2.5000000039805053,3437.516190885591,-20.89573049769293,10.802580704227516,10.093149793465415,-12.711568839288123,-8.184161452637538,0.754642058252533,0.9999509097719661,0.04248804100850047,0.046387104270747416,4.089271396794347e-11,5e83fb6ee1a3d25c9a1dfff5eea87eacccf65d449f42ccaf4df9199243601e36,1e-05,1e-07,2.5,0
NP_1.20,1.1999999999999997,0.25,0.0,MP-SPMe,4.444376674974514e-12,8.962208632703901e-13,6.011920866477653e-13,2,voltage_cutoff,2.50000000043596,3341.4936204819323,-20.960753001252204,10.480376500626102,10.480376500626102,-10.48037649110094,-10.480376491087055,0.7337106096013792,0.7337106096009246,0.03997864239456048,0.0399786423944787,3.4464184468998445e-11,5e83fb6ee1a3d25c9a1dfff5eea87eacccf65d449f42ccaf4df9199243601e36,1e-05,1e-07,2.5,0
NP_1.20,1.1999999999999997,0.25,0.025,MP-SPMe,0.006523883869158256,0.001796518557386911,0.0012773618494922906,1,voltage_cutoff,2.4999999971312294,3341.9985919959986,-20.960749732648658,10.480376500626102,10.480373232022558,-10.477432952026735,-10.48331681801721,0.7337438510493755,0.7524533785138153,0.03995094118749242,0.040035780351883356,3.383285406703432e-11,5e83fb6ee1a3d25c9a1dfff5eea87eacccf65d449f42ccaf4df9199243601e36,1e-05,1e-07,2.5,0
NP_1.20,1.1999999999999997,0.25,0.05,MP-SPMe,0.007822931814501635,0.002856884309147234,0.002156384454524885,2,voltage_cutoff,2.5000000038503916,3342.478997410324,-20.96074535821867,10.480376500626102,10.480368857592568,-10.465867314601782,-10.494877867004188,0.7337837524292093,0.7721634431349825,0.039917690037640306,0.040108091246847624,3.395178088347248e-11,5e83fb6ee1a3d25c9a1dfff5eea87eacccf65d449f42ccaf4df9199243601e36,1e-05,1e-07,2.5,0
NP_1.20,1.1999999999999997,0.25,0.07500000000000001,MP-SPMe,0.008217998744326542,0.0036221980797944567,0.002863236771592292,2,voltage_cutoff,2.500000001678399,3343.018353775219,-20.960739404743162,10.480376500626102,10.48036290411706,-10.44994474703259,-10.510794580782614,0.73384137256825,0.7929462996375063,0.03986967325663116,0.04017471109101361,3.6269220721723023e-11,5e83fb6ee1a3d25c9a1dfff5eea87eacccf65d449f42ccaf4df9199243601e36,1e-05,1e-07,2.5,0
NP_1.20,1.1999999999999997,0.25,0.1,MP-SPMe,0.010605229097906888,0.004729142993837072,0.003717423955645145,2,voltage_cutoff,2.5000000000039573,3343.538466722255,-20.960731066842555,10.480376500626102,10.480354566216452,-10.434259745600238,-10.526471321060976,0.7339034959061467,0.8148683722918326,0.03981790380778698,0.04025287117545399,3.5304933659197777e-11,5e83fb6ee1a3d25c9a1dfff5eea87eacccf65d449f42ccaf4df9199243601e36,1e-05,1e-07,2.5,0
NP_1.20,1.1999999999999997,0.25,0.125,MP-SPMe,0.011525160213256551,0.005610027627007471,0.004421067483302323,2,voltage_cutoff,2.5000000005680407,3344.08842982915,-20.96071883543798,10.480376500626102,10.480342334811878,-10.410870202462286,-10.54984860289985,0.7339871975652853,0.8380319423028014,0.03974815242357926,0.04033919246519724,3.285646298280373e-11,5e83fb6ee1a3d25c9a1dfff5eea87eacccf65d449f42ccaf4df9199243601e36,1e-05,1e-07,2.5,0
NP_1.20,1.1999999999999997,0.25,0.15000000000000002,MP-SPMe,0.013056682098613975,0.006384001353284585,0.0050603675725705245,1,voltage_cutoff,2.499999996523773,3344.4690852045496,-20.96069945174319,10.480376500626102,10.480322951117087,-10.398444480246935,-10.56225498020538,0.7340557204827262,0.8624881528654548,0.03969104999227894,0.04047504211609988,3.4642670757320014e-11,5e83fb6ee1a3d25c9a1dfff5eea87eacccf65d449f42ccaf4df9199243601e36,1e-05,1e-07,2.5,0
NP_1.20,1.1999999999999997,0.25,0.17500000000000002,MP-SPMe,0.015404624677129863,0.007509007335396318,0.005839039092249613,1,voltage_cutoff,2.5000000032467256,3345.0667322827926,-20.960664018403776,10.480376500626102,10.480287517777672,-10.355570614339866,-10.605093255012722,0.7342022966938433,0.8884433406861243,0.03956890315164702,0.040599353673602706,3.572088932573835e-11,5e83fb6ee1a3d25c9a1dfff5eea87eacccf65d449f42ccaf4df9199243601e36,1e-05,1e-07,2.5,0
NP_1.20,1.1999999999999997,0.25,0.2,MP-SPMe,0.01780460236904715,0.008696472114389488,0.006627587811412833,1,voltage_cutoff,2.5000000009401075,3345.556167237373,-20.96057278713746,10.480376500626102,10.480196286511358,-10.321294238566399,-10.639278505402707,0.7343504131072026,0.9159543629175723,0.03944547280590283,0.04076790844992613,3.37527369709847e-11,5e83fb6ee1a3d25c9a1dfff5eea87eacccf65d449f42ccaf4df9199243601e36,1e-05,1e-07,2.5,0
NP_1.20,1.1999999999999997,0.25,0.225,MP-SPMe,0.02179463737730413,0.010167039936331997,0.007745892786399655,2,voltage_cutoff,2.5000000002892673,3354.6153240085314,-20.907812931935347,10.480376500626102,10.427436431309243,-10.263010380942605,-10.644802365953364,0.7345946738453326,0.9451934560559747,0.03924192219262161,0.0409667100246906,3.657527955627228e-11,5e83fb6ee1a3d25c9a1dfff5eea87eacccf65d449f42ccaf4df9199243601e36,1e-05,1e-07,2.5,0
NP_1.20,1.1999999999999997,0.25,0.25,MP-SPMe,0.025564149295597176,0.012007399367852334,0.009497748987727274,2,voltage_cutoff,2.5000000032340357,3412.525724318959,-20.573525996529717,10.480376500626102,10.093149495903615,-10.037887978106607,-10.535637870006182,0.7355083682086386,0.97706009788883,0.03848051022098821,0.04074158921192449,3.3188843261378884e-11,5e83fb6ee1a3d25c9a1dfff5eea87eacccf65d449f42ccaf4df9199243601e36,1e-05,1e-07,2.5,0
reference,0.8830361627322951,0.0,0.0,MP-SPMe,2.664844894097262e-11,8.708215910927407e-12,6.402447768104027e-12,1,voltage_cutoff,2.500000003973585,3315.988425057841,-27.40501537265435,13.702507686327175,13.702507686327175,-13.70250758645766,-13.70250758686284,0.7061868046055709,0.7061868046087726,0.0512010719675798,0.0512010719691387,8.810510498583133e-11,5e83fb6ee1a3d25c9a1dfff5eea87eacccf65d449f42ccaf4df9199243601e36,4e-05,3e-07,5.0,0
reference,0.8830361627322951,0.0,0.025,MP-SPMe,0.0079932761761765,0.0023868114088308,0.0016585507955223,1,voltage_cutoff,2.5,3316.932088205954,-27.405014043989897,13.702507686327175,13.702506357662722,-13.664814637113547,-13.74019940687633,0.7062807036165031,0.7241896437225992,0.0510947354285728,0.0513164715219082,8.680125938748032e-11,5e83fb6ee1a3d25c9a1dfff5eea87eacccf65d449f42ccaf4df9199243601e36,4e-05,3e-07,5.0,0
reference,0.8830361627322951,0.0,0.05,MP-SPMe,0.0134315941936752,0.0042406122456502,0.0029987146100032,1,voltage_cutoff,2.499999996335585,3317.9505240550525,-27.405012164909472,13.702507686327175,13.702504478582297,-13.62771053914723,-13.777301625761869,0.7063917473715728,0.7431542381084745,0.0509689831849121,0.0514165539826531,9.426663952071222e-11,5e83fb6ee1a3d25c9a1dfff5eea87eacccf65d449f42ccaf4df9199243601e36,4e-05,3e-07,5.0,0
reference,0.8830361627322951,0.0,0.075,MP-SPMe,0.0148583732013889,0.0052408425450491,0.0038111735292214,1,voltage_cutoff,2.499999999971628,3318.9107592219016,-27.40500953672028,13.702507686327175,13.702501850393103,-13.60387631936292,-13.801133217354986,0.7064896098098987,0.7631323711737557,0.0508581582351156,0.0515287609983445,7.467512762806174e-11,5e83fb6ee1a3d25c9a1dfff5eea87eacccf65d449f42ccaf4df9199243601e36,4e-05,3e-07,5.0,0
reference,0.8830361627322951,0.0,0.1,MP-SPMe,0.012717647569466,0.0054893381895942,0.0040875323189728,1,voltage_cutoff,2.5000000000282814,3319.7294382875884,-27.405005847327267,13.702507686327175,13.70249816100009,-13.57439669743425,-13.830609148468154,0.7065765379128692,0.78416700984828,0.0507597159512158,0.0516953843845585,7.905510753995041e-11,5e83fb6ee1a3d25c9a1dfff5eea87eacccf65d449f42ccaf4df9199243601e36,4e-05,3e-07,5.0,0
reference,0.8830361627322951,0.0,0.125,MP-SPMe,0.0145751146353665,0.0058009202507285,0.0043751806797872,2,voltage_cutoff,2.500000003664028,3320.733229872173,-27.405000572922603,13.702507686327175,13.702492886595428,-13.52547121897697,-13.879529170119424,0.7067086638276266,0.8064399330413938,0.0506100890856758,0.0518260329974097,7.574173657101058e-11,5e83fb6ee1a3d25c9a1dfff5eea87eacccf65d449f42ccaf4df9199243601e36,4e-05,3e-07,5.0,0
reference,0.8830361627322951,0.0,0.15,MP-SPMe,0.0197059443933928,0.0068219742583628,0.0051052157307619,2,voltage_cutoff,2.5,3321.668986758796,-27.404992751179577,13.702507686327175,13.7024850648524,-13.495428432937706,-13.909564318241838,0.7068257560790588,0.8300072364642356,0.0504774872472099,0.0519718825389419,8.014995544002091e-11,5e83fb6ee1a3d25c9a1dfff5eea87eacccf65d449f42ccaf4df9199243601e36,4e-05,3e-07,5.0,0
reference,0.8830361627322951,0.0,0.175,MP-SPMe,0.021577032377815,0.0080347655788995,0.005902193684687,2,voltage_cutoff,2.500000000000003,3322.497052233256,-27.4049803658288,13.702507686327175,13.702472679501623,-13.451006544172987,-13.953973821655588,0.7069463171118286,0.8549440346017055,0.0503409571127649,0.0521726924797492,6.817472560772111e-11,5e83fb6ee1a3d25c9a1dfff5eea87eacccf65d449f42ccaf4df9199243601e36,4e-05,3e-07,5.0,0
reference,0.8830361627322951,0.0,0.2,MP-SPMe,0.0266550395737024,0.0090408418146498,0.0064281415982167,2,voltage_cutoff,2.499999999859257,3323.406748537985,-27.404958196402674,13.702507686327175,13.702450510075495,-13.403534150057952,-14.00142404634329,0.7070949367121613,0.8814461597293868,0.0501726518951653,0.0523673626101868,7.163988097118979e-11,5e83fb6ee1a3d25c9a1dfff5eea87eacccf65d449f42ccaf4df9199243601e36,4e-05,3e-07,5.0,0
reference,0.8830361627322951,0.0,0.225,MP-SPMe,0.0300758431322111,0.0098807143614444,0.0068312879314166,2,voltage_cutoff,2.5000000000009,3324.1780234853763,-27.4049057199415,13.702507686327175,13.702398033614324,-13.345876314087574,-14.059029405801688,0.7072532995193236,0.909569204202316,0.0499933128887425,0.0526400519337954,8.046808494134445e-11,5e83fb6ee1a3d25c9a1dfff5eea87eacccf65d449f42ccaf4df9199243601e36,4e-05,3e-07,5.0,0
reference,0.8830361627322951,0.0,0.25,MP-SPMe,0.0357852719357992,0.0108117305785684,0.0072481360583423,2,voltage_cutoff,2.499999997366434,3327.556457500061,-27.383455206261207,13.702507686327175,13.680947519934032,-13.2678734141115,-14.115581792149367,0.7074705720653516,0.9394935603957478,0.0497472611871703,0.0529752170973271,8.063560667135256e-11,5e83fb6ee1a3d25c9a1dfff5eea87eacccf65d449f42ccaf4df9199243601e36,4e-05,3e-07,5.0,0
reference,0.8830361627322951,0.025,0.0,MP-SPMe,4.115533106579085e-14,7.860893355874804e-15,5.301497893310031e-15,2,voltage_cutoff,2.499999999913175,3314.353589243424,-26.760597276390577,13.380298638195288,13.380298638195288,-13.380298638194562,-13.380298638194285,0.689612284012816,0.6896122840128113,0.0500187223526098,0.0500187223526086,1.835774274316375e-10,5e83fb6ee1a3d25c9a1dfff5eea87eacccf65d449f42ccaf4df9199243601e36,4e-05,3e-07,5.0,0
reference,0.8830361627322951,0.025,0.025,MP-SPMe,0.0077997403174588,0.0023510051789032,0.001654330231155,1,voltage_cutoff,2.500000000008156,3315.2066232417906,-26.760596297856573,13.380298638195288,13.380297659661284,-13.365036538198272,-13.395559759247323,0.6896654890001113,0.707185122490906,0.0499584700235746,0.0501396568980014,1.861236289908814e-10,5e83fb6ee1a3d25c9a1dfff5eea87eacccf65d449f42ccaf4df9199243601e36,4e-05,3e-07,5.0,0
reference,0.8830361627322951,0.025,0.05,MP-SPMe,0.0130916519534077,0.00421668242499,0.0030612241612169,1,voltage_cutoff,2.500000002114984,3316.1473936344737,-26.760594874396816,13.380298638195288,13.380296236201527,-13.329739070846,-13.430855698451213,0.689752896210517,0.7256843314596619,0.0498594851596859,0.0502589946510171,1.8665663545711607e-10,5e83fb6ee1a3d25c9a1dfff5eea87eacccf65d449f42ccaf4df9199243601e36,4e-05,3e-07,5.0,0
reference,0.8830361627322951,0.025,0.075,MP-SPMe,0.0144451160226068,0.0052317755161785,0.0039845112490272,1,voltage_cutoff,2.499999999999998,3317.1969849421207,-26.76059285888448,13.380298638195288,13.380294220689192,-13.2909211639161,-13.469671694968374,0.689865228400693,0.7452043081807432,0.0497322738450165,0.0503565329142633,1.7936834811209479e-10,5e83fb6ee1a3d25c9a1dfff5eea87eacccf65d449f42ccaf4df9199243601e36,4e-05,3e-07,5.0,0
reference,0.8830361627322951,0.025,0.1,MP-SPMe,0.0122492517284624,0.0055979557118916,0.0043764824565044,1,voltage_cutoff,2.499999994950885,3318.1800527842006,-26.76059002859548,13.380298638195288,13.380291390400185,-13.26793428613811,-13.492655742457092,0.6899620703405088,0.7657958214498428,0.0496226045699072,0.0504672257350727,1.8475639737164467e-10,5e83fb6ee1a3d25c9a1dfff5eea87eacccf65d449f42ccaf4df9199243601e36,4e-05,3e-07,5.0,0
reference,0.8830361627322951,0.025,0.125,MP-SPMe,0.0153562982974041,0.0060943348519019,0.0046963635349363,2,voltage_cutoff,2.4999999998360782,3319.0210949250963,-26.760586027393124,13.380298638195288,13.380287389197838,-13.238795449831468,-13.521790577560305,0.6900486489965516,0.7875096497483539,0.0495245580108464,0.0506317668635503,1.8309728484493044e-10,5e83fb6ee1a3d25c9a1dfff5eea87eacccf65d449f42ccaf4df9199243601e36,4e-05,3e-07,5.0,0
reference,0.8830361627322951,0.025,0.15,MP-SPMe,0.0159129235664597,0.0071091235201731,0.0053279450397345,2,voltage_cutoff,2.500000000022177,3320.0592965806145,-26.760580243131912,13.380298638195288,13.380281604936622,-13.189624178384715,-13.570956063640992,0.690181399914546,0.8105405867114449,0.0493742233964034,0.0507579732677378,2.0619187216872187e-10,5e83fb6ee1a3d25c9a1dfff5eea87eacccf65d449f42ccaf4df9199243601e36,4e-05,3e-07,5.0,0
reference,0.8830361627322951,0.025,0.175,MP-SPMe,0.0213407182191308,0.0082396119502077,0.0062688328408599,2,voltage_cutoff,2.500000002737921,3320.9857843344216,-26.76057151278007,13.380298638195288,13.380272874584785,-13.16197581197284,-13.598595564817918,0.6902920267338113,0.8349389055680533,0.0492489433406517,0.0509107434614697,2.0555118002196784e-10,5e83fb6ee1a3d25c9a1dfff5eea87eacccf65d449f42ccaf4df9199243601e36,4e-05,3e-07,5.0,0
reference,0.8830361627322951,0.025,0.2,MP-SPMe,0.0243133149677567,0.0091891516691467,0.0067837620103465,2,voltage_cutoff,2.5,3321.8609138271863,-26.76055727087125,13.380298638195288,13.38025863267596,-13.114306344470457,-13.64625092640075,0.6904180104646043,0.8608164512362111,0.0491062722571435,0.0511048873952304,2.1192797962083127e-10,5e83fb6ee1a3d25c9a1dfff5eea87eacccf65d449f42ccaf4df9199243601e36,4e-05,3e-07,5.0,0
reference,0.8830361627322951,0.025,0.225,MP-SPMe,0.0280453988852138,0.0100422663213918,0.0071713210608258,2,voltage_cutoff,2.500000000000003,3322.742986362173,-26.760530241679508,13.380298638195288,13.38023160348422,-13.069590279444876,-13.690939962234475,0.6905594766500691,0.8883463166914346,0.0489460679566772,0.0513141263254659,2.0474301028537119e-10,5e83fb6ee1a3d25c9a1dfff5eea87eacccf65d449f42ccaf4df9199243601e36,4e-05,3e-07,5.0,0
reference,0.8830361627322951,0.025,0.25,MP-SPMe,0.0316751111007698,0.010909020739546,0.0076909370002519,2,voltage_cutoff,2.4999999996049262,3323.540850307541,-26.76022986472203,13.380298638195288,13.379931226526743,-13.010287592901372,-13.749942271819773,0.690720210439177,0.9176217492673266,0.0487640439358216,0.0515995998992559,1.9957304335504083e-10,5e83fb6ee1a3d25c9a1dfff5eea87eacccf65d449f42ccaf4df9199243601e36,4e-05,3e-07,5.0,0
reference,0.8830361627322951,0.05,0.0,MP-SPMe,4.0334369696137455e-14,7.425928332290914e-15,4.703059133894214e-15,1,voltage_cutoff,2.499999999999996,3312.3586335666014,-26.116178675905367,13.058089337952683,13.058089337952683,-13.058089337952625,-13.058089337952731,0.6729690325595086,0.6729690325595101,0.0489142073473726,0.048914207347373,1.7083159878740643e-10,5e83fb6ee1a3d25c9a1dfff5eea87eacccf65d449f42ccaf4df9199243601e36,4e-05,3e-07,5.0,0
reference,0.8830361627322951,0.05,0.025,MP-SPMe,0.0070480755765275,0.0022502621928861,0.0016160319195443,1,voltage_cutoff,2.5000000000000004,3313.4021283803054,-26.1161779903692,13.058089337952683,13.05808865241652,-13.040474988242964,-13.075703002126138,0.673037399423445,0.6901696336503189,0.0488367848483395,0.0489749520310015,1.7346852567777504e-10,5e83fb6ee1a3d25c9a1dfff5eea87eacccf65d449f42ccaf4df9199243601e36,4e-05,3e-07,5.0,0
reference,0.8830361627322951,0.05,0.05,MP-SPMe,0.0119663050312742,0.0041024898963287,0.0030192251530633,1,voltage_cutoff,2.4999999991432773,3314.2757244819654,-26.11617694070042,13.058089337952683,13.058087602747738,-13.02855687510828,-13.087620065591484,0.6730865632172571,0.7082247242455357,0.0487811089885524,0.0490903547559058,1.7844841025637314e-10,5e83fb6ee1a3d25c9a1dfff5eea87eacccf65d449f42ccaf4df9199243601e36,4e-05,3e-07,5.0,0
reference,0.8830361627322951,0.05,0.075,MP-SPMe,0.0133699263531266,0.0051655677590129,0.0039629301974499,1,voltage_cutoff,2.5000000000000684,3315.21174425369,-26.11617541568323,13.058089337952683,13.058086077730549,-12.994964938868527,-13.121210476811177,0.673167905046064,0.7272476636684938,0.0486889929067198,0.0492142445184906,1.7936473000561288e-10,5e83fb6ee1a3d25c9a1dfff5eea87eacccf65d449f42ccaf4df9199243601e36,4e-05,3e-07,5.0,0
reference,0.8830361627322951,0.05,0.1,MP-SPMe,0.011349039995509,0.0055275351248274,0.0044268849141528,1,voltage_cutoff,2.500000000985517,3316.300707085054,-26.11617325211217,13.058089337952683,13.058083914159482,-12.95499465702608,-13.161178546532744,0.6732822280053816,0.7473581037139063,0.0485595271365581,0.0493068744150201,1.7594157052474643e-10,5e83fb6ee1a3d25c9a1dfff5eea87eacccf65d449f42ccaf4df9199243601e36,4e-05,3e-07,5.0,0
reference,0.8830361627322951,0.05,0.125,MP-SPMe,0.0150820509219336,0.0060533439368569,0.004690923856308,2,voltage_cutoff,2.499999999999999,3317.3073678280284,-26.116170199204923,13.058089337952683,13.05808086125224,-12.933489412079664,-13.182680787125207,0.6733776793429436,0.7686018576627954,0.0484514326704365,0.0494152141291496,1.8270270785940288e-10,5e83fb6ee1a3d25c9a1dfff5eea87eacccf65d449f42ccaf4df9199243601e36,4e-05,3e-07,5.0,0
reference,0.8830361627322951,0.05,0.15,MP-SPMe,0.0199417941653753,0.0071974975441676,0.0052923911123571,2,voltage_cutoff,2.500000000000004,3318.153969538229,-26.11616584812017,13.058089337952683,13.058076510167488,-12.905898806474374,-13.210267041645702,0.6734614158136899,0.7910341931588252,0.048356604761101,0.0495823208437585,1.7930516459247607e-10,5e83fb6ee1a3d25c9a1dfff5eea87eacccf65d449f42ccaf4df9199243601e36,4e-05,3e-07,5.0,0
reference,0.8830361627322951,0.05,0.175,MP-SPMe,0.0189824311943245,0.008345095169094,0.0061920399872388,2,voltage_cutoff,2.499999999693528,3319.239629499344,-26.11615947746835,13.058089337952683,13.058070139515667,-12.856833790886387,-13.259325686580969,0.6735968161330963,0.8148782023685774,0.048203269792239,0.0497007160261971,1.7498265996196842e-10,5e83fb6ee1a3d25c9a1dfff5eea87eacccf65d449f42ccaf4df9199243601e36,4e-05,3e-07,5.0,0
reference,0.8830361627322951,0.05,0.2,MP-SPMe,0.0255229906594777,0.0092724619435687,0.006970809119467,2,voltage_cutoff,2.5000000000005307,3320.1549568193564,-26.116149663980792,13.058089337952683,13.058060326028109,-12.831679308665784,-13.284470355282409,0.6737012875102686,0.8401663868812979,0.0480849605037936,0.049860853801852,1.7110982790628134e-10,5e83fb6ee1a3d25c9a1dfff5eea87eacccf65d449f42ccaf4df9199243601e36,4e-05,3e-07,5.0,0
reference,0.8830361627322951,0.05,0.225,MP-SPMe,0.0285687822963384,0.0101437752851406,0.0074379803557067,2,voltage_cutoff,2.5000000012269687,3321.0812232562894,-26.11613307487245,13.058089337952683,13.058043736919773,-12.781636982602842,-13.334496031743942,0.6738333157872572,0.8670556069390205,0.0479354442309205,0.0500477251175587,1.7246671567237515e-10,5e83fb6ee1a3d25c9a1dfff5eea87eacccf65d449f42ccaf4df9199243601e36,4e-05,3e-07,5.0,0
reference,0.8830361627322951,0.05,0.25,MP-SPMe,0.0320201188398219,0.0109810358740826,0.0079125823044463,2,voltage_cutoff,2.499999999999997,3321.9603190162616,-26.11609912694022,13.058089337952683,13.058009788987537,-12.737185685660693,-13.37891344127951,0.673973403161987,0.8957005171370855,0.047776801383874,0.050265957991172,1.7781294297321902e-10,5e83fb6ee1a3d25c9a1dfff5eea87eacccf65d449f42ccaf4df9199243601e36,4e-05,3e-07,5.0,0
reference,0.8830361627322951,0.075,0.0,MP-SPMe,3.012693920228935e-14,7.061111381012792e-15,4.807239843358536e-15,1,voltage_cutoff,2.4999999999509246,3310.359858124815,-25.47175965896311,12.735879829481554,12.735879829481554,-12.7358798294809,-12.73587982948067,0.6563172072921237,0.6563172072921176,0.0478194018012086,0.0478194018012077,1.4234658646236546e-10,5e83fb6ee1a3d25c9a1dfff5eea87eacccf65d449f42ccaf4df9199243601e36,4e-05,3e-07,5.0,0
reference,0.8830361627322951,0.075,0.025,MP-SPMe,0.0060565713010523,0.0020721324186343,0.0014977182843309,1,voltage_cutoff,2.500000000084559,3311.4245560773647,-25.47175922133492,12.735879829481554,12.73587939185336,-12.711765903085194,-12.75999331411318,0.6563832432754084,0.6730934158565521,0.0477446189223102,0.0478773007152556,1.4642262244745066e-10,5e83fb6ee1a3d25c9a1dfff5eea87eacccf65d449f42ccaf4df9199243601e36,4e-05,3e-07,5.0,0
reference,0.8830361627322951,0.075,0.05,MP-SPMe,0.0104706627493139,0.0037916237091374,0.0027949445055369,1,voltage_cutoff,2.4999999999999942,3312.510786919284,-25.47175848254505,12.735879829481554,12.735878653063494,-12.693746298900209,-12.778012183644837,0.6564526282610224,0.6907576963631282,0.0476660434460443,0.0479296982496941,1.5011690579971443e-10,5e83fb6ee1a3d25c9a1dfff5eea87eacccf65d449f42ccaf4df9199243601e36,4e-05,3e-07,5.0,0
reference,0.8830361627322951,0.075,0.075,MP-SPMe,0.0120092414864214,0.0048426053142296,0.0037207654799885,1,voltage_cutoff,2.500000000000001,3313.3953843774702,-25.47175735703717,12.735879829481554,12.735877527555616,-12.68545154211831,-12.786305814918816,0.6564964323344268,0.7093199866715607,0.0476164372609275,0.0480416119843671,1.6160951106537752e-10,5e83fb6ee1a3d25c9a1dfff5eea87eacccf65d449f42ccaf4df9199243601e36,4e-05,3e-07,5.0,0
reference,0.8830361627322951,0.075,0.1,MP-SPMe,0.0104056558280532,0.0052307396267369,0.0042150899972267,2,voltage_cutoff,2.499999997584018,3314.332586743172,-25.471755722542955,12.735879829481554,12.7358758930614,-12.652443354685795,-12.81931236785686,0.656573310595028,0.7288992355498223,0.0475293759750864,0.0481680798279302,1.5703164360440774e-10,5e83fb6ee1a3d25c9a1dfff5eea87eacccf65d449f42ccaf4df9199243601e36,4e-05,3e-07,5.0,0
reference,0.8830361627322951,0.075,0.125,MP-SPMe,0.0122819344984438,0.0056416135709186,0.0045153869191513,2,voltage_cutoff,2.499999999999498,3315.462924516989,-25.47175339734636,12.735879829481554,12.735873567864806,-12.61148524465529,-12.86026815268854,0.6566893166247318,0.7496378212056449,0.0473980041953338,0.0482543938877831,1.5333799307872137e-10,5e83fb6ee1a3d25c9a1dfff5eea87eacccf65d449f42ccaf4df9199243601e36,4e-05,3e-07,5.0,0
reference,0.8830361627322951,0.075,0.15,MP-SPMe,0.0183696031084278,0.006772051331035,0.0050035769523404,2,voltage_cutoff,2.5000000004546243,3316.485540597114,-25.47175009769767,12.735879829481554,12.735870268216114,-12.59179718397188,-12.879952891501606,0.6567817467178985,0.7715748534135731,0.0472933311334905,0.0483613749616266,1.556677441234491e-10,5e83fb6ee1a3d25c9a1dfff5eea87eacccf65d449f42ccaf4df9199243601e36,4e-05,3e-07,5.0,0
reference,0.8830361627322951,0.075,0.175,MP-SPMe,0.020992825767225,0.0080747316388395,0.0058740081051672,2,voltage_cutoff,2.499999999999998,3317.3334438869374,-25.471745351161186,12.735879829481554,12.735865521679628,-12.563556444379827,-12.90818890678136,0.6568635200360904,0.7947721800886796,0.0472007264065337,0.0485330291282389,1.67348140675958e-10,5e83fb6ee1a3d25c9a1dfff5eea87eacccf65d449f42ccaf4df9199243601e36,4e-05,3e-07,5.0,0
reference,0.8830361627322951,0.075,0.2,MP-SPMe,0.0222008967374894,0.0090550866336748,0.0067924961505637,2,voltage_cutoff,2.5000000000000018,3318.4613134604165,-25.471738299635064,12.735879829481554,12.73585847015351,-12.516367991671938,-12.955370307963053,0.6569996249425286,0.8194865543233393,0.0470465935265441,0.048643789158508,1.6394669782238978e-10,5e83fb6ee1a3d25c9a1dfff5eea87eacccf65d449f42ccaf4df9199243601e36,4e-05,3e-07,5.0,0
reference,0.8830361627322951,0.075,0.225,MP-SPMe,0.0286877612117821,0.0099318613415922,0.0075126195418868,2,voltage_cutoff,2.499999999199136,3319.349390454671,-25.47172717629374,12.735879829481554,12.735847346812184,-12.49330830609622,-12.978418870196958,0.6570965266596376,0.845725896879082,0.0469368565534553,0.0488155526558361,1.6759446842121408e-10,5e83fb6ee1a3d25c9a1dfff5eea87eacccf65d449f42ccaf4df9199243601e36,4e-05,3e-07,5.0,0
reference,0.8830361627322951,0.075,0.25,MP-SPMe,0.0293910943421406,0.010772728390177,0.0079594168124025,2,voltage_cutoff,2.500000000269826,3320.314437878042,-25.471707542218127,12.735879829481554,12.73582771273657,-12.44253117608054,-13.029176352916236,0.6572323809778509,0.8737016020424633,0.0467830074558211,0.0489982955028896,1.5705062840173e-10,5e83fb6ee1a3d25c9a1dfff5eea87eacccf65d449f42ccaf4df9199243601e36,4e-05,3e-07,5.0,0
reference,0.8830361627322951,0.1,0.0,MP-SPMe,3.026497940141182e-14,7.168094094352326e-15,4.981548025918181e-15,1,voltage_cutoff,2.499999999999998,3308.733184077234,-24.827340309746063,12.413670154873031,12.413670154873031,-12.413670154872918,-12.413670154873133,0.6397021371559569,0.6397021371559617,0.046682972677964,0.0466829726779649,1.23174297495345e-10,5e83fb6ee1a3d25c9a1dfff5eea87eacccf65d449f42ccaf4df9199243601e36,4e-05,3e-07,5.0,0
reference,0.8830361627322951,0.1,0.025,MP-SPMe,0.0053172491391347,0.0019027248661002,0.0013388535755995,1,voltage_cutoff,2.4999999952116028,3309.71621418735,-24.827340083693244,12.413670154873031,12.41366992882021,-12.39196535746352,-12.43537472622955,0.6397456734368794,0.6560374720674284,0.046633669734059,0.0467572639593915,1.20986978250271e-10,5e83fb6ee1a3d25c9a1dfff5eea87eacccf65d449f42ccaf4df9199243601e36,4e-05,3e-07,5.0,0
reference,0.8830361627322951,0.1,0.05,MP-SPMe,0.0091522127535013,0.0034573708792862,0.0024814165424795,1,voltage_cutoff,2.499999999963764,3310.799737259342,-24.82733960631669,12.413670154873031,12.413669451443663,-12.366786255966057,-12.460553350349215,0.6398109108615719,0.673249376372677,0.0465597912007098,0.0468134651812775,1.328722189059636e-10,5e83fb6ee1a3d25c9a1dfff5eea87eacccf65d449f42ccaf4df9199243601e36,4e-05,3e-07,5.0,0
reference,0.8830361627322951,0.1,0.075,MP-SPMe,0.0108414944846137,0.0044056455236383,0.0033112884832029,2,voltage_cutoff,2.5000000001458136,3311.921118448556,-24.82733881079506,12.413670154873031,12.413668655922027,-12.348534859584747,-12.478803944152958,0.6398804335496125,0.6914022170334216,0.0464810597828583,0.0468586012677666,1.3130764537160778e-10,5e83fb6ee1a3d25c9a1dfff5eea87eacccf65d449f42ccaf4df9199243601e36,4e-05,3e-07,5.0,0
reference,0.8830361627322951,0.1,0.1,MP-SPMe,0.0101494711653229,0.0048194321681548,0.0038300417229439,2,voltage_cutoff,2.5000000043420507,3312.8089914714524,-24.82733760380151,12.413670154873031,12.41366744892848,-12.3427545229897,-12.484582870372302,0.6399190784688067,0.7104997715296167,0.0464372960930055,0.046968739882195,1.2901856392673698e-10,5e83fb6ee1a3d25c9a1dfff5eea87eacccf65d449f42ccaf4df9199243601e36,4e-05,3e-07,5.0,0
reference,0.8830361627322951,0.1,0.125,MP-SPMe,0.0099418863924905,0.0052302703018104,0.0042210041855474,2,voltage_cutoff,2.499999999999999,3313.7470348476786,-24.82733585050174,12.413670154873031,12.413665695628708,-12.310927603857133,-12.516408246644604,0.6399916799435289,0.7306711736959367,0.046355078082063,0.0470961609305567,1.2608369014854648e-10,5e83fb6ee1a3d25c9a1dfff5eea87eacccf65d449f42ccaf4df9199243601e36,4e-05,3e-07,5.0,0
reference,0.8830361627322951,0.1,0.15,MP-SPMe,0.0131355835065297,0.0062098991464841,0.0047951388082524,2,voltage_cutoff,2.499999998816899,3314.920213725086,-24.8273333477567,12.413670154873031,12.413663192883668,-12.269431710207863,-12.55790163754846,0.6401091284932077,0.752080414483661,0.0462220727117841,0.0471742151275221,1.272970461384681e-10,5e83fb6ee1a3d25c9a1dfff5eea87eacccf65d449f42ccaf4df9199243601e36,4e-05,3e-07,5.0,0
reference,0.8830361627322951,0.1,0.175,MP-SPMe,0.0173439895601207,0.0075416341486085,0.0056059075039095,2,voltage_cutoff,2.5000000000000444,3315.941303519764,-24.827329772820768,12.413670154873031,12.413659617947737,-12.25229050581706,-12.575039267000898,0.6401960387052817,0.7747543877916978,0.0461236506791781,0.0472829109919254,1.215084486616699e-10,5e83fb6ee1a3d25c9a1dfff5eea87eacccf65d449f42ccaf4df9199243601e36,4e-05,3e-07,5.0,0
reference,0.8830361627322951,0.1,0.2,MP-SPMe,0.0199999268431294,0.0086786963680297,0.0064881848183829,2,voltage_cutoff,2.500000000355962,3316.8126354641954,-24.827324575812327,12.413670154873031,12.413654420939295,-12.220100290998875,-12.607224267535626,0.6402810472604706,0.798776935507351,0.0460273821911045,0.0474537098013698,1.2586848013749298e-10,5e83fb6ee1a3d25c9a1dfff5eea87eacccf65d449f42ccaf4df9199243601e36,4e-05,3e-07,5.0,0
reference,0.8830361627322951,0.1,0.225,MP-SPMe,0.0228613567597344,0.0096046784564305,0.0074322556975819,2,voltage_cutoff,2.499999999999998,3317.9634783875385,-24.82731672526296,12.413670154873031,12.413646570389927,-12.177018349485886,-12.650298375777076,0.6404141052500589,0.8244229242646057,0.0458766998202881,0.0475599139464798,1.2864851956383954e-10,5e83fb6ee1a3d25c9a1dfff5eea87eacccf65d449f42ccaf4df9199243601e36,4e-05,3e-07,5.0,0
reference,0.8830361627322951,0.1,0.25,MP-SPMe,0.0271504689454497,0.0104975576690085,0.0081420748724277,2,voltage_cutoff,2.500000000000002,3318.8217730000306,-24.82730399124894,12.413670154873031,12.41363383637591,-12.15282082786957,-12.6744831633793,0.6405059966819412,0.8516858742921162,0.045772636773598,0.0477449126996291,1.3036451914669682e-10,5e83fb6ee1a3d25c9a1dfff5eea87eacccf65d449f42ccaf4df9199243601e36,4e-05,3e-07,5.0,0
reference,0.8830361627322951,0.125,0.0,MP-SPMe,2.4240155425316998e-14,5.518979568561193e-15,3.651113791102676e-15,1,voltage_cutoff,2.5000000004241967,3307.794212586773,-24.182920724585934,12.091460362292969,12.091460362292969,-12.091460352148076,-12.091460352148015,0.6231306286328487,0.6231306286328466,0.0454972119190445,0.0454972119190442,9.531156636534292e-11,5e83fb6ee1a3d25c9a1dfff5eea87eacccf65d449f42ccaf4df9199243601e36,4e-05,3e-07,5.0,0
reference,0.8830361627322951,0.125,0.025,MP-SPMe,0.0053099340126253,0.0018095380687474,0.0012346493105482,2,voltage_cutoff,2.4999999999999982,3308.702852708256,-24.18292068003005,12.091460362292969,12.091460317737086,-12.08934570008163,-12.093574979948436,0.6231463027848264,0.6390398633150622,0.0454794616243986,0.0455728168615348,9.502082993331216e-11,5e83fb6ee1a3d25c9a1dfff5eea87eacccf65d449f42ccaf4df9199243601e36,4e-05,3e-07,5.0,0
reference,0.8830361627322951,0.125,0.05,MP-SPMe,0.0093854861041667,0.0032687083677117,0.0022505373515655,2,voltage_cutoff,2.500000000000002,3309.659684932889,-24.182920424125868,12.091460362292969,12.0914600618329,-12.070282513387683,-12.112637910738146,0.6231830033446605,0.6557825151728569,0.0454378998479798,0.0456526293550925,1.0748450917166514e-10,5e83fb6ee1a3d25c9a1dfff5eea87eacccf65d449f42ccaf4df9199243601e36,4e-05,3e-07,5.0,0
reference,0.8830361627322951,0.125,0.075,MP-SPMe,0.0111305091808715,0.0041400379392968,0.0029870875641475,2,voltage_cutoff,2.499999999369717,3310.7514801405264,-24.182919903997217,12.091460362292969,12.091459541704252,-12.044529314541316,-12.138390589455344,0.6232469916821473,0.6734538504744503,0.0453654358355053,0.0457076415138266,9.840136987938915e-11,5e83fb6ee1a3d25c9a1dfff5eea87eacccf65d449f42ccaf4df9199243601e36,4e-05,3e-07,5.0,0
reference,0.8830361627322951,0.125,0.1,MP-SPMe,0.0100010081890502,0.0045474215108564,0.0035146922744241,2,voltage_cutoff,2.500000000000994,3311.892012060548,-24.18291904725881,12.091460362292969,12.091458684965843,-12.026698002967091,-12.156221044239285,0.6233153247714898,0.6921215626329861,0.0452880515899708,0.045747736501245,1.0158364257382339e-10,5e83fb6ee1a3d25c9a1dfff5eea87eacccf65d449f42ccaf4df9199243601e36,4e-05,3e-07,5.0,0
reference,0.8830361627322951,0.125,0.125,MP-SPMe,0.0093561359943997,0.0050350675037145,0.003976919078483,2,voltage_cutoff,2.5000000010932864,3312.7929547477074,-24.1829177518426,12.091460362292969,12.091457389549634,-12.020570074984231,-12.162347624435029,0.6233528643744771,0.7117901801323995,0.0452455396190778,0.0458530535347841,9.455648469774208e-11,5e83fb6ee1a3d25c9a1dfff5eea87eacccf65d449f42ccaf4df9199243601e36,4e-05,3e-07,5.0,0
reference,0.8830361627322951,0.125,0.15,MP-SPMe,0.0110892710625523,0.0059915841855479,0.0046747752798591,2,voltage_cutoff,2.499999999999999,3313.7205814119143,-24.1829158685568,12.091460362292969,12.091455506263827,-11.990970486433454,-12.191945382123324,0.6234203295671328,0.7325916479993022,0.0451691382293402,0.0459815950584208,9.852782773148736e-11,5e83fb6ee1a3d25c9a1dfff5eea87eacccf65d449f42ccaf4df9199243601e36,4e-05,3e-07,5.0,0
reference,0.8830361627322951,0.125,0.175,MP-SPMe,0.014539048784934,0.0071997918705178,0.0056226163210718,2,voltage_cutoff,2.499999995837185,3314.9276784402496,-24.182913169340672,12.091460362292969,12.091452807047704,-11.950593867038716,-12.232319302301828,0.6235376920381925,0.7547172856603656,0.0450362303382197,0.0460508335919384,9.384555498113734e-11,5e83fb6ee1a3d25c9a1dfff5eea87eacccf65d449f42ccaf4df9199243601e36,4e-05,3e-07,5.0,0
reference,0.8830361627322951,0.125,0.2,MP-SPMe,0.0174115736414574,0.0083710805389022,0.0064672805307119,2,voltage_cutoff,2.4999999999533795,3315.921109932052,-24.182909284976603,12.091460362292969,12.091448922683638,-11.93626149332002,-12.24664779165539,0.6236169444100125,0.7781748080634604,0.0449464804826835,0.0461662470120491,9.959480544536992e-11,5e83fb6ee1a3d25c9a1dfff5eea87eacccf65d449f42ccaf4df9199243601e36,4e-05,3e-07,5.0,0
reference,0.8830361627322951,0.125,0.225,MP-SPMe,0.0200133069127573,0.0094131655231094,0.0071512187822003,2,voltage_cutoff,2.5000000000299605,3316.842388806418,-24.182903570306525,12.091460362292969,12.091443208013558,-11.898903447180528,-12.2840001216849,0.6237100948502183,0.8030930369726856,0.0448409916682091,0.0463278970049064,1.0294635505381176e-10,5e83fb6ee1a3d25c9a1dfff5eea87eacccf65d449f42ccaf4df9199243601e36,4e-05,3e-07,5.0,0
reference,0.8830361627322951,0.125,0.25,MP-SPMe,0.0225895525691512,0.0104219037500888,0.0080635029359467,2,voltage_cutoff,2.5000000047494746,3317.98856844843,-24.182894770697203,12.091460362292969,12.091434408404238,-11.861466767173017,-12.32142777581233,0.6238365652778206,0.8297375526921146,0.044697769410487,0.0464342790009416,1.0490620184463008e-10,5e83fb6ee1a3d25c9a1dfff5eea87eacccf65d449f42ccaf4df9199243601e36,4e-05,3e-07,5.0,0
reference,0.8830361627322951,0.15,0.0,MP-SPMe,2.445098840989465e-14,5.4442690700984536e-15,3.3988005067518564e-15,2,voltage_cutoff,2.50000000000005,3307.3697213967034,-23.53850103387952,11.769250516939758,11.769250516939758,-11.76925051693856,-11.769250516938556,0.6064875746534685,0.6064875746534683,0.044392473279357,0.0443924732793569,7.338629219066787e-11,5e83fb6ee1a3d25c9a1dfff5eea87eacccf65d449f42ccaf4df9199243601e36,4e-05,3e-07,5.0,0
reference,0.8830361627322951,0.15,0.025,MP-SPMe,0.0054569107333693,0.001768060731087,0.0012562415913624,2,voltage_cutoff,2.500000000779328,3308.435834166609,-23.53850114487099,11.769250516939758,11.769250627931235,-11.76087325364817,-11.777627854226775,0.6065289510743487,0.6220066374159146,0.0443456162829842,0.0444276962662738,7.121396277832321e-11,5e83fb6ee1a3d25c9a1dfff5eea87eacccf65d449f42ccaf4df9199243601e36,4e-05,3e-07,5.0,0
reference,0.8830361627322951,0.15,0.05,MP-SPMe,0.0094876119245502,0.0031892377058795,0.0022849030551713,2,voltage_cutoff,2.499999999999999,3309.3708488920884,-23.53850107696053,11.769250516939758,11.769250560020772,-11.759587906022258,-11.778913170938283,0.6065487330832655,0.6383152003192073,0.0443232140265782,0.0444922815956125,8.110035511332574e-11,5e83fb6ee1a3d25c9a1dfff5eea87eacccf65d449f42ccaf4df9199243601e36,4e-05,3e-07,5.0,0
reference,0.8830361627322951,0.15,0.075,MP-SPMe,0.0109798973621503,0.0040988798612304,0.0030627921474705,2,voltage_cutoff,2.500000000000001,3310.287348660781,-23.538500787830262,11.769250516939758,11.769250270890508,-11.744122547467532,-11.794378240362684,0.6065784777106815,0.6554866834456383,0.0442895295297406,0.0445763756709413,7.892494486821851e-11,5e83fb6ee1a3d25c9a1dfff5eea87eacccf65d449f42ccaf4df9199243601e36,4e-05,3e-07,5.0,0
reference,0.8830361627322951,0.15,0.1,MP-SPMe,0.0102075771874478,0.0046069808062272,0.0036182875703326,2,voltage_cutoff,2.499999999700977,3311.362659501201,-23.538500220554447,11.769250516939758,11.769249703614689,-11.71867588898272,-11.819824331571112,0.6066394469007959,0.6736398224608676,0.0442204845743324,0.0446322533064808,7.526577133319517e-11,5e83fb6ee1a3d25c9a1dfff5eea87eacccf65d449f42ccaf4df9199243601e36,4e-05,3e-07,5.0,0
reference,0.8830361627322951,0.15,0.125,MP-SPMe,0.010384367535873,0.0051519912215691,0.0041341372709174,2,voltage_cutoff,2.5000000000084714,3312.490433575997,-23.53849929654539,11.769250516939758,11.76924877960563,-11.702158431495086,-11.83634086464438,0.6067042133424468,0.6928466560378316,0.0441471393990123,0.0446719076014017,7.446218745429838e-11,5e83fb6ee1a3d25c9a1dfff5eea87eacccf65d449f42ccaf4df9199243601e36,4e-05,3e-07,5.0,0
reference,0.8830361627322951,0.15,0.15,MP-SPMe,0.0122715060871158,0.0061074308906383,0.0048553258731954,2,voltage_cutoff,2.5000000017724826,3313.417040594228,-23.53849790386369,11.769250516939758,11.769247386923928,-11.693900874374796,-11.844596945164064,0.6067450102930074,0.7131261458055436,0.0441009386301119,0.044766581079525,7.579824192898814e-11,5e83fb6ee1a3d25c9a1dfff5eea87eacccf65d449f42ccaf4df9199243601e36,4e-05,3e-07,5.0,0
reference,0.8830361627322951,0.15,0.175,MP-SPMe,0.0141047641478699,0.0072593866106184,0.0057960680114131,2,voltage_cutoff,2.5000000000000004,3314.325913133278,-23.53849587684509,11.769250516939758,11.76924535990533,-11.665923653206642,-11.872572223638462,0.6068082117859401,0.7345990890654628,0.0440293656926238,0.0448945208499943,7.714952941011491e-11,5e83fb6ee1a3d25c9a1dfff5eea87eacccf65d449f42ccaf4df9199243601e36,4e-05,3e-07,5.0,0
reference,0.8830361627322951,0.15,0.2,MP-SPMe,0.0158902632379888,0.0083574817626827,0.006723330544719,2,voltage_cutoff,2.4999999975474405,3315.534446841388,-23.53849295825292,11.769250516939758,11.769242441313155,-11.629275318038484,-11.90921764021425,0.6069212600102014,0.75748490987032,0.0439013435035161,0.0449583014720512,7.969926083587116e-11,5e83fb6ee1a3d25c9a1dfff5eea87eacccf65d449f42ccaf4df9199243601e36,4e-05,3e-07,5.0,0
reference,0.8830361627322951,0.15,0.225,MP-SPMe,0.0198981386478691,0.0094279896790357,0.0074202592059779,2,voltage_cutoff,2.499999999986928,3316.486163413956,-23.53848872304635,11.769250516939758,11.76923820610659,-11.615852271529056,-11.922636451515988,0.606994364662752,0.7817794640452067,0.0438185556684486,0.0450815617172158,8.024422592008998e-11,5e83fb6ee1a3d25c9a1dfff5eea87eacccf65d449f42ccaf4df9199243601e36,4e-05,3e-07,5.0,0
reference,0.8830361627322951,0.15,0.25,MP-SPMe,0.0228658762134656,0.0105642234184495,0.0080451759994212,2,voltage_cutoff,2.5000000001129963,3317.4658221513464,-23.538482407521023,11.769250516939758,11.769231890581269,-11.574610539641654,-11.963871862496076,0.6070970308331362,0.8076666563374506,0.0437022907021136,0.0452277532258921,8.123111934835814e-11,5e83fb6ee1a3d25c9a1dfff5eea87eacccf65d449f42ccaf4df9199243601e36,4e-05,3e-07,5.0,0
reference,0.8830361627322951,0.175,0.0,MP-SPMe,2.467369030012837e-14,5.4946308621771454e-15,3.877099980104229e-15,1,voltage_cutoff,2.500000000045453,3308.4499905918,-22.89408143079192,11.447040715395955,11.447040715395955,-11.447040714322178,-11.447040714322286,0.5898369192298027,0.589836919229805,0.0432963429427,0.0432963429427004,4.812821748148036e-11,5e83fb6ee1a3d25c9a1dfff5eea87eacccf65d449f42ccaf4df9199243601e36,4e-05,3e-07,5.0,0
reference,0.8830361627322951,0.175,0.025,MP-SPMe,0.0049661176399232,0.0017187642474603,0.0012571916207659,2,voltage_cutoff,2.500000003562338,3309.480956816514,-22.89408167347468,11.447040715395955,11.447040958078722,-11.434241222943427,-11.459840282481576,0.5898840686697511,0.604922916055088,0.0432429482565146,0.0433383299883545,5.3830510344606765e-11,5e83fb6ee1a3d25c9a1dfff5eea87eacccf65d449f42ccaf4df9199243601e36,4e-05,3e-07,5.0,0
reference,0.8830361627322951,0.175,0.05,MP-SPMe,0.0084503836822006,0.0031299641869,0.0023606346221874,2,voltage_cutoff,2.499999999999999,3310.5301505514767,-22.89408176387312,11.447040715395955,11.447041048477164,-11.422567300635356,-11.471514463237735,0.5899302295001312,0.6208096000897204,0.043190673131628,0.043373122523056,5.743871898629744e-11,5e83fb6ee1a3d25c9a1dfff5eea87eacccf65d449f42ccaf4df9199243601e36,4e-05,3e-07,5.0,0
reference,0.8830361627322951,0.175,0.075,MP-SPMe,0.0098525951365949,0.0041263720131259,0.0032148354961435,2,voltage_cutoff,2.49999999838249,3311.475457306907,-22.894081667779453,11.447040715395955,11.447040952383494,-11.421002719180926,-11.47307894859832,0.5899557345768675,0.6375372544327742,0.0431617897422141,0.0434265288707622,5.644719183834431e-11,5e83fb6ee1a3d25c9a1dfff5eea87eacccf65d449f42ccaf4df9199243601e36,4e-05,3e-07,5.0,0
reference,0.8830361627322951,0.175,0.1,MP-SPMe,0.0105879403075964,0.0048223853371983,0.0037625689144006,2,voltage_cutoff,2.499999999990536,3312.343922353862,-22.894081339887894,11.447040715395955,11.447040624491937,-11.409585006812028,-11.484496333074636,0.5899802851469212,0.6551645254857947,0.043133987292045,0.0435102031482494,5.825499129141804e-11,5e83fb6ee1a3d25c9a1dfff5eea87eacccf65d449f42ccaf4df9199243601e36,4e-05,3e-07,5.0,0
reference,0.8830361627322951,0.175,0.125,MP-SPMe,0.011412024765492,0.0055133212346708,0.0042338798734133,2,voltage_cutoff,2.500000000141969,3313.365013853469,-22.89408071879823,11.447040715395955,11.447040003402272,-11.385160361308072,-11.508920350782324,0.5900359030328216,0.6738231276841109,0.0430710024526023,0.0435700378563092,5.024570420702925e-11,5e83fb6ee1a3d25c9a1dfff5eea87eacccf65d449f42ccaf4df9199243601e36,4e-05,3e-07,5.0,0
reference,0.8830361627322951,0.175,0.15,MP-SPMe,0.0125019137081271,0.0064487101490196,0.0051292309192959,2,voltage_cutoff,2.4999999999999973,3314.446392822978,-22.894079718987363,11.447040715395955,11.447039003591408,-11.368992815259425,-11.525086903727932,0.5900966657927998,0.6935967865493291,0.0430021912741153,0.0436130351360194,5.179466844543768e-11,5e83fb6ee1a3d25c9a1dfff5eea87eacccf65d449f42ccaf4df9199243601e36,4e-05,3e-07,5.0,0
reference,0.8830361627322951,0.175,0.175,MP-SPMe,0.0146662784082394,0.0075407842010927,0.0060684066303751,2,voltage_cutoff,2.5000000000000027,3315.381148329765,-22.89407821732648,11.447040715395955,11.447037501930517,-11.359709153502696,-11.534369063823751,0.5901406301681796,0.7145262594064637,0.0429524035348228,0.0436958228688576,5.3583992237369437e-11,5e83fb6ee1a3d25c9a1dfff5eea87eacccf65d449f42ccaf4df9199243601e36,4e-05,3e-07,5.0,0
reference,0.8830361627322951,0.175,0.2,MP-SPMe,0.0167902746303598,0.0086198398945918,0.0069835756703579,2,voltage_cutoff,2.49999999893634,3316.269876393758,-22.89407602915464,11.447040715395955,11.447035313758676,-11.332126759882058,-11.561949269272274,0.5902022430084203,0.7367205701970081,0.0428826296836855,0.0438177973230399,6.389077177443332e-11,5e83fb6ee1a3d25c9a1dfff5eea87eacccf65d449f42ccaf4df9199243601e36,4e-05,3e-07,5.0,0
reference,0.8830361627322951,0.175,0.225,MP-SPMe,0.0188412262230845,0.0096742707556031,0.0078085796123643,2,voltage_cutoff,2.4999999999999103,3317.424858413797,-22.89407286286142,11.447040715395955,11.447032147465466,-11.30077655606494,-11.593296306796224,0.5903056986502848,0.7604110161638225,0.0427654706730457,0.0438833876501269,6.178859345383064e-11,5e83fb6ee1a3d25c9a1dfff5eea87eacccf65d449f42ccaf4df9199243601e36,4e-05,3e-07,5.0,0
reference,0.8830361627322951,0.175,0.25,MP-SPMe,0.0223199221182057,0.0108713193603812,0.0085751338220153,2,voltage_cutoff,2.500000000638885,3318.3380722159427,-22.894068225753703,11.447040715395955,11.447027510357746,-11.285135701891216,-11.608932493678145,0.5903776030543324,0.7856095028386967,0.0426840420677124,0.04400955507633,6.315368087420693e-11,5e83fb6ee1a3d25c9a1dfff5eea87eacccf65d449f42ccaf4df9199243601e36,4e-05,3e-07,5.0,0
reference,0.8830361627322951,0.2,0.0,MP-SPMe,1.9320668843554e-14,4.529554804284443e-15,3.1990293968661388e-15,2,voltage_cutoff,2.49999999683997,3311.851800983605,-22.249662194188577,11.124831097094289,11.124831097094289,-11.12483109709423,-11.12483109709428,0.5732002425292382,0.5732002425292405,0.042184382332202,0.0421843823322022,5.226324579019489e-11,5e83fb6ee1a3d25c9a1dfff5eea87eacccf65d449f42ccaf4df9199243601e36,4e-05,3e-07,5.0,0
reference,0.8830361627322951,0.2,0.025,MP-SPMe,0.0046344246713941,0.0016733307695412,0.0012424182812546,2,voltage_cutoff,2.4999999999498845,3312.793045060041,-22.24966254479269,11.124831097094289,11.124831447698403,-11.110514097760117,-11.139148447031769,0.5732436393776542,0.5878546544696129,0.0421352372897169,0.0422318938786724,5.017769810029075e-11,5e83fb6ee1a3d25c9a1dfff5eea87eacccf65d449f42ccaf4df9199243601e36,4e-05,3e-07,5.0,0
reference,0.8830361627322951,0.2,0.05,MP-SPMe,0.0081532008109324,0.003089284149866,0.0023735906800292,2,voltage_cutoff,2.5000000000206466,3313.7439350178865,-22.24966276515996,11.124831097094289,11.124831668065667,-11.098098326477976,-11.151564437713674,0.5732882308786535,0.6032812174326129,0.0420847393439464,0.0422784735723161,5.121431668296359e-11,5e83fb6ee1a3d25c9a1dfff5eea87eacccf65d449f42ccaf4df9199243601e36,4e-05,3e-07,5.0,0
reference,0.8830361627322951,0.2,0.075,MP-SPMe,0.0094353573724984,0.0041159717075127,0.0032806211738456,2,voltage_cutoff,2.5000000025358413,3314.7488023271444,-22.249662827393443,11.124831097094289,11.124831730299157,-11.08321551721436,-11.166447191630418,0.5733389088455949,0.6195534482972762,0.0420273487652306,0.04231269287853,4.9353073991999664e-11,5e83fb6ee1a3d25c9a1dfff5eea87eacccf65d449f42ccaf4df9199243601e36,4e-05,3e-07,5.0,0
reference,0.8830361627322951,0.2,0.1,MP-SPMe,0.0098501939908931,0.0049007619463978,0.0039077812272883,2,voltage_cutoff,2.500000000000001,3315.671881470539,-22.249662695055942,11.124831097094289,11.12483159796166,-11.080411626393706,-11.16925106866222,0.5733701611117313,0.6367191873585597,0.0419919569130667,0.0423576186102591,3.8647624591410145e-11,5e83fb6ee1a3d25c9a1dfff5eea87eacccf65d449f42ccaf4df9199243601e36,4e-05,3e-07,5.0,0
reference,0.8830361627322951,0.2,0.125,MP-SPMe,0.011329708380603,0.0057409253336392,0.0044281555522114,2,voltage_cutoff,2.4999999960733867,3316.4895914719887,-22.24966231956816,11.124831097094289,11.124831222473867,-11.073016346367732,-11.176645973200324,0.5733925310066618,0.6548338643063556,0.0419666239964221,0.0424342149657653,3.947098143982022e-11,5e83fb6ee1a3d25c9a1dfff5eea87eacccf65d449f42ccaf4df9199243601e36,4e-05,3e-07,5.0,0
reference,0.8830361627322951,0.2,0.15,MP-SPMe,0.0136019543465614,0.0067654636861516,0.0052198502581775,2,voltage_cutoff,2.49999999990674,3317.4070861108617,-22.249661634569566,11.124831097094289,11.124830537475278,-11.05098297338482,-11.198678661184074,0.5734397039264281,0.6740231472345037,0.0419132027152771,0.0425021126614181,3.7163301196486185e-11,5e83fb6ee1a3d25c9a1dfff5eea87eacccf65d449f42ccaf4df9199243601e36,4e-05,3e-07,5.0,0
reference,0.8830361627322951,0.2,0.175,MP-SPMe,0.0145064334438848,0.0078367344847376,0.0062389320927456,1,voltage_cutoff,2.500000000018854,3318.427055268408,-22.24966054676071,11.124831097094289,11.124829449666422,-11.03277969280986,-11.216880853066504,0.5734996098245941,0.6944004580006259,0.0418453618940265,0.0425466151578627,6.211148439983854e-11,5e83fb6ee1a3d25c9a1dfff5eea87eacccf65d449f42ccaf4df9199243601e36,4e-05,3e-07,5.0,0
reference,0.8830361627322951,0.2,0.2,MP-SPMe,0.016594979574858,0.0088626891911217,0.0071576267227285,1,voltage_cutoff,2.5000000019234823,3319.3231763022045,-22.24965892027273,11.124831097094289,11.12482782317844,-11.02415803545595,-11.225500794764558,0.5735435355779448,0.7160174555383241,0.0417956178802691,0.0426218254405147,2.9088321234638608e-11,5e83fb6ee1a3d25c9a1dfff5eea87eacccf65d449f42ccaf4df9199243601e36,4e-05,3e-07,5.0,0
reference,0.8830361627322951,0.2,0.225,MP-SPMe,0.0186722444072766,0.0099262543388515,0.0079628645592182,1,voltage_cutoff,2.500000000000001,3320.176955195669,-22.249656548425413,11.124831097094289,11.124825451331128,-10.998073454388956,-11.251583094036445,0.5736039238997985,0.7389877806982988,0.0417272307578402,0.04273329809518,4.9882064473761804e-11,5e83fb6ee1a3d25c9a1dfff5eea87eacccf65d449f42ccaf4df9199243601e36,4e-05,3e-07,5.0,0
reference,0.8830361627322951,0.2,0.25,MP-SPMe,0.0209720459166268,0.0111381351416989,0.0089281229324052,2,voltage_cutoff,2.499999997112172,3321.226044992185,-22.249653098820964,11.124831097094289,11.124822001726676,-10.971038625253131,-11.278614473567682,0.5736957316363569,0.7635338942451197,0.0416232624936977,0.0428070316168839,4.913510529246455e-11,5e83fb6ee1a3d25c9a1dfff5eea87eacccf65d449f42ccaf4df9199243601e36,4e-05,3e-07,5.0,0
reference,0.8830361627322951,0.225,0.0,MP-SPMe,1.053297429256908e-10,8.80146584988311e-12,1.8889036732144202e-12,1,voltage_cutoff,2.4999999994728497,3317.8333874572622,-21.60524365230412,10.80262182615206,10.80262182615206,-10.802621826484826,-10.802621825819,0.5565792219952806,0.5565792219951039,0.0410546917786494,0.0410546917780185,3.2568989279495464e-11,5e83fb6ee1a3d25c9a1dfff5eea87eacccf65d449f42ccaf4df9199243601e36,4e-05,3e-07,5.0,0
reference,0.8830361627322951,0.225,0.025,MP-SPMe,0.0050940851558821,0.0016625091013593,0.0012201684155583,2,voltage_cutoff,2.499999999999927,3318.67190790037,-21.605244085822463,10.80262182615206,10.802622259670404,-10.793696644004507,-10.811547441816506,0.5566133743097741,0.570811861832871,0.0410160157687373,0.0410973363631526,3.599254539029584e-11,5e83fb6ee1a3d25c9a1dfff5eea87eacccf65d449f42ccaf4df9199243601e36,4e-05,3e-07,5.0,0
reference,0.8830361627322951,0.225,0.05,MP-SPMe,0.0090188759286962,0.0030478805415668,0.0022820980693874,2,voltage_cutoff,2.500000000156308,3319.4982263173674,-21.60524440752236,10.80262182615206,10.802622581370295,-10.78213610269015,-10.82310829757666,0.5566500193883454,0.5857853996332322,0.0409745168153564,0.0411487902379907,3.447715809790835e-11,5e83fb6ee1a3d25c9a1dfff5eea87eacccf65d449f42ccaf4df9199243601e36,4e-05,3e-07,5.0,0
reference,0.8830361627322951,0.225,0.075,MP-SPMe,0.0105623169594715,0.0040411580073085,0.0031518540100446,2,voltage_cutoff,2.500000003495762,3320.3486683817173,-21.605244594478563,10.80262182615206,10.802622768326504,-10.769461082327553,-10.83578334993124,0.5566924104682315,0.6015692568233293,0.0409265107634181,0.0411992605276574,3.446802364381474e-11,5e83fb6ee1a3d25c9a1dfff5eea87eacccf65d449f42ccaf4df9199243601e36,4e-05,3e-07,5.0,0
reference,0.8830361627322951,0.225,0.1,MP-SPMe,0.0094416863360476,0.0047873352781762,0.003842822906718,1,voltage_cutoff,2.5,3321.281004949497,-21.605244617117307,10.80262182615206,10.802622790965248,-10.752545912892757,-10.852698704224528,0.5567459666258444,0.6182460027529267,0.0408658607446652,0.0412334155088669,3.1348887196991316e-11,5e83fb6ee1a3d25c9a1dfff5eea87eacccf65d449f42ccaf4df9199243601e36,4e-05,3e-07,5.0,0
reference,0.8830361627322951,0.225,0.125,MP-SPMe,0.0119119357387483,0.0056098941734836,0.0044549836020666,1,voltage_cutoff,2.499999997988924,3322.154697829485,-21.60524443657757,10.80262182615206,10.802622610425512,-10.747522917973663,-10.857721518603746,0.5567830150871542,0.6358710750298988,0.0408239049906298,0.0412721589092144,5.433863039374308e-11,5e83fb6ee1a3d25c9a1dfff5eea87eacccf65d449f42ccaf4df9199243601e36,4e-05,3e-07,5.0,0
reference,0.8830361627322951,0.225,0.15,MP-SPMe,0.0144265476080578,0.0066903062929104,0.0051409898597218,1,voltage_cutoff,2.499999999947743,3322.921540180814,-21.605244000680617,10.80262182615206,10.802622174528556,-10.743330193109792,-10.86191380757013,0.5568063211718071,0.6545062837617277,0.0407975118506964,0.0413365384431119,3.2272585565029216e-11,5e83fb6ee1a3d25c9a1dfff5eea87eacccf65d449f42ccaf4df9199243601e36,4e-05,3e-07,5.0,0
reference,0.8830361627322951,0.225,0.175,MP-SPMe,0.0169854484769527,0.007856518938786,0.0060309764675114,1,voltage_cutoff,2.500000000002457,3323.688213869906,-21.60524323755769,10.80262182615206,10.802621411405635,-10.7253565073037,-10.879886730137567,0.5568420863773176,0.6742541231769135,0.0407570093093089,0.0414165913150352,3.8707528847834455e-11,5e83fb6ee1a3d25c9a1dfff5eea87eacccf65d449f42ccaf4df9199243601e36,4e-05,3e-07,5.0,0
reference,0.8830361627322951,0.225,0.2,MP-SPMe,0.0195883122502993,0.0088918547527701,0.0070396895304566,1,voltage_cutoff,2.500000001308964,3324.642603989797,-21.605242045155578,10.80262182615206,10.802620219003517,-10.704125114103084,-10.90111687033292,0.5569040873098589,0.6952787251468296,0.0406867959621647,0.0414581201882009,4.031575202060194e-11,5e83fb6ee1a3d25c9a1dfff5eea87eacccf65d449f42ccaf4df9199243601e36,4e-05,3e-07,5.0,0
reference,0.8830361627322951,0.225,0.225,MP-SPMe,0.0222344995233258,0.0098921553108995,0.0078577575621857,1,voltage_cutoff,2.500000000000001,3325.4695505586487,-21.60524027304032,10.80262182615206,10.80261844688826,-10.695085849048237,-10.910154423992095,0.5569478636835072,0.7176275714771357,0.0406372211162364,0.0415278933543751,4.050216945108386e-11,5e83fb6ee1a3d25c9a1dfff5eea87eacccf65d449f42ccaf4df9199243601e36,4e-05,3e-07,5.0,0
reference,0.8830361627322951,0.225,0.25,MP-SPMe,0.0249229380467102,0.011052112946278,0.0086701123396721,1,voltage_cutoff,2.5000000000000013,3326.246619075263,-21.605237688856747,10.80262182615206,10.802615862704686,-10.673530776938884,-10.931706911917852,0.5570031170439598,0.7414273891451757,0.0405746491022772,0.0416307498696467,4.2331483696402887e-11,5e83fb6ee1a3d25c9a1dfff5eea87eacccf65d449f42ccaf4df9199243601e36,4e-05,3e-07,5.0,0
reference,0.8830361627322951,0.25,0.0,MP-SPMe,2.709888291571588e-11,5.4445563029572986e-12,3.349429104191912e-12,2,voltage_cutoff,2.500000000448168,3325.274127431336,-20.960825955839088,10.480412977919544,10.480412977919544,-10.480412967643565,-10.480412967570166,0.5399444178916655,0.539944417891386,0.0399406105313894,0.0399406105311615,3.301035697305732e-11,5e83fb6ee1a3d25c9a1dfff5eea87eacccf65d449f42ccaf4df9199243601e36,4e-05,3e-07,5.0,0
reference,0.8830361627322951,0.25,0.025,MP-SPMe,0.0050082050470806,0.0016270968592494,0.0011627158036092,2,voltage_cutoff,2.499999999999997,3326.03465864277,-20.960826447698025,10.480412977919544,10.48041346977848,-10.469668711194856,-10.491157736503174,0.5399776614224053,0.5537548793990379,0.0399029636764034,0.0399784464420675,3.271006195836775e-11,5e83fb6ee1a3d25c9a1dfff5eea87eacccf65d449f42ccaf4df9199243601e36,4e-05,3e-07,5.0,0
reference,0.8830361627322951,0.25,0.05,MP-SPMe,0.0088278172864849,0.0029292366979539,0.0021564669936803,2,voltage_cutoff,2.5,3326.827549416677,-20.96082684324694,10.480412977919544,10.480413865327396,-10.459680694959532,-10.5011461482874,0.5400149862855705,0.5682976734856546,0.0398606948972375,0.0400104016439836,3.1239135130176216e-11,5e83fb6ee1a3d25c9a1dfff5eea87eacccf65d449f42ccaf4df9199243601e36,4e-05,3e-07,5.0,0
reference,0.8830361627322951,0.25,0.075,MP-SPMe,0.0104252302054643,0.0038186496487178,0.0029020361092985,2,voltage_cutoff,2.4999999970917086,3327.5296854739613,-20.960827123520207,10.480412977919544,10.480414145600664,-10.452280618108382,-10.508546505411768,0.5400434244482895,0.5836038091881913,0.0398284899102839,0.0400661936027932,3.4673603257233655e-11,5e83fb6ee1a3d25c9a1dfff5eea87eacccf65d449f42ccaf4df9199243601e36,4e-05,3e-07,5.0,0
reference,0.8830361627322951,0.25,0.1,MP-SPMe,0.0107331534133804,0.004502897273478,0.0035078665541892,2,voltage_cutoff,2.4999999998533857,3328.284855464396,-20.96082726432006,10.480412977919544,10.480414286400515,-10.438508288556308,-10.522318975763316,0.5400846988969175,0.5997636143680349,0.0397817483972309,0.0401185930034218,3.1330395611287887e-11,5e83fb6ee1a3d25c9a1dfff5eea87eacccf65d449f42ccaf4df9199243601e36,4e-05,3e-07,5.0,0
reference,0.8830361627322951,0.25,0.125,MP-SPMe,0.0125110405637925,0.0052191895248986,0.0041204613255692,1,voltage_cutoff,2.5000000000002327,3329.1260666627963,-20.96082723426204,10.480412977919544,10.480414256342495,-10.42115267178214,-10.53967456246674,0.5401382011883047,0.6168629548659618,0.0397211593824088,0.0401550212130731,3.588554244639668e-11,5e83fb6ee1a3d25c9a1dfff5eea87eacccf65d449f42ccaf4df9199243601e36,4e-05,3e-07,5.0,0
reference,0.8830361627322951,0.25,0.15,MP-SPMe,0.0152170785196955,0.0061646613219664,0.0048677450009122,1,voltage_cutoff,2.500000000536435,3329.948285450393,-20.96082699184084,10.480412977919544,10.480414013921289,-10.413054662809552,-10.547772304391632,0.5401815160141965,0.6349717290749638,0.0396721072306387,0.0401879935798033,3.274983231539957e-11,5e83fb6ee1a3d25c9a1dfff5eea87eacccf65d449f42ccaf4df9199243601e36,4e-05,3e-07,5.0,0
reference,0.8830361627322951,0.25,0.175,MP-SPMe,0.0179971832219824,0.0073493610903522,0.0055927803313824,1,voltage_cutoff,2.499999999999999,3330.6665544682555,-20.960826480914285,10.480412977919544,10.480413502994743,-10.410660998631617,-10.550165482282669,0.5402073583292497,0.6541577527173412,0.0396428419401157,0.0402398869463791,3.885813647536472e-11,5e83fb6ee1a3d25c9a1dfff5eea87eacccf65d449f42ccaf4df9199243601e36,4e-05,3e-07,5.0,0
reference,0.8830361627322951,0.25,0.2,MP-SPMe,0.0208542423661146,0.0085285422281409,0.0064964440930604,1,voltage_cutoff,2.5000000000000004,3331.277848614925,-20.96082562347783,10.480412977919544,10.480412645558289,-10.3970428709291,-10.563782752548718,0.5402324208244044,0.6744998781880978,0.0396144597264639,0.0403307591533097,5.663529394126145e-11,5e83fb6ee1a3d25c9a1dfff5eea87eacccf65d449f42ccaf4df9199243601e36,4e-05,3e-07,5.0,0
reference,0.8830361627322951,0.25,0.225,MP-SPMe,0.0237912754360912,0.0095355889242977,0.007392062473308,1,voltage_cutoff,2.4999999976844127,3332.1500955622323,-20.96082430758898,10.480412977919544,10.480411329669431,-10.374794219651788,-10.586030087937056,0.5402943181163045,0.6962126597540857,0.0395443637587452,0.040370498456613,3.6273639650282114e-11,5e83fb6ee1a3d25c9a1dfff5eea87eacccf65d449f42ccaf4df9199243601e36,4e-05,3e-07,5.0,0
reference,0.8830361627322951,0.25,0.25,MP-SPMe,0.0268114287621679,0.0105255295311866,0.0080774692495622,1,voltage_cutoff,2.499999999932112,3332.9170013400326,-20.960822366081924,10.480412977919544,10.48040938816238,-10.363231156812722,-10.597591209268712,0.540340785227018,0.7193472558944344,0.0394917417906271,0.0404320694252078,4.159729580001552e-11,5e83fb6ee1a3d25c9a1dfff5eea87eacccf65d449f42ccaf4df9199243601e36,4e-05,3e-07,5.0,0
